This is LuaHBTeX, Version 1.17.0 (TeX Live 2023/Debian)  (format=lualatex 2026.7.26)  5 AUG 2026 20:41
 restricted system commands enabled.
**/home/alaeddine/Documents/Manuels_Nexus/.worktrees/finalisation-collection-v1
/Mathematiques/manuel-maths/build/MANUEL_TEXPERTES/MANUEL_TEXPERTES_professeur.
tex

(/home/alaeddine/Documents/Manuels_Nexus/.worktrees/finalisation-collection-v1/
Mathematiques/manuel-maths/build/MANUEL_TEXPERTES/MANUEL_TEXPERTES_professeur.t
ex
LaTeX2e <2023-11-01> patch level 1
L3 programming layer <2024-01-22>
Lua module: luaotfload 2023-08-31 3.26 Lua based OpenType font support
Lua module: lualibs 2023-07-13 2.76 ConTeXt Lua standard libraries.
Lua module: lualibs-extended 2023-07-13 2.76 ConTeXt Lua libraries -- extended c
ollection.
luaotfload | conf : Root cache directory is "/home/alaeddine/.texlive2023/texmf-
var/luatex-cache/generic/names".
luaotfload | init : Loading fontloader "fontloader-2023-08-19.lua" from kpse-res
olved path "/usr/share/texlive/texmf-dist/tex/luatex/luaotfload/fontloader-2023-
08-19.lua".
Lua-only attribute luaotfload@noligature = 1
luaotfload | init : Context OpenType loader version 3.133
Inserting `luaotfload.node_processor' in `pre_linebreak_filter'.
Inserting `luaotfload.node_processor' in `hpack_filter'.
Inserting `luaotfload.glyph_stream' in `glyph_stream_provider'.
Inserting `luaotfload.define_font' in `define_font'.
Lua-only attribute luaotfload_color_attribute = 2
luaotfload | conf : Root cache directory is "/home/alaeddine/.texlive2023/texmf-
var/luatex-cache/generic/names".
Inserting `luaotfload.harf.strip_prefix' in `find_opentype_file'.
Inserting `luaotfload.harf.strip_prefix' in `find_truetype_file'.
Removing  `luaotfload.glyph_stream' from `glyph_stream_provider'.
Inserting `luaotfload.harf.glyphstream' in `glyph_stream_provider'.
Inserting `luaotfload.harf.finalize_vlist' in `post_linebreak_filter'.
Inserting `luaotfload.harf.finalize_hlist' in `hpack_filter'.
Inserting `luaotfload.cleanup_files' in `wrapup_run'.
Inserting `luaotfload.harf.finalize_unicode' in `finish_pdffile'.
Inserting `luaotfload.glyphinfo' in `glyph_info'.
Lua-only attribute luaotfload.letterspace_done = 3
Inserting `luaotfload.aux.set_sscale_dimens' in `luaotfload.patch_font'.
Inserting `luaotfload.aux.set_font_index' in `luaotfload.patch_font'.
Inserting `luaotfload.aux.patch_cambria_domh' in `luaotfload.patch_font'.
Inserting `luaotfload.aux.fixup_fontdata' in `luaotfload.patch_font_unsafe'.
Inserting `luaotfload.aux.set_capheight' in `luaotfload.patch_font'.
Inserting `luaotfload.aux.set_xheight' in `luaotfload.patch_font'.
Inserting `luaotfload.rewrite_fontname' in `luaotfload.patch_font'.
Inserting `tracingstacklevels' in `input_level_string'. (./gabarits/nexus-manue
l.cls

LaTeX Warning: You have requested document class `gabarits/nexus-manuel',
               but the document class provides `nexus-manuel'.

Document Class: nexus-manuel 2026/07/16 v4.1 Manuel Nexus Reussite - editorial 
premium
(/usr/share/texlive/texmf-dist/tex/latex/koma-script/scrbook.cls
Document Class: scrbook 2023/07/07 v3.41 KOMA-Script document class (book)
(/usr/share/texlive/texmf-dist/tex/latex/koma-script/scrkbase.sty
Package: scrkbase 2023/07/07 v3.41 KOMA-Script package (KOMA-Script-dependent b
asics and keyval usage)

(/usr/share/texlive/texmf-dist/tex/latex/koma-script/scrbase.sty
Package: scrbase 2023/07/07 v3.41 KOMA-Script package (KOMA-Script-independent 
basics and keyval usage)

(/usr/share/texlive/texmf-dist/tex/latex/koma-script/scrlfile.sty
Package: scrlfile 2023/07/07 v3.41 KOMA-Script package (file load hooks)

(/usr/share/texlive/texmf-dist/tex/latex/koma-script/scrlfile-hook.sty
Package: scrlfile-hook 2023/07/07 v3.41 KOMA-Script package (using LaTeX hooks)


(/usr/share/texlive/texmf-dist/tex/latex/koma-script/scrlogo.sty
Package: scrlogo 2023/07/07 v3.41 KOMA-Script package (logo)
)))
(/usr/share/texlive/texmf-dist/tex/latex/graphics/keyval.sty
Package: keyval 2022/05/29 v1.15 key=value parser (DPC)
\KV@toks@=\toks17
)
Applying: [2021/05/01] Usage of raw or classic option list on input line 252.
Already applied: [0000/00/00] Usage of raw or classic option list on input line
 368.
))
(/usr/share/texlive/texmf-dist/tex/latex/koma-script/tocbasic.sty
Package: tocbasic 2023/07/07 v3.41 KOMA-Script package (handling toc-files)
\scr@dte@tocline@numberwidth=\skip48
\scr@dte@tocline@numbox=\box51
)
Package tocbasic Info: omitting babel extension for `toc'
(tocbasic)             because of feature `nobabel' available
(tocbasic)             for `toc' on input line 135.
luaotfload | db : Font names database loaded from /home/alaeddine/.texlive2023/t
exmf-var/luatex-cache/generic/names/luaotfload-names.luc.gz
(/usr/share/texlive/texmf-dist/tex/latex/koma-script/typearea.sty
Package: typearea 2023/07/07 v3.41 KOMA-Script package (type area)
\ta@bcor=\skip49
\ta@div=\count185
\ta@hblk=\skip50
\ta@vblk=\skip51
\ta@temp=\skip52
\footheight=\skip53


Package typearea Warning: DIV for 9.5pt and used papersize
(typearea)                not defined!
(typearea)                Using DIV=calc.

DIV calculation for typearea with good linewidth.
Package typearea Info: These are the values describing the layout:
(typearea)             DIV  = 6
(typearea)             BCOR = 0.0pt
(typearea)             \paperwidth      = 597.50793pt
(typearea)              \textwidth      = 298.75397pt
(typearea)              DIV departure   = 4%
(typearea)              \evensidemargin = 126.89932pt
(typearea)              \oddsidemargin  = 27.31467pt
(typearea)             \paperheight     = 845.04694pt
(typearea)              \textheight     = 431.29865pt
(typearea)              \topmargin      = 37.22127pt
(typearea)              \headheight     = 14.24995pt
(typearea)              \headsep        = 17.09995pt
(typearea)              \topskip        = 9.5pt
(typearea)              \footskip       = 39.89987pt
(typearea)              \baselineskip   = 11.39996pt
(typearea)              on input line 1799.
)
\c@part=\count186
\c@chapter=\count187
\c@section=\count188
\c@subsection=\count189
\c@subsubsection=\count190
\c@paragraph=\count191
\c@subparagraph=\count192
\scr@dte@chapter@maxnumwidth=\skip54
Class scrbook Info: using compatibility default `afterindent=bysign'
(scrbook)           for `\chapter on input line 5990.
\scr@dte@section@maxnumwidth=\skip55
Class scrbook Info: using compatibility default `runin=bysign'
(scrbook)           for `\section on input line 6001.
Class scrbook Info: using compatibility default `afterindent=bysign'
(scrbook)           for `\section on input line 6001.
\scr@dte@part@maxnumwidth=\skip56
Class scrbook Info: using compatibility default `afterindent=true'
(scrbook)           for `\part on input line 6010.
\scr@dte@subsection@maxnumwidth=\skip57
Class scrbook Info: using compatibility default `runin=bysign'
(scrbook)           for `\subsection on input line 6020.
Class scrbook Info: using compatibility default `afterindent=bysign'
(scrbook)           for `\subsection on input line 6020.
\scr@dte@subsubsection@maxnumwidth=\skip58
Class scrbook Info: using compatibility default `runin=bysign'
(scrbook)           for `\subsubsection on input line 6030.
Class scrbook Info: using compatibility default `afterindent=bysign'
(scrbook)           for `\subsubsection on input line 6030.
\scr@dte@paragraph@maxnumwidth=\skip59
Class scrbook Info: using compatibility default `runin=bysign'
(scrbook)           for `\paragraph on input line 6041.
Class scrbook Info: using compatibility default `afterindent=bysign'
(scrbook)           for `\paragraph on input line 6041.
\scr@dte@subparagraph@maxnumwidth=\skip60
Class scrbook Info: using compatibility default `runin=bysign'
(scrbook)           for `\subparagraph on input line 6051.
Class scrbook Info: using compatibility default `afterindent=bysign'
(scrbook)           for `\subparagraph on input line 6051.
\abovecaptionskip=\skip61
\belowcaptionskip=\skip62
\c@pti@nb@sid@b@x=\box52
Package tocbasic Info: omitting babel extension for `lof'
(tocbasic)             because of feature `nobabel' available
(tocbasic)             for `lof' on input line 7242.
\scr@dte@figure@maxnumwidth=\skip63
\c@figure=\count193
Package tocbasic Info: omitting babel extension for `lot'
(tocbasic)             because of feature `nobabel' available
(tocbasic)             for `lot' on input line 7259.
\scr@dte@table@maxnumwidth=\skip64
\c@table=\count194
Class scrbook Info: Redefining `\numberline' on input line 7430.
\bibindent=\dimen139
) (/usr/share/texlive/texmf-dist/tex/generic/iftex/iftex.sty
Package: iftex 2022/02/03 v1.0f TeX engine tests
)
(/usr/share/texlive/texmf-dist/tex/generic/babel/babel.sty
Package: babel 2024/01/07 v24.1 The Babel package

(/usr/share/texlive/texmf-dist/tex/generic/babel/luababel.def
\bbl@readstream=\read2
\l@dumylang=\language2
Package babel Info: Non-standard hyphenation setup on input line 118.
\l@nohyphenation=\language3
\l@vietnamese=\language4
\l@hebrew=\language5
\l@estonian=\language6
\l@tamil=\language7
\l@nynorsk=\language8
\l@marathi=\language9
\l@galician=\language10
\l@oriya=\language11
\l@icelandic=\language12
\l@afrikaans=\language13
\l@farsi=\language14
\l@russian=\language15
\l@slovak=\language16
\l@mongolianlmc=\language17
\l@german=\language18
\l@assamese=\language19
\l@italian=\language20
\l@friulan=\language21
\l@macedonian=\language22
\l@turkmen=\language23
\l@romansh=\language24
\l@telugu=\language25
\l@ngerman-x-2023-03-06=\language26
\l@belarusian=\language27
\l@kurmanji=\language28
\l@sanskrit=\language29
\l@classiclatin=\language30
\l@romanian=\language31
\l@arabic=\language32
\l@coptic=\language33
\l@panjabi=\language34
\l@greek=\language35
\l@dutch=\language36
\l@swedish=\language37
\l@usenglishmax=\language38
\l@irish=\language39
\l@gujarati=\language40
\l@spanish=\language41
\l@indonesian=\language42
\l@finnish=\language43
\l@esperanto=\language44
\l@hungarian=\language45
\l@welsh=\language46
\l@serbianc=\language47
\l@german-x-2023-03-06=\language48
\l@swissgerman=\language49
\l@czech=\language50
\l@ancientgreek=\language51
\l@monogreek=\language52
\l@georgian=\language53
\l@polish=\language54
\l@bengali=\language55
\l@pinyin=\language56
\l@malayalam=\language57
\l@french=\language58
\l@catalan=\language59
\l@kannada=\language60
\l@ukrainian=\language61
\l@piedmontese=\language62
\l@bokmal=\language63
\l@armenian=\language64
\l@slovenian=\language65
\l@hindi=\language66
\l@croatian=\language67
\l@mongolian=\language68
\l@ethiopic=\language69
\l@latvian=\language70
\l@serbian=\language71
\l@turkish=\language72
\l@occitan=\language73
\l@uppersorbian=\language74
\l@latin=\language75
\l@ukenglish=\language76
\l@danish=\language77
\l@churchslavonic=\language78
\l@ngerman=\language79
\l@interlingua=\language80
\l@ibycus=\language81
\l@bulgarian=\language82
\l@schoolfinnish=\language83
\l@portuguese=\language84
\l@pali=\language85
\l@basque=\language86
\l@lithuanian=\language87
\l@liturgicallatin=\language88
\l@thai=\language89
\babelcatcodetablenum=\catcodetable14
\bbl@pattcodes=\catcodetable15
)
\babel@savecnt=\count195
\U@D=\dimen140
\l@unhyphenated=\language90

(/usr/share/texlive/texmf-dist/tex/generic/babel/luababel.def
\bbl@attr@locale=\attribute4
)
(/usr/share/texlive/texmf-dist/tex/generic/babel-french/french.ldf
Language: french 2023-12-19 v3.5r French support from the babel system
Package babel Info: Hyphen rules for 'acadian' set to \l@french
(babel)             (\language58). Reported on input line 91.
Package babel Info: Hyphen rules for 'canadien' set to \l@french
(babel)             (\language58). Reported on input line 92.
\FB@stdchar=\count196
\FB@spacing=\attribute5
\FB@addDPspace=\attribute6
\FB@addGUILspace=\attribute7
\FB@ucsNBSP=\attribute8
\FB@dialect=\attribute9
Package french.ldf Info: No need for active punctuation characters
(french.ldf)             with this version of LuaTeX!
(french.ldf)             reported on input line 250.
\FBguill@level=\count197
\FBold@everypar=\toks18
\FB@Mht=\dimen141
\mc@charclass=\count198
\mc@charfam=\count199
\mc@charslot=\count266
\std@mcc=\count267
\dec@mcc=\count268
Inserting `frenchb.french_punctuation' in `kerning'.
\FB@parskip=\dimen142
\listindentFB=\dimen143
\descindentFB=\dimen144
\labelindentFB=\dimen145
\labelwidthFB=\dimen146
\leftmarginFB=\dimen147
\parindentFFN=\dimen148
\FBfnindent=\dimen149

(/usr/share/texlive/texmf-dist/tex/generic/hyph-utf8/loadhyph/loadhyph-fr.tex
UTF-8 French hyphenation patterns
(/usr/share/texlive/texmf-dist/tex/generic/hyph-utf8/patterns/tex/hyph-fr.tex)
(/usr/share/texlive/texmf-dist/tex/generic/hyph-utf8/patterns/quote/hyph-quote-
fr.tex))))
(/usr/share/texlive/texmf-dist/tex/generic/babel/locale/fr/babel-french.tex
Package babel Info: Importing font and identification data for french
(babel)             from babel-fr.ini. Reported on input line 11.
)
(/usr/share/texlive/texmf-dist/tex/latex/carlisle/scalefnt.sty)
(/usr/share/texlive/texmf-dist/tex/latex/csquotes/csquotes.sty
Package: csquotes 2022-09-14 v5.2n context-sensitive quotations (JAW)

(/usr/share/texlive/texmf-dist/tex/latex/etoolbox/etoolbox.sty
Package: etoolbox 2020/10/05 v2.5k e-TeX tools for LaTeX (JAW)
\etb@tempcnta=\count269
)
\csq@reset=\count270
\csq@gtype=\count271
\csq@glevel=\count272
\csq@qlevel=\count273
\csq@maxlvl=\count274
\csq@tshold=\count275
\csq@ltx@everypar=\toks19

(/usr/share/texlive/texmf-dist/tex/latex/csquotes/csquotes.def
File: csquotes.def 2022-09-14 v5.2n csquotes generic definitions (JAW)
)
Package csquotes Info: Trying to load configuration file 'csquotes.cfg'...
Package csquotes Info: ... configuration file loaded successfully.

(/usr/share/texlive/texmf-dist/tex/latex/csquotes/csquotes.cfg
File: csquotes.cfg 
))
(/usr/share/texlive/texmf-dist/tex/latex/amsmath/amsmath.sty
Package: amsmath 2023/05/13 v2.17o AMS math features
\@mathmargin=\skip65

For additional information on amsmath, use the `?' option.
(/usr/share/texlive/texmf-dist/tex/latex/amsmath/amstext.sty
Package: amstext 2021/08/26 v2.01 AMS text

(/usr/share/texlive/texmf-dist/tex/latex/amsmath/amsgen.sty
File: amsgen.sty 1999/11/30 v2.0 generic functions
\@emptytoks=\toks20
\ex@=\dimen150
))
(/usr/share/texlive/texmf-dist/tex/latex/amsmath/amsbsy.sty
Package: amsbsy 1999/11/29 v1.2d Bold Symbols
\pmbraise@=\dimen151
)
(/usr/share/texlive/texmf-dist/tex/latex/amsmath/amsopn.sty
Package: amsopn 2022/04/08 v2.04 operator names
)
\inf@bad=\count276
LaTeX Info: Redefining \frac on input line 236.
\uproot@=\count277
\leftroot@=\count278
LaTeX Info: Redefining \overline on input line 399.
LaTeX Info: Redefining \colon on input line 410.
\classnum@=\count279
\DOTSCASE@=\count280
LaTeX Info: Redefining \ldots on input line 496.
LaTeX Info: Redefining \dots on input line 499.
LaTeX Info: Redefining \cdots on input line 620.
\Mathstrutbox@=\box53
\strutbox@=\box54
LaTeX Info: Redefining \big on input line 722.
LaTeX Info: Redefining \Big on input line 723.
LaTeX Info: Redefining \bigg on input line 724.
LaTeX Info: Redefining \Bigg on input line 725.
\big@size=\dimen152
LaTeX Font Info:    Redeclaring font encoding OML on input line 743.
LaTeX Font Info:    Redeclaring font encoding OMS on input line 744.
\macc@depth=\count281
LaTeX Info: Redefining \bmod on input line 905.
LaTeX Info: Redefining \pmod on input line 910.
LaTeX Info: Redefining \smash on input line 940.
LaTeX Info: Redefining \relbar on input line 970.
LaTeX Info: Redefining \Relbar on input line 971.
\c@MaxMatrixCols=\count282
\dotsspace@=\muskip16
\c@parentequation=\count283
\dspbrk@lvl=\count284
\tag@help=\toks21
\row@=\count285
\column@=\count286
\maxfields@=\count287
\andhelp@=\toks22
\eqnshift@=\dimen153
\alignsep@=\dimen154
\tagshift@=\dimen155
\tagwidth@=\dimen156
\totwidth@=\dimen157
\lineht@=\dimen158
\@envbody=\toks23
\multlinegap=\skip66
\multlinetaggap=\skip67
\mathdisplay@stack=\toks24
LaTeX Info: Redefining \[ on input line 2953.
LaTeX Info: Redefining \] on input line 2954.
)
(/usr/share/texlive/texmf-dist/tex/latex/amscls/amsthm.sty
Package: amsthm 2020/05/29 v2.20.6
\thm@style=\toks25
\thm@bodyfont=\toks26
\thm@headfont=\toks27
\thm@notefont=\toks28
\thm@headpunct=\toks29
\thm@preskip=\skip68
\thm@postskip=\skip69
\thm@headsep=\skip70
\dth@everypar=\toks30
)
(/usr/share/texlive/texmf-dist/tex/latex/xpatch/xpatch.sty
(/usr/share/texlive/texmf-dist/tex/latex/l3kernel/expl3.sty
Package: expl3 2024-01-22 L3 programming layer (loader) 

(/usr/share/texlive/texmf-dist/tex/latex/l3backend/l3backend-luatex.def
File: l3backend-luatex.def 2024-01-04 L3 backend support: PDF output (LuaTeX)
\l__color_backend_stack_int=\count288
Inserting `l3color' in `luaotfload.parse_color'.
\l__pdf_internal_box=\box55
))
Package: xpatch 2020/03/25 v0.3a Extending etoolbox patching commands

(/usr/share/texlive/texmf-dist/tex/latex/l3packages/xparse/xparse.sty
Package: xparse 2023-10-10 L3 Experimental document command parser
))
Class scrbook Info: amsthm's \deferred@thm@head patched.

(/usr/share/texlive/texmf-dist/tex/latex/amsfonts/amssymb.sty
Package: amssymb 2013/01/14 v3.01 AMS font symbols

(/usr/share/texlive/texmf-dist/tex/latex/amsfonts/amsfonts.sty
Package: amsfonts 2013/01/14 v3.01 Basic AMSFonts support
\symAMSa=\mathgroup4
\symAMSb=\mathgroup5
LaTeX Font Info:    Redeclaring math symbol \hbar on input line 98.
LaTeX Font Info:    Overwriting math alphabet `\mathfrak' in version `bold'
(Font)                  U/euf/m/n --> U/euf/b/n on input line 106.
))
(/usr/share/texlive/texmf-dist/tex/latex/fontspec/fontspec.sty
Package: fontspec 2022/01/15 v2.8a Font selection for XeLaTeX and LuaLaTeX
Lua module: fontspec 2022/01/15 2.8a Font selection for XeLaTeX and LuaLaTeX
(/usr/share/texlive/texmf-dist/tex/latex/fontspec/fontspec-luatex.sty
Package: fontspec-luatex 2022/01/15 v2.8a Font selection for XeLaTeX and LuaLaT
eX
\l__fontspec_script_int=\count289
\l__fontspec_language_int=\count290
\l__fontspec_strnum_int=\count291
\l__fontspec_tmp_int=\count292
\l__fontspec_tmpa_int=\count293
\l__fontspec_tmpb_int=\count294
\l__fontspec_tmpc_int=\count295
\l__fontspec_em_int=\count296
\l__fontspec_emdef_int=\count297
\l__fontspec_strong_int=\count298
\l__fontspec_strongdef_int=\count299
\l__fontspec_tmpa_dim=\dimen159
\l__fontspec_tmpb_dim=\dimen160
\l__fontspec_tmpc_dim=\dimen161

(/usr/share/texlive/texmf-dist/tex/latex/base/fontenc.sty
Package: fontenc 2021/04/29 v2.0v Standard LaTeX package
)
(/usr/share/texlive/texmf-dist/tex/latex/fontspec/fontspec.cfg)))
(/usr/share/texlive/texmf-dist/tex/latex/unicode-math/unicode-math.sty
Package: unicode-math 2023/08/13 v0.8r Unicode maths in XeLaTeX and LuaLaTeX

(/usr/share/texlive/texmf-dist/tex/latex/unicode-math/unicode-math-luatex.sty
Package: unicode-math-luatex 2023/08/13 v0.8r Unicode maths in XeLaTeX and LuaL
aTeX

(/usr/share/texlive/texmf-dist/tex/latex/l3packages/l3keys2e/l3keys2e.sty
Package: l3keys2e 2023-10-10 LaTeX2e option processing using LaTeX3 keys
)
(/usr/share/texlive/texmf-dist/tex/latex/base/fix-cm.sty
Package: fix-cm 2020/11/24 v1.1t fixes to LaTeX

(/usr/share/texlive/texmf-dist/tex/latex/base/ts1enc.def
File: ts1enc.def 2001/06/05 v3.0e (jk/car/fm) Standard LaTeX file
LaTeX Font Info:    Redeclaring font encoding TS1 on input line 47.
))
(/usr/share/texlive/texmf-dist/tex/lualatex/lualatex-math/lualatex-math.sty
Package: lualatex-math 2022/01/01 v1.12 Patches for mathematics typesetting wit
h LuaLaTeX
Lua module: lualatex-math 2013/08/03 1.3 Patches for mathematics typesetting wit
h LuaLaTeX)
\g__um_fam_int=\count300
\g__um_fonts_used_int=\count301
\l__um_primecount_int=\count302
\g__um_primekern_muskip=\muskip17

(/usr/share/texlive/texmf-dist/tex/latex/unicode-math/unicode-math-table.tex)))
luaotfload | cache : Lookup cache loaded from /home/alaeddine/.texlive2023/texmf
-var/luatex-cache/generic/names/luaotfload-lookup-cache.luc.

Package fontspec Info: Font family 'TeXGyrePagella(0)' created for font 'TeX
(fontspec)             Gyre Pagella' with options
(fontspec)             [Ligatures=TeX,Ligatures=TeX].
(fontspec)              
(fontspec)              This font family consists of the following NFSS
(fontspec)             series/shapes:
(fontspec)              
(fontspec)             - 'normal' (m/n) with NFSS spec.:
(fontspec)             <->"TeXGyrePagella:mode=node;script=latn;language=dflt;+
tlig;"
(fontspec)             - 'small caps'  (m/sc) with NFSS spec.:
(fontspec)             <->"TeXGyrePagella:mode=node;script=latn;language=dflt;+
tlig;+smcp;"
(fontspec)             - 'bold' (b/n) with NFSS spec.:
(fontspec)             <->"TeXGyrePagella/B:mode=node;script=latn;language=dflt
;+tlig;"
(fontspec)             - 'bold small caps'  (b/sc) with NFSS spec.:
(fontspec)             <->"TeXGyrePagella/B:mode=node;script=latn;language=dflt
;+tlig;+smcp;"
(fontspec)             - 'italic' (m/it) with NFSS spec.:
(fontspec)             <->"TeXGyrePagella/I:mode=node;script=latn;language=dflt
;+tlig;"
(fontspec)             - 'italic small caps'  (m/scit) with NFSS spec.:
(fontspec)             <->"TeXGyrePagella/I:mode=node;script=latn;language=dflt
;+tlig;+smcp;"
(fontspec)             - 'bold italic' (b/it) with NFSS spec.:
(fontspec)             <->"TeXGyrePagella/BI:mode=node;script=latn;language=dfl
t;+tlig;"
(fontspec)             - 'bold italic small caps'  (b/scit) with NFSS spec.:
(fontspec)             <->"TeXGyrePagella/BI:mode=node;script=latn;language=dfl
t;+tlig;+smcp;"


Package fontspec Info: Font family 'TeXGyrePagella(1)' created for font 'TeX
(fontspec)             Gyre Pagella' with options
(fontspec)             [Ligatures=TeX,Renderer=Basic].
(fontspec)              
(fontspec)              This font family consists of the following NFSS
(fontspec)             series/shapes:
(fontspec)              
(fontspec)             - 'normal' (m/n) with NFSS spec.:
(fontspec)             <->"TeXGyrePagella:mode=base;script=latn;language=dflt;+
tlig;"
(fontspec)             - 'small caps'  (m/sc) with NFSS spec.:
(fontspec)             <->"TeXGyrePagella:mode=base;script=latn;language=dflt;+
tlig;+smcp;"
(fontspec)             - 'bold' (b/n) with NFSS spec.:
(fontspec)             <->"TeXGyrePagella/B:mode=base;script=latn;language=dflt
;+tlig;"
(fontspec)             - 'bold small caps'  (b/sc) with NFSS spec.:
(fontspec)             <->"TeXGyrePagella/B:mode=base;script=latn;language=dflt
;+tlig;+smcp;"
(fontspec)             - 'italic' (m/it) with NFSS spec.:
(fontspec)             <->"TeXGyrePagella/I:mode=base;script=latn;language=dflt
;+tlig;"
(fontspec)             - 'italic small caps'  (m/scit) with NFSS spec.:
(fontspec)             <->"TeXGyrePagella/I:mode=base;script=latn;language=dflt
;+tlig;+smcp;"
(fontspec)             - 'bold italic' (b/it) with NFSS spec.:
(fontspec)             <->"TeXGyrePagella/BI:mode=base;script=latn;language=dfl
t;+tlig;"
(fontspec)             - 'bold italic small caps'  (b/scit) with NFSS spec.:
(fontspec)             <->"TeXGyrePagella/BI:mode=base;script=latn;language=dfl
t;+tlig;+smcp;"

LaTeX Font Info:    Overwriting math alphabet `\mathrm' in version `normal'
(Font)                  OT1/cmr/m/n --> TU/TeXGyrePagella(1)/m/n on input line 
59.
LaTeX Font Info:    Overwriting math alphabet `\mathit' in version `normal'
(Font)                  OT1/cmr/m/it --> TU/TeXGyrePagella(1)/m/it on input lin
e 59.
LaTeX Font Info:    Overwriting math alphabet `\mathbf' in version `normal'
(Font)                  OT1/cmr/bx/n --> TU/TeXGyrePagella(1)/b/n on input line
 59.
LaTeX Font Info:    Calculating math sizes for size <9.5> on input line 62.

Package fontspec Info: Could not resolve font "TeXGyrePagellaMath/B" (it
(fontspec)             probably doesn't exist).


Package fontspec Info: Font family 'TeXGyrePagellaMath(0)' created for font
(fontspec)             'TeX Gyre Pagella Math' with options
(fontspec)             [Ligatures=TeX,Renderer=Basic,BoldItalicFont={},ItalicFo
nt={},SmallCapsFont={},Script=Math,RawFeature={mathfontdimen=xetex}].
(fontspec)              
(fontspec)              This font family consists of the following NFSS
(fontspec)             series/shapes:
(fontspec)              
(fontspec)             - 'normal' (m/n) with NFSS spec.:
(fontspec)             <->"TeXGyrePagellaMath:mode=base;script=math;language=df
lt;+tlig;mathfontdimen=xetex;"
(fontspec)             - 'small caps'  (m/sc) with NFSS spec.: 


Package fontspec Info: Could not resolve font "TeXGyrePagellaMath/B" (it
(fontspec)             probably doesn't exist).


Package fontspec Info: Font family 'TeXGyrePagellaMath(1)' created for font
(fontspec)             'TeX Gyre Pagella Math' with options
(fontspec)             [Ligatures=TeX,Renderer=Basic,BoldItalicFont={},ItalicFo
nt={},SmallCapsFont={},Script=Math,SizeFeatures={{Size=8.265-},{Size=6.1275-8.2
65,Font=TeX
(fontspec)             Gyre Pagella
(fontspec)             Math,Style=MathScript},{Size=-6.1275,Font=TeX Gyre
(fontspec)             Pagella
(fontspec)             Math,Style=MathScriptScript}},RawFeature={mathfontdimen=
xetex}].
(fontspec)              
(fontspec)              This font family consists of the following NFSS
(fontspec)             series/shapes:
(fontspec)              
(fontspec)             - 'normal' (m/n) with NFSS spec.:
(fontspec)             <8.265->"TeXGyrePagellaMath:mode=base;script=math;langua
ge=dflt;+tlig;mathfontdimen=xetex;"<6.1275-8.265>"TeXGyrePagellaMath:mode=base;
script=math;language=dflt;+tlig;mathfontdimen=xetex;+ssty=0;"<-6.1275>"TeXGyreP
agellaMath:mode=base;script=math;language=dflt;+tlig;mathfontdimen=xetex;+ssty=
1;"
(fontspec)             - 'small caps'  (m/sc) with NFSS spec.: 

LaTeX Font Info:    Encoding `OT1' has changed to `TU' for symbol font
(Font)              `operators' in the math version `normal' on input line 62.
LaTeX Font Info:    Overwriting symbol font `operators' in version `normal'
(Font)                  OT1/cmr/m/n --> TU/TeXGyrePagellaMath(1)/m/n on input l
ine 62.
LaTeX Font Info:    Encoding `OT1' has changed to `TU' for symbol font
(Font)              `operators' in the math version `bold' on input line 62.
LaTeX Font Info:    Overwriting symbol font `operators' in version `bold'
(Font)                  OT1/cmr/bx/n --> TU/TeXGyrePagellaMath(1)/b/n on input 
line 62.

Package fontspec Info: Could not resolve font "TeXGyrePagellaMath/B" (it
(fontspec)             probably doesn't exist).


Package fontspec Info: Font family 'TeXGyrePagellaMath(2)' created for font
(fontspec)             'TeX Gyre Pagella Math' with options
(fontspec)             [Ligatures=TeX,Renderer=Basic,BoldItalicFont={},ItalicFo
nt={},SmallCapsFont={},Script=Math,SizeFeatures={{Size=8.265-},{Size=6.1275-8.2
65,Font=TeX
(fontspec)             Gyre Pagella
(fontspec)             Math,Style=MathScript},{Size=-6.1275,Font=TeX Gyre
(fontspec)             Pagella
(fontspec)             Math,Style=MathScriptScript}},RawFeature={mathfontdimen=
xetex},RawFeature={mathfontdimen=tex2}].
(fontspec)              
(fontspec)              This font family consists of the following NFSS
(fontspec)             series/shapes:
(fontspec)              
(fontspec)             - 'normal' (m/n) with NFSS spec.:
(fontspec)             <8.265->"TeXGyrePagellaMath:mode=base;script=math;langua
ge=dflt;+tlig;mathfontdimen=xetex;mathfontdimen=tex2;"<6.1275-8.265>"TeXGyrePag
ellaMath:mode=base;script=math;language=dflt;+tlig;mathfontdimen=xetex;mathfont
dimen=tex2;+ssty=0;"<-6.1275>"TeXGyrePagellaMath:mode=base;script=math;language
=dflt;+tlig;mathfontdimen=xetex;mathfontdimen=tex2;+ssty=1;"
(fontspec)             - 'small caps'  (m/sc) with NFSS spec.: 

LaTeX Font Info:    Encoding `OMS' has changed to `TU' for symbol font
(Font)              `symbols' in the math version `normal' on input line 62.
LaTeX Font Info:    Overwriting symbol font `symbols' in version `normal'
(Font)                  OMS/cmsy/m/n --> TU/TeXGyrePagellaMath(2)/m/n on input 
line 62.
LaTeX Font Info:    Encoding `OMS' has changed to `TU' for symbol font
(Font)              `symbols' in the math version `bold' on input line 62.
LaTeX Font Info:    Overwriting symbol font `symbols' in version `bold'
(Font)                  OMS/cmsy/b/n --> TU/TeXGyrePagellaMath(2)/b/n on input 
line 62.

Package fontspec Info: Could not resolve font "TeXGyrePagellaMath/B" (it
(fontspec)             probably doesn't exist).


Package fontspec Info: Font family 'TeXGyrePagellaMath(3)' created for font
(fontspec)             'TeX Gyre Pagella Math' with options
(fontspec)             [Ligatures=TeX,Renderer=Basic,BoldItalicFont={},ItalicFo
nt={},SmallCapsFont={},Script=Math,SizeFeatures={{Size=8.265-},{Size=6.1275-8.2
65,Font=TeX
(fontspec)             Gyre Pagella
(fontspec)             Math,Style=MathScript},{Size=-6.1275,Font=TeX Gyre
(fontspec)             Pagella
(fontspec)             Math,Style=MathScriptScript}},RawFeature={mathfontdimen=
xetex},RawFeature={mathfontdimen=tex3}].
(fontspec)              
(fontspec)              This font family consists of the following NFSS
(fontspec)             series/shapes:
(fontspec)              
(fontspec)             - 'normal' (m/n) with NFSS spec.:
(fontspec)             <8.265->"TeXGyrePagellaMath:mode=base;script=math;langua
ge=dflt;+tlig;mathfontdimen=xetex;mathfontdimen=tex3;"<6.1275-8.265>"TeXGyrePag
ellaMath:mode=base;script=math;language=dflt;+tlig;mathfontdimen=xetex;mathfont
dimen=tex3;+ssty=0;"<-6.1275>"TeXGyrePagellaMath:mode=base;script=math;language
=dflt;+tlig;mathfontdimen=xetex;mathfontdimen=tex3;+ssty=1;"
(fontspec)             - 'small caps'  (m/sc) with NFSS spec.: 

LaTeX Font Info:    Encoding `OMX' has changed to `TU' for symbol font
(Font)              `largesymbols' in the math version `normal' on input line 6
2.
LaTeX Font Info:    Overwriting symbol font `largesymbols' in version `normal'
(Font)                  OMX/cmex/m/n --> TU/TeXGyrePagellaMath(3)/m/n on input 
line 62.
LaTeX Font Info:    Encoding `OMX' has changed to `TU' for symbol font
(Font)              `largesymbols' in the math version `bold' on input line 62.

LaTeX Font Info:    Overwriting symbol font `largesymbols' in version `bold'
(Font)                  OMX/cmex/m/n --> TU/TeXGyrePagellaMath(3)/b/n on input 
line 62.
LaTeX Font Info:    Trying to load font information for U+msa on input line 62.

(/usr/share/texlive/texmf-dist/tex/latex/amsfonts/umsa.fd
File: umsa.fd 2013/01/14 v3.01 AMS symbols A
)
LaTeX Font Info:    Trying to load font information for U+msb on input line 62.


(/usr/share/texlive/texmf-dist/tex/latex/amsfonts/umsb.fd
File: umsb.fd 2013/01/14 v3.01 AMS symbols B
)

Package fontspec Info: Font family 'TeXGyreHeros(0)' created for font 'TeX
(fontspec)             Gyre Heros' with options
(fontspec)             [Ligatures=TeX,Ligatures=TeX,Scale=0.94].
(fontspec)              
(fontspec)              This font family consists of the following NFSS
(fontspec)             series/shapes:
(fontspec)              
(fontspec)             - 'normal' (m/n) with NFSS spec.:
(fontspec)             <->s*[0.94]"TeXGyreHeros:mode=node;script=latn;language=
dflt;+tlig;"
(fontspec)             - 'small caps'  (m/sc) with NFSS spec.:
(fontspec)             <->s*[0.94]"TeXGyreHeros:mode=node;script=latn;language=
dflt;+tlig;+smcp;"
(fontspec)             - 'bold' (b/n) with NFSS spec.:
(fontspec)             <->s*[0.94]"TeXGyreHeros/B:mode=node;script=latn;languag
e=dflt;+tlig;"
(fontspec)             - 'bold small caps'  (b/sc) with NFSS spec.:
(fontspec)             <->s*[0.94]"TeXGyreHeros/B:mode=node;script=latn;languag
e=dflt;+tlig;+smcp;"
(fontspec)             - 'italic' (m/it) with NFSS spec.:
(fontspec)             <->s*[0.94]"TeXGyreHeros/I:mode=node;script=latn;languag
e=dflt;+tlig;"
(fontspec)             - 'italic small caps'  (m/scit) with NFSS spec.:
(fontspec)             <->s*[0.94]"TeXGyreHeros/I:mode=node;script=latn;languag
e=dflt;+tlig;+smcp;"
(fontspec)             - 'bold italic' (b/it) with NFSS spec.:
(fontspec)             <->s*[0.94]"TeXGyreHeros/BI:mode=node;script=latn;langua
ge=dflt;+tlig;"
(fontspec)             - 'bold italic small caps'  (b/scit) with NFSS spec.:
(fontspec)             <->s*[0.94]"TeXGyreHeros/BI:mode=node;script=latn;langua
ge=dflt;+tlig;+smcp;"


Package fontspec Info: Font family 'TeXGyreHeros(1)' created for font 'TeX
(fontspec)             Gyre Heros' with options
(fontspec)             [Ligatures=TeX,Renderer=Basic,Scale=0.94].
(fontspec)              
(fontspec)              This font family consists of the following NFSS
(fontspec)             series/shapes:
(fontspec)              
(fontspec)             - 'normal' (m/n) with NFSS spec.:
(fontspec)             <->s*[0.94]"TeXGyreHeros:mode=base;script=latn;language=
dflt;+tlig;"
(fontspec)             - 'small caps'  (m/sc) with NFSS spec.:
(fontspec)             <->s*[0.94]"TeXGyreHeros:mode=base;script=latn;language=
dflt;+tlig;+smcp;"
(fontspec)             - 'bold' (b/n) with NFSS spec.:
(fontspec)             <->s*[0.94]"TeXGyreHeros/B:mode=base;script=latn;languag
e=dflt;+tlig;"
(fontspec)             - 'bold small caps'  (b/sc) with NFSS spec.:
(fontspec)             <->s*[0.94]"TeXGyreHeros/B:mode=base;script=latn;languag
e=dflt;+tlig;+smcp;"
(fontspec)             - 'italic' (m/it) with NFSS spec.:
(fontspec)             <->s*[0.94]"TeXGyreHeros/I:mode=base;script=latn;languag
e=dflt;+tlig;"
(fontspec)             - 'italic small caps'  (m/scit) with NFSS spec.:
(fontspec)             <->s*[0.94]"TeXGyreHeros/I:mode=base;script=latn;languag
e=dflt;+tlig;+smcp;"
(fontspec)             - 'bold italic' (b/it) with NFSS spec.:
(fontspec)             <->s*[0.94]"TeXGyreHeros/BI:mode=base;script=latn;langua
ge=dflt;+tlig;"
(fontspec)             - 'bold italic small caps'  (b/scit) with NFSS spec.:
(fontspec)             <->s*[0.94]"TeXGyreHeros/BI:mode=base;script=latn;langua
ge=dflt;+tlig;+smcp;"

LaTeX Font Info:    Overwriting math alphabet `\mathsf' in version `normal'
(Font)                  OT1/cmss/m/n --> TU/TeXGyreHeros(1)/m/n on input line 6
4.
LaTeX Font Info:    Overwriting math alphabet `\mathsf' in version `bold'
(Font)                  OT1/cmss/bx/n --> TU/TeXGyreHeros(1)/b/n on input line 
64.
luaotfload | aux : font no 86 (nil) does not define feature smcp for script latn
 with language dflt
luaotfload | aux : font no 87 (nil) does not define feature smcp for script latn
 with language dflt
luaotfload | aux : font no 88 (nil) does not define feature smcp for script latn
 with language dflt
luaotfload | aux : font no 89 (nil) does not define feature smcp for script latn
 with language dflt

Package fontspec Info: Font family 'JetBrainsMono(0)' created for font
(fontspec)             'JetBrains Mono' with options
(fontspec)             [Ligatures=TeX,WordSpace={1,0,0},HyphenChar=None,Punctua
tionSpace=WordSpace,Scale=0.89].
(fontspec)              
(fontspec)              This font family consists of the following NFSS
(fontspec)             series/shapes:
(fontspec)              
(fontspec)             - 'normal' (m/n) with NFSS spec.:
(fontspec)             <->s*[0.89]"JetBrainsMono:mode=node;script=latn;language
=dflt;+tlig;"
(fontspec)             - 'small caps'  (m/sc) with NFSS spec.: 
(fontspec)             and font adjustment code:
(fontspec)             \fontdimen 2\font =1\fontdimen 2\font \fontdimen 3\font
(fontspec)             =0\fontdimen 3\font \fontdimen 4\font =0\fontdimen
(fontspec)             4\font \fontdimen 7\font =0\fontdimen 2\font
(fontspec)             \tex_hyphenchar:D \font =-1\scan_stop: 
(fontspec)             - 'bold' (b/n) with NFSS spec.:
(fontspec)             <->s*[0.89]"JetBrainsMono/B:mode=node;script=latn;langua
ge=dflt;+tlig;"
(fontspec)             - 'bold small caps'  (b/sc) with NFSS spec.: 
(fontspec)             and font adjustment code:
(fontspec)             \fontdimen 2\font =1\fontdimen 2\font \fontdimen 3\font
(fontspec)             =0\fontdimen 3\font \fontdimen 4\font =0\fontdimen
(fontspec)             4\font \fontdimen 7\font =0\fontdimen 2\font
(fontspec)             \tex_hyphenchar:D \font =-1\scan_stop: 
(fontspec)             - 'italic' (m/it) with NFSS spec.:
(fontspec)             <->s*[0.89]"JetBrainsMono/I:mode=node;script=latn;langua
ge=dflt;+tlig;"
(fontspec)             - 'italic small caps'  (m/scit) with NFSS spec.: 
(fontspec)             and font adjustment code:
(fontspec)             \fontdimen 2\font =1\fontdimen 2\font \fontdimen 3\font
(fontspec)             =0\fontdimen 3\font \fontdimen 4\font =0\fontdimen
(fontspec)             4\font \fontdimen 7\font =0\fontdimen 2\font
(fontspec)             \tex_hyphenchar:D \font =-1\scan_stop: 
(fontspec)             - 'bold italic' (b/it) with NFSS spec.:
(fontspec)             <->s*[0.89]"JetBrainsMono/BI:mode=node;script=latn;langu
age=dflt;+tlig;"
(fontspec)             - 'bold italic small caps'  (b/scit) with NFSS spec.: 
(fontspec)             and font adjustment code:
(fontspec)             \fontdimen 2\font =1\fontdimen 2\font \fontdimen 3\font
(fontspec)             =0\fontdimen 3\font \fontdimen 4\font =0\fontdimen
(fontspec)             4\font \fontdimen 7\font =0\fontdimen 2\font
(fontspec)             \tex_hyphenchar:D \font =-1\scan_stop: 

luaotfload | aux : font no 96 (nil) does not define feature smcp for script latn
 with language dflt
luaotfload | aux : font no 97 (nil) does not define feature smcp for script latn
 with language dflt
luaotfload | aux : font no 98 (nil) does not define feature smcp for script latn
 with language dflt
luaotfload | aux : font no 99 (nil) does not define feature smcp for script latn
 with language dflt

Package fontspec Info: Font family 'JetBrainsMono(1)' created for font
(fontspec)             'JetBrains Mono' with options
(fontspec)             [Ligatures=TeX,Renderer=Basic,Scale=0.89].
(fontspec)              
(fontspec)              This font family consists of the following NFSS
(fontspec)             series/shapes:
(fontspec)              
(fontspec)             - 'normal' (m/n) with NFSS spec.:
(fontspec)             <->s*[0.89]"JetBrainsMono:mode=base;script=latn;language
=dflt;+tlig;"
(fontspec)             - 'small caps'  (m/sc) with NFSS spec.: 
(fontspec)             - 'bold' (b/n) with NFSS spec.:
(fontspec)             <->s*[0.89]"JetBrainsMono/B:mode=base;script=latn;langua
ge=dflt;+tlig;"
(fontspec)             - 'bold small caps'  (b/sc) with NFSS spec.: 
(fontspec)             - 'italic' (m/it) with NFSS spec.:
(fontspec)             <->s*[0.89]"JetBrainsMono/I:mode=base;script=latn;langua
ge=dflt;+tlig;"
(fontspec)             - 'italic small caps'  (m/scit) with NFSS spec.: 
(fontspec)             - 'bold italic' (b/it) with NFSS spec.:
(fontspec)             <->s*[0.89]"JetBrainsMono/BI:mode=base;script=latn;langu
age=dflt;+tlig;"
(fontspec)             - 'bold italic small caps'  (b/scit) with NFSS spec.: 

LaTeX Font Info:    Overwriting math alphabet `\mathtt' in version `normal'
(Font)                  OT1/cmtt/m/n --> TU/JetBrainsMono(1)/m/n on input line 
70.
LaTeX Font Info:    Overwriting math alphabet `\mathtt' in version `bold'
(Font)                  OT1/cmtt/m/n --> TU/JetBrainsMono(1)/b/n on input line 
70.

(/usr/share/texlive/texmf-dist/tex/latex/microtype/microtype.sty
Package: microtype 2023/03/13 v3.1a Micro-typographical refinements (RS)
\MT@toks=\toks31
\MT@tempbox=\box56
\MT@count=\count303
LaTeX Info: Redefining \noprotrusionifhmode on input line 1059.
LaTeX Info: Redefining \leftprotrusion on input line 1060.
\MT@prot@toks=\toks32
LaTeX Info: Redefining \rightprotrusion on input line 1078.
LaTeX Info: Redefining \textls on input line 1368.
\MT@outer@kern=\dimen162
LaTeX Info: Redefining \textmicrotypecontext on input line 1988.
\MT@listname@count=\count304

(/usr/share/texlive/texmf-dist/tex/latex/microtype/microtype-luatex.def
File: microtype-luatex.def 2023/03/13 v3.1a Definitions specific to luatex (RS)

Lua module: microtype 2023/03/13 3.1a microtype module.
Module microtype Info: overwriting function `keepligature' on input line 63
LaTeX Info: Redefining \lsstyle on input line 688.
LaTeX Info: Redefining \lslig on input line 688.
\MT@outer@space=\skip71
)
Package microtype Info: Loading configuration file microtype.cfg.

(/usr/share/texlive/texmf-dist/tex/latex/microtype/microtype.cfg
File: microtype.cfg 2023/03/13 v3.1a microtype main configuration file (RS)
))
(/usr/share/texlive/texmf-dist/tex/latex/xcolor/xcolor.sty
Package: xcolor 2023/11/15 v3.01 LaTeX color extensions (UK)

(/usr/share/texlive/texmf-dist/tex/latex/graphics-cfg/color.cfg
File: color.cfg 2016/01/02 v1.6 sample color configuration
)
Package xcolor Info: Driver file: luatex.def on input line 274.

(/usr/share/texlive/texmf-dist/tex/latex/graphics-def/luatex.def
File: luatex.def 2022/09/22 v1.2d Graphics/color driver for luatex
)
(/usr/share/texlive/texmf-dist/tex/latex/graphics/mathcolor.ltx)
Package xcolor Info: Model `cmy' substituted by `cmy0' on input line 1350.
Package xcolor Info: Model `hsb' substituted by `rgb' on input line 1354.
Package xcolor Info: Model `RGB' extended on input line 1366.
Package xcolor Info: Model `HTML' substituted by `rgb' on input line 1368.
Package xcolor Info: Model `Hsb' substituted by `hsb' on input line 1369.
Package xcolor Info: Model `tHsb' substituted by `hsb' on input line 1370.
Package xcolor Info: Model `HSB' substituted by `hsb' on input line 1371.
Package xcolor Info: Model `Gray' substituted by `gray' on input line 1372.
Package xcolor Info: Model `wave' substituted by `hsb' on input line 1373.
)
(/usr/share/texlive/texmf-dist/tex/latex/colortbl/colortbl.sty
Package: colortbl 2022/06/20 v1.0f Color table columns (DPC)

(/usr/share/texlive/texmf-dist/tex/latex/tools/array.sty
Package: array 2023/10/16 v2.5g Tabular extension package (FMi)
\col@sep=\dimen163
\ar@mcellbox=\box57
\extrarowheight=\dimen164
\NC@list=\toks33
\extratabsurround=\skip72
\backup@length=\skip73
\ar@cellbox=\box58
)
\everycr=\toks34
\minrowclearance=\skip74
\rownum=\count305
)
(/usr/share/texlive/texmf-dist/tex/latex/geometry/geometry.sty
Package: geometry 2020/01/02 v5.9 Page Geometry

(/usr/share/texlive/texmf-dist/tex/generic/iftex/ifvtex.sty
Package: ifvtex 2019/10/25 v1.7 ifvtex legacy package. Use iftex instead.
)
\Gm@cnth=\count306
\Gm@cntv=\count307
\c@Gm@tempcnt=\count308
\Gm@bindingoffset=\dimen165
\Gm@wd@mp=\dimen166
\Gm@odd@mp=\dimen167
\Gm@even@mp=\dimen168
\Gm@layoutwidth=\dimen169
\Gm@layoutheight=\dimen170
\Gm@layouthoffset=\dimen171
\Gm@layoutvoffset=\dimen172
\Gm@dimlist=\toks35
)
(/usr/share/texlive/texmf-dist/tex/latex/marginnote/marginnote.sty
Package: marginnote 2018/08/09 1.4b non floating margin notes for LaTeX
\c@mn@abspage=\count309
)
(/usr/share/texlive/texmf-dist/tex/latex/mparhack/mparhack.sty
Package: mparhack 2021-05-02 v1.5 (T. Sgouros and S. Ulrich)
)
(/usr/share/texlive/texmf-dist/tex/latex/koma-script/scrlayer-scrpage.sty
Package: scrlayer-scrpage 2023/07/07 v3.41 KOMA-Script package (end user interf
ace for scrlayer)

(/usr/share/texlive/texmf-dist/tex/latex/koma-script/scrlayer.sty
Package: scrlayer 2023/07/07 v3.41 KOMA-Script package (defining layers and pag
e styles)
Package scrlayer Info: patching LaTeX kernel macro \pagestyle on input line 218
3.
)
Package scrlayer-scrpage Info: Makeing stand-alone element `pagehead' from
(scrlayer-scrpage)             alias to `pageheadfoot' on input line 1106.
)
1: section
1: chapter
1: chapter
1: section
(/usr/share/texlive/texmf-dist/tex/latex/enumitem/enumitem.sty
Package: enumitem 2019/06/20 v3.9 Customized lists
\labelindent=\skip75
\enit@outerparindent=\dimen173
\enit@toks=\toks36
\enit@inbox=\box59
\enit@count@id=\count310
\enitdp@description=\count311
)
(/usr/share/texlive/texmf-dist/tex/latex/tcolorbox/tcolorbox.sty
Package: tcolorbox 2024/01/10 version 6.2.0 text color boxes

(/usr/share/texlive/texmf-dist/tex/latex/pgf/basiclayer/pgf.sty
(/usr/share/texlive/texmf-dist/tex/latex/pgf/utilities/pgfrcs.sty
(/usr/share/texlive/texmf-dist/tex/generic/pgf/utilities/pgfutil-common.tex
\pgfutil@everybye=\toks37
\pgfutil@tempdima=\dimen174
\pgfutil@tempdimb=\dimen175
)
(/usr/share/texlive/texmf-dist/tex/generic/pgf/utilities/pgfutil-latex.def
\pgfutil@abb=\box60
)
(/usr/share/texlive/texmf-dist/tex/generic/pgf/utilities/pgfrcs.code.tex
(/usr/share/texlive/texmf-dist/tex/generic/pgf/pgf.revision.tex)
Package: pgfrcs 2023-01-15 v3.1.10 (3.1.10)
))
Package: pgf 2023-01-15 v3.1.10 (3.1.10)

(/usr/share/texlive/texmf-dist/tex/latex/pgf/basiclayer/pgfcore.sty
(/usr/share/texlive/texmf-dist/tex/latex/graphics/graphicx.sty
Package: graphicx 2021/09/16 v1.2d Enhanced LaTeX Graphics (DPC,SPQR)

(/usr/share/texlive/texmf-dist/tex/latex/graphics/graphics.sty
Package: graphics 2022/03/10 v1.4e Standard LaTeX Graphics (DPC,SPQR)

(/usr/share/texlive/texmf-dist/tex/latex/graphics/trig.sty
Package: trig 2021/08/11 v1.11 sin cos tan (DPC)
)
(/usr/share/texlive/texmf-dist/tex/latex/graphics-cfg/graphics.cfg
File: graphics.cfg 2016/06/04 v1.11 sample graphics configuration
)
Package graphics Info: Driver file: luatex.def on input line 107.
)
\Gin@req@height=\dimen176
\Gin@req@width=\dimen177
)
(/usr/share/texlive/texmf-dist/tex/latex/pgf/systemlayer/pgfsys.sty
(/usr/share/texlive/texmf-dist/tex/generic/pgf/systemlayer/pgfsys.code.tex
Package: pgfsys 2023-01-15 v3.1.10 (3.1.10)

(/usr/share/texlive/texmf-dist/tex/generic/pgf/utilities/pgfkeys.code.tex
\pgfkeys@pathtoks=\toks38
\pgfkeys@temptoks=\toks39

(/usr/share/texlive/texmf-dist/tex/generic/pgf/utilities/pgfkeyslibraryfiltered
.code.tex
\pgfkeys@tmptoks=\toks40
))
\pgf@x=\dimen178
\pgf@y=\dimen179
\pgf@xa=\dimen180
\pgf@ya=\dimen181
\pgf@xb=\dimen182
\pgf@yb=\dimen183
\pgf@xc=\dimen184
\pgf@yc=\dimen185
\pgf@xd=\dimen186
\pgf@yd=\dimen187
\w@pgf@writea=\write3
\r@pgf@reada=\read3
\c@pgf@counta=\count312
\c@pgf@countb=\count313
\c@pgf@countc=\count314
\c@pgf@countd=\count315
\t@pgf@toka=\toks41
\t@pgf@tokb=\toks42
\t@pgf@tokc=\toks43
\pgf@sys@id@count=\count316
 (/usr/share/texlive/texmf-dist/tex/generic/pgf/systemlayer/pgf.cfg
File: pgf.cfg 2023-01-15 v3.1.10 (3.1.10)
)
Driver file for pgf: pgfsys-luatex.def
(/usr/share/texlive/texmf-dist/tex/generic/pgf/systemlayer/pgfsys-luatex.def
File: pgfsys-luatex.def 2023-01-15 v3.1.10 (3.1.10)

(/usr/share/texlive/texmf-dist/tex/generic/pgf/systemlayer/pgfsys-common-pdf.de
f
File: pgfsys-common-pdf.def 2023-01-15 v3.1.10 (3.1.10)
)))
(/usr/share/texlive/texmf-dist/tex/generic/pgf/systemlayer/pgfsyssoftpath.code.
tex
File: pgfsyssoftpath.code.tex 2023-01-15 v3.1.10 (3.1.10)
\pgfsyssoftpath@smallbuffer@items=\count317
\pgfsyssoftpath@bigbuffer@items=\count318
)
(/usr/share/texlive/texmf-dist/tex/generic/pgf/systemlayer/pgfsysprotocol.code.
tex
File: pgfsysprotocol.code.tex 2023-01-15 v3.1.10 (3.1.10)
))
(/usr/share/texlive/texmf-dist/tex/generic/pgf/basiclayer/pgfcore.code.tex
Package: pgfcore 2023-01-15 v3.1.10 (3.1.10)

(/usr/share/texlive/texmf-dist/tex/generic/pgf/math/pgfmath.code.tex
(/usr/share/texlive/texmf-dist/tex/generic/pgf/math/pgfmathutil.code.tex)
(/usr/share/texlive/texmf-dist/tex/generic/pgf/math/pgfmathparser.code.tex
\pgfmath@dimen=\dimen188
\pgfmath@count=\count319
\pgfmath@box=\box61
\pgfmath@toks=\toks44
\pgfmath@stack@operand=\toks45
\pgfmath@stack@operation=\toks46
)
(/usr/share/texlive/texmf-dist/tex/generic/pgf/math/pgfmathfunctions.code.tex)
(/usr/share/texlive/texmf-dist/tex/generic/pgf/math/pgfmathfunctions.basic.code
.tex)
(/usr/share/texlive/texmf-dist/tex/generic/pgf/math/pgfmathfunctions.trigonomet
ric.code.tex)
(/usr/share/texlive/texmf-dist/tex/generic/pgf/math/pgfmathfunctions.random.cod
e.tex)
(/usr/share/texlive/texmf-dist/tex/generic/pgf/math/pgfmathfunctions.comparison
.code.tex)
(/usr/share/texlive/texmf-dist/tex/generic/pgf/math/pgfmathfunctions.base.code.
tex)
(/usr/share/texlive/texmf-dist/tex/generic/pgf/math/pgfmathfunctions.round.code
.tex)
(/usr/share/texlive/texmf-dist/tex/generic/pgf/math/pgfmathfunctions.misc.code.
tex)
(/usr/share/texlive/texmf-dist/tex/generic/pgf/math/pgfmathfunctions.integerari
thmetics.code.tex)
(/usr/share/texlive/texmf-dist/tex/generic/pgf/math/pgfmathcalc.code.tex)
(/usr/share/texlive/texmf-dist/tex/generic/pgf/math/pgfmathfloat.code.tex
\c@pgfmathroundto@lastzeros=\count320
))
(/usr/share/texlive/texmf-dist/tex/generic/pgf/math/pgfint.code.tex)
(/usr/share/texlive/texmf-dist/tex/generic/pgf/basiclayer/pgfcorepoints.code.te
x
File: pgfcorepoints.code.tex 2023-01-15 v3.1.10 (3.1.10)
\pgf@picminx=\dimen189
\pgf@picmaxx=\dimen190
\pgf@picminy=\dimen191
\pgf@picmaxy=\dimen192
\pgf@pathminx=\dimen193
\pgf@pathmaxx=\dimen194
\pgf@pathminy=\dimen195
\pgf@pathmaxy=\dimen196
\pgf@xx=\dimen197
\pgf@xy=\dimen198
\pgf@yx=\dimen199
\pgf@yy=\dimen256
\pgf@zx=\dimen257
\pgf@zy=\dimen258
)
(/usr/share/texlive/texmf-dist/tex/generic/pgf/basiclayer/pgfcorepathconstruct.
code.tex
File: pgfcorepathconstruct.code.tex 2023-01-15 v3.1.10 (3.1.10)
\pgf@path@lastx=\dimen259
\pgf@path@lasty=\dimen260
)
(/usr/share/texlive/texmf-dist/tex/generic/pgf/basiclayer/pgfcorepathusage.code
.tex
File: pgfcorepathusage.code.tex 2023-01-15 v3.1.10 (3.1.10)
\pgf@shorten@end@additional=\dimen261
\pgf@shorten@start@additional=\dimen262
)
(/usr/share/texlive/texmf-dist/tex/generic/pgf/basiclayer/pgfcorescopes.code.te
x
File: pgfcorescopes.code.tex 2023-01-15 v3.1.10 (3.1.10)
\pgfpic=\box62
\pgf@hbox=\box63
\pgf@layerbox@main=\box64
\pgf@picture@serial@count=\count321
)
(/usr/share/texlive/texmf-dist/tex/generic/pgf/basiclayer/pgfcoregraphicstate.c
ode.tex
File: pgfcoregraphicstate.code.tex 2023-01-15 v3.1.10 (3.1.10)
\pgflinewidth=\dimen263
)
(/usr/share/texlive/texmf-dist/tex/generic/pgf/basiclayer/pgfcoretransformation
s.code.tex
File: pgfcoretransformations.code.tex 2023-01-15 v3.1.10 (3.1.10)
\pgf@pt@x=\dimen264
\pgf@pt@y=\dimen265
\pgf@pt@temp=\dimen266
)
(/usr/share/texlive/texmf-dist/tex/generic/pgf/basiclayer/pgfcorequick.code.tex
File: pgfcorequick.code.tex 2023-01-15 v3.1.10 (3.1.10)
)
(/usr/share/texlive/texmf-dist/tex/generic/pgf/basiclayer/pgfcoreobjects.code.t
ex
File: pgfcoreobjects.code.tex 2023-01-15 v3.1.10 (3.1.10)
)
(/usr/share/texlive/texmf-dist/tex/generic/pgf/basiclayer/pgfcorepathprocessing
.code.tex
File: pgfcorepathprocessing.code.tex 2023-01-15 v3.1.10 (3.1.10)
)
(/usr/share/texlive/texmf-dist/tex/generic/pgf/basiclayer/pgfcorearrows.code.te
x
File: pgfcorearrows.code.tex 2023-01-15 v3.1.10 (3.1.10)
\pgfarrowsep=\dimen267
)
(/usr/share/texlive/texmf-dist/tex/generic/pgf/basiclayer/pgfcoreshade.code.tex
File: pgfcoreshade.code.tex 2023-01-15 v3.1.10 (3.1.10)
\pgf@max=\dimen268
\pgf@sys@shading@range@num=\count322
\pgf@shadingcount=\count323
)
(/usr/share/texlive/texmf-dist/tex/generic/pgf/basiclayer/pgfcoreimage.code.tex
File: pgfcoreimage.code.tex 2023-01-15 v3.1.10 (3.1.10)
)
(/usr/share/texlive/texmf-dist/tex/generic/pgf/basiclayer/pgfcoreexternal.code.
tex
File: pgfcoreexternal.code.tex 2023-01-15 v3.1.10 (3.1.10)
\pgfexternal@startupbox=\box65
)
(/usr/share/texlive/texmf-dist/tex/generic/pgf/basiclayer/pgfcorelayers.code.te
x
File: pgfcorelayers.code.tex 2023-01-15 v3.1.10 (3.1.10)
)
(/usr/share/texlive/texmf-dist/tex/generic/pgf/basiclayer/pgfcoretransparency.c
ode.tex
File: pgfcoretransparency.code.tex 2023-01-15 v3.1.10 (3.1.10)
)
(/usr/share/texlive/texmf-dist/tex/generic/pgf/basiclayer/pgfcorepatterns.code.
tex
File: pgfcorepatterns.code.tex 2023-01-15 v3.1.10 (3.1.10)
)
(/usr/share/texlive/texmf-dist/tex/generic/pgf/basiclayer/pgfcorerdf.code.tex
File: pgfcorerdf.code.tex 2023-01-15 v3.1.10 (3.1.10)
)))
(/usr/share/texlive/texmf-dist/tex/generic/pgf/modules/pgfmoduleshapes.code.tex
File: pgfmoduleshapes.code.tex 2023-01-15 v3.1.10 (3.1.10)
\pgfnodeparttextbox=\box66
) (/usr/share/texlive/texmf-dist/tex/generic/pgf/modules/pgfmoduleplot.code.tex
File: pgfmoduleplot.code.tex 2023-01-15 v3.1.10 (3.1.10)
)
(/usr/share/texlive/texmf-dist/tex/latex/pgf/compatibility/pgfcomp-version-0-65
.sty
Package: pgfcomp-version-0-65 2023-01-15 v3.1.10 (3.1.10)
\pgf@nodesepstart=\dimen269
\pgf@nodesepend=\dimen270
)
(/usr/share/texlive/texmf-dist/tex/latex/pgf/compatibility/pgfcomp-version-1-18
.sty
Package: pgfcomp-version-1-18 2023-01-15 v3.1.10 (3.1.10)
)) (/usr/share/texlive/texmf-dist/tex/latex/tools/verbatim.sty
Package: verbatim 2023-11-06 v1.5v LaTeX2e package for verbatim enhancements
\every@verbatim=\toks47
\verbatim@line=\toks48
\verbatim@in@stream=\read4
)
(/usr/share/texlive/texmf-dist/tex/latex/environ/environ.sty
Package: environ 2014/05/04 v0.3 A new way to define environments

(/usr/share/texlive/texmf-dist/tex/latex/trimspaces/trimspaces.sty
Package: trimspaces 2009/09/17 v1.1 Trim spaces around a token list
))
\tcb@titlebox=\box67
\tcb@upperbox=\box68
\tcb@lowerbox=\box69
\tcb@phantombox=\box70
\c@tcbbreakpart=\count324
\c@tcblayer=\count325
\c@tcolorbox@number=\count326
\l__tcobox_tmpa_box=\box71
\l__tcobox_tmpa_dim=\dimen271
\tcb@temp=\box72
\tcb@temp=\box73
\tcb@temp=\box74
\tcb@temp=\box75

(/usr/share/texlive/texmf-dist/tex/latex/tcolorbox/tcbraster.code.tex
Library (tcolorbox): 'tcbraster.code.tex' version '6.2.0'
\c@tcbrastercolumn=\count327
\c@tcbrasterrow=\count328
\c@tcbrasternum=\count329
\c@tcbraster=\count330
) (/usr/share/texlive/texmf-dist/tex/latex/tcolorbox/tcbskins.code.tex
Library (tcolorbox): 'tcbskins.code.tex' version '6.2.0'
(/usr/share/texlive/texmf-dist/tex/latex/pgf/frontendlayer/tikz.sty
(/usr/share/texlive/texmf-dist/tex/latex/pgf/utilities/pgffor.sty
(/usr/share/texlive/texmf-dist/tex/latex/pgf/utilities/pgfkeys.sty
(/usr/share/texlive/texmf-dist/tex/generic/pgf/utilities/pgfkeys.code.tex))
(/usr/share/texlive/texmf-dist/tex/latex/pgf/math/pgfmath.sty
(/usr/share/texlive/texmf-dist/tex/generic/pgf/math/pgfmath.code.tex))
(/usr/share/texlive/texmf-dist/tex/generic/pgf/utilities/pgffor.code.tex
Package: pgffor 2023-01-15 v3.1.10 (3.1.10)
\pgffor@iter=\dimen272
\pgffor@skip=\dimen273
\pgffor@stack=\toks49
\pgffor@toks=\toks50
))
(/usr/share/texlive/texmf-dist/tex/generic/pgf/frontendlayer/tikz/tikz.code.tex
Package: tikz 2023-01-15 v3.1.10 (3.1.10)

(/usr/share/texlive/texmf-dist/tex/generic/pgf/libraries/pgflibraryplothandlers
.code.tex
File: pgflibraryplothandlers.code.tex 2023-01-15 v3.1.10 (3.1.10)
\pgf@plot@mark@count=\count331
\pgfplotmarksize=\dimen274
)
\tikz@lastx=\dimen275
\tikz@lasty=\dimen276
\tikz@lastxsaved=\dimen277
\tikz@lastysaved=\dimen278
\tikz@lastmovetox=\dimen279
\tikz@lastmovetoy=\dimen280
\tikzleveldistance=\dimen281
\tikzsiblingdistance=\dimen282
\tikz@figbox=\box76
\tikz@figbox@bg=\box77
\tikz@tempbox=\box78
\tikz@tempbox@bg=\box79
\tikztreelevel=\count332
\tikznumberofchildren=\count333
\tikznumberofcurrentchild=\count334
\tikz@fig@count=\count335

(/usr/share/texlive/texmf-dist/tex/generic/pgf/modules/pgfmodulematrix.code.tex
File: pgfmodulematrix.code.tex 2023-01-15 v3.1.10 (3.1.10)
\pgfmatrixcurrentrow=\count336
\pgfmatrixcurrentcolumn=\count337
\pgf@matrix@numberofcolumns=\count338
)
\tikz@expandcount=\count339

(/usr/share/texlive/texmf-dist/tex/generic/pgf/frontendlayer/tikz/libraries/tik
zlibrarytopaths.code.tex
File: tikzlibrarytopaths.code.tex 2023-01-15 v3.1.10 (3.1.10)
)))
(/usr/share/texlive/texmf-dist/tex/latex/tikzfill/tikzfill.image.sty
Package: tikzfill.image 2023/08/08 v1.0.1 Image filling library for TikZ

(/usr/share/texlive/texmf-dist/tex/latex/tikzfill/tikzfill-common.sty
Package: tikzfill-common 2023/08/08 v1.0.1 Auxiliary code for tikzfill
)
(/usr/share/texlive/texmf-dist/tex/latex/tikzfill/tikzlibraryfill.image.code.te
x
File: tikzlibraryfill.image.code.tex 2023/08/08 v1.0.1 Image filling library
\l__tikzfill_img_box=\box80
)) (/usr/share/texlive/texmf-dist/tex/latex/tcolorbox/tcbskinsjigsaw.code.tex
Library (tcolorbox): 'tcbskinsjigsaw.code.tex' version '6.2.0'
)) (/usr/share/texlive/texmf-dist/tex/latex/tcolorbox/tcbbreakable.code.tex
Library (tcolorbox): 'tcbbreakable.code.tex' version '6.2.0'
(/usr/share/texlive/texmf-dist/tex/latex/pdfcol/pdfcol.sty
Package: pdfcol 2022-09-21 v1.7 Handle new color stacks for pdfTeX (HO)

(/usr/share/texlive/texmf-dist/tex/generic/ltxcmds/ltxcmds.sty
Package: ltxcmds 2023-12-04 v1.26 LaTeX kernel commands for general use (HO)
)
(/usr/share/texlive/texmf-dist/tex/generic/infwarerr/infwarerr.sty
Package: infwarerr 2019/12/03 v1.5 Providing info/warning/error messages (HO)
))
Package pdfcol Info: New color stack `tcb@breakable' = 1 on input line 23.
\tcb@testbox=\box81
\tcb@totalupperbox=\box82
\tcb@totallowerbox=\box83

(/usr/share/texlive/texmf-dist/tex/generic/iftex/ifluatex.sty
Package: ifluatex 2019/10/25 v1.5 ifluatex legacy package. Use iftex instead.
))
(/usr/share/texlive/texmf-dist/tex/latex/tcolorbox/tcbhooks.code.tex
Library (tcolorbox): 'tcbhooks.code.tex' version '6.2.0'
) (/usr/share/texlive/texmf-dist/tex/latex/tcolorbox/tcbtheorems.code.tex
Library (tcolorbox): 'tcbtheorems.code.tex' version '6.2.0'
) (/usr/share/texlive/texmf-dist/tex/latex/tcolorbox/tcbfitting.code.tex
Library (tcolorbox): 'tcbfitting.code.tex' version '6.2.0'
\tcbfitdim=\dimen283
\tcb@lowerfitdim=\dimen284
\tcb@upperfitdim=\dimen285
\tcb@cur@hbadness=\count340
) (/usr/share/texlive/texmf-dist/tex/latex/tcolorbox/tcblistingsutf8.code.tex
Library (tcolorbox): 'tcblistingsutf8.code.tex' version '6.2.0'
(/usr/share/texlive/texmf-dist/tex/latex/tcolorbox/tcblistings.code.tex
Library (tcolorbox): 'tcblistings.code.tex' version '6.2.0'
(/usr/share/texlive/texmf-dist/tex/latex/listings/listings.sty
\lst@mode=\count341
\lst@gtempboxa=\box84
\lst@token=\toks51
\lst@length=\count342
\lst@currlwidth=\dimen286
\lst@column=\count343
\lst@pos=\count344
\lst@lostspace=\dimen287
\lst@width=\dimen288
\lst@newlines=\count345
\lst@lineno=\count346
\lst@maxwidth=\dimen289

(/usr/share/texlive/texmf-dist/tex/latex/listings/lstmisc.sty
File: lstmisc.sty 2023/02/27 1.9 (Carsten Heinz)
\c@lstnumber=\count347
\lst@skipnumbers=\count348
\lst@framebox=\box85
)
(/usr/share/texlive/texmf-dist/tex/latex/listings/listings.cfg
File: listings.cfg 2023/02/27 1.9 listings configuration
))
Package: listings 2023/02/27 1.9 (Carsten Heinz)

(/usr/share/texlive/texmf-dist/tex/latex/tcolorbox/tcblistingscore.code.tex
Library (tcolorbox): 'tcblistingscore.code.tex' version '6.2.0'
(/usr/share/texlive/texmf-dist/tex/latex/tcolorbox/tcbprocessing.code.tex
Library (tcolorbox): 'tcbprocessing.code.tex' version '6.2.0'
)
\c@tcblisting=\count349
))
Package tcolorbox Info: Library `listingsutf8' is compatible with pdftex only. 
Library `listings` is loaded instead. on input line 29.
) (/usr/share/texlive/texmf-dist/tex/latex/tcolorbox/tcbexternal.code.tex
Library (tcolorbox): 'tcbexternal.code.tex' version '6.2.0'
) (/usr/share/texlive/texmf-dist/tex/latex/tcolorbox/tcbmagazine.code.tex
Library (tcolorbox): 'tcbmagazine.code.tex' version '6.2.0'
) (/usr/share/texlive/texmf-dist/tex/latex/tcolorbox/tcbvignette.code.tex
Library (tcolorbox): 'tcbvignette.code.tex' version '6.2.0'

(/usr/share/texlive/texmf-dist/tex/generic/pgf/frontendlayer/tikz/libraries/tik
zlibraryfadings.code.tex
File: tikzlibraryfadings.code.tex 2023-01-15 v3.1.10 (3.1.10)

(/usr/share/texlive/texmf-dist/tex/generic/pgf/libraries/pgflibraryfadings.code
.tex
File: pgflibraryfadings.code.tex 2023-01-15 v3.1.10 (3.1.10)
))) (/usr/share/texlive/texmf-dist/tex/latex/tcolorbox/tcbposter.code.tex
Library (tcolorbox): 'tcbposter.code.tex' version '6.2.0'
)) (/usr/share/texlive/texmf-dist/tex/latex/psnfss/pifont.sty
Package: pifont 2020/03/25 PSNFSS-v9.3 Pi font support (SPQR) 
LaTeX Font Info:    Trying to load font information for U+pzd on input line 63.


(/usr/share/texlive/texmf-dist/tex/latex/psnfss/upzd.fd
File: upzd.fd 2001/06/04 font definitions for U/pzd.
)
LaTeX Font Info:    Trying to load font information for U+psy on input line 64.


(/usr/share/texlive/texmf-dist/tex/latex/psnfss/upsy.fd
File: upsy.fd 2001/06/04 font definitions for U/psy.
))
(/usr/share/texlive/texmf-dist/tex/generic/ulem/ulem.sty
\UL@box=\box86
\UL@hyphenbox=\box87
\UL@skip=\skip76
\UL@hook=\toks52
\UL@height=\dimen290
\UL@pe=\count350
\UL@pixel=\dimen291
\ULC@box=\box88
Package: ulem 2019/11/18
\ULdepth=\dimen292
)
\c@nxDefNum=\count351
\c@exo=\count352

(./gabarits/nexus-margin-rail.tex
(/usr/share/texlive/texmf-dist/tex/luatex/luatexbase/luatexbase.sty
Package: luatexbase 2015/10/04 v1.3 luatexbase interface to LuaTeX 

(/usr/share/texlive/texmf-dist/tex/luatex/ctablestack/ctablestack.sty
Package: ctablestack 2015/10/01 v1.0 Catcode table stable support
\@catcodetablestackcnt=\count353
)
\CatcodeTableOther=\catcodetable16
\CatcodeTableExpl=\catcodetable17
)
\c@nxMarginGlobalOrder=\count354
\nxMarginCaptureBox=\box89
\nxMarginReportDecorationBox=\box90
Custom whatsit anchor = 1
Custom whatsit obstacle = 2
Custom whatsit marker-metadata = 3
Inserting `nexus-margin-compositor.capture-anchors' in `pre_shipout_filter'.)
(/usr/share/texlive/texmf-dist/tex/latex/booktabs/booktabs.sty
Package: booktabs 2020/01/12 v1.61803398 Publication quality tables
\heavyrulewidth=\dimen293
\lightrulewidth=\dimen294
\cmidrulewidth=\dimen295
\belowrulesep=\dimen296
\belowbottomsep=\dimen297
\aboverulesep=\dimen298
\abovetopsep=\dimen299
\cmidrulesep=\dimen300
\cmidrulekern=\dimen301
\defaultaddspace=\dimen302
\@cmidla=\count355
\@cmidlb=\count356
\@aboverulesep=\dimen303
\@belowrulesep=\dimen304
\@thisruleclass=\count357
\@lastruleclass=\count358
\@thisrulewidth=\dimen305
)
(/usr/share/texlive/texmf-dist/tex/latex/eurosym/eurosym.sty
Package: eurosym 1998/08/06 v1.1 European currency symbol ``Euro''
\@eurobox=\box91
)
(/usr/share/texlive/texmf-dist/tex/generic/pgf/libraries/pgflibraryarrows.meta.
code.tex
File: pgflibraryarrows.meta.code.tex 2023-01-15 v3.1.10 (3.1.10)
\pgfarrowinset=\dimen306
\pgfarrowlength=\dimen307
\pgfarrowwidth=\dimen308
\pgfarrowlinewidth=\dimen309
)
(/usr/share/texlive/texmf-dist/tex/generic/pgf/frontendlayer/tikz/libraries/tik
zlibrarypositioning.code.tex
File: tikzlibrarypositioning.code.tex 2023-01-15 v3.1.10 (3.1.10)
)
(/usr/share/texlive/texmf-dist/tex/generic/pgf/frontendlayer/tikz/libraries/tik
zlibrarycalc.code.tex
File: tikzlibrarycalc.code.tex 2023-01-15 v3.1.10 (3.1.10)
)
(/usr/share/texlive/texmf-dist/tex/generic/pgf/frontendlayer/tikz/libraries/tik
zlibrarybackgrounds.code.tex
File: tikzlibrarybackgrounds.code.tex 2023-01-15 v3.1.10 (3.1.10)
\pgf@layerbox@background=\box92
\pgf@layerboxsaved@background=\box93
)
\nxBandHeight=\skip77
\nxTitreChapBox=\box94
\nxTitreChapHeight=\skip78
 (./gabarits/nexus-icons.tex
\nxIconSize=\skip79
)
(./gabarits/nexus-figures.tex
(/usr/share/texlive/texmf-dist/tex/latex/pgfplots/pgfplots.sty
(/usr/share/texlive/texmf-dist/tex/generic/pgfplots/pgfplots.revision.tex)
Package: pgfplots 2021/05/15 v1.18.1 Data Visualization (1.18.1)

(/usr/share/texlive/texmf-dist/tex/generic/pgfplots/pgfplots.code.tex
(/usr/share/texlive/texmf-dist/tex/generic/pgfplots/pgfplotscore.code.tex
Package pgfplots info on input line 124: Initializing with LUA version Lua 5.3
\pgfplots@luabackend@table=\catcodetable18
\t@pgfplots@toka=\toks53
\t@pgfplots@tokb=\toks54
\t@pgfplots@tokc=\toks55
\pgfplots@tmpa=\dimen310
\c@pgfplots@coordindex=\count359
\c@pgfplots@scanlineindex=\count360

(/usr/share/texlive/texmf-dist/tex/generic/pgfplots/sys/pgfplotssysgeneric.code
.tex))
(/usr/share/texlive/texmf-dist/tex/generic/pgfplots/libs/pgfplotslibrary.code.t
ex)
(/usr/share/texlive/texmf-dist/tex/generic/pgfplots/oldpgfcompatib/pgfplotsoldp
gfsupp_loader.code.tex
(/usr/share/texlive/texmf-dist/tex/generic/pgf/libraries/pgflibraryfpu.code.tex
)
Package pgfplots: loading complementary utilities for your pgf version...
\t@pgf@toka=\toks56
\t@pgf@tokb=\toks57
\t@pgf@tokc=\toks58

(/usr/share/texlive/texmf-dist/tex/generic/pgfplots/oldpgfcompatib/pgfplotsoldp
gfsupp_pgfutil-common-lists.tex)
(/usr/share/texlive/texmf-dist/tex/generic/pgf/libraries/luamath/pgflibraryluam
ath.code.tex)
Package pgfplots info on input line 290: luamath library shipped with pgf 3.1.1
0 is up-to-date
)
(/usr/share/texlive/texmf-dist/tex/generic/pgfplots/util/pgfplotsutil.code.tex
Package pgfplots info on input line 82: Found new luatex: initializing lua comm
ands instead of write18 (shell-escape)

(/usr/share/texlive/texmf-dist/tex/generic/pgfplots/liststructure/pgfplotslists
tructure.code.tex)
(/usr/share/texlive/texmf-dist/tex/generic/pgfplots/liststructure/pgfplotslists
tructureext.code.tex)
(/usr/share/texlive/texmf-dist/tex/generic/pgfplots/liststructure/pgfplotsarray
.code.tex
\c@pgfplotsarray@tmp=\count361
)
(/usr/share/texlive/texmf-dist/tex/generic/pgfplots/liststructure/pgfplotsmatri
x.code.tex)
(/usr/share/texlive/texmf-dist/tex/generic/pgfplots/numtable/pgfplotstableshare
d.code.tex
\c@pgfplotstable@counta=\count362
\t@pgfplotstable@a=\toks59
)
(/usr/share/texlive/texmf-dist/tex/generic/pgfplots/liststructure/pgfplotsdeque
.code.tex)
(/usr/share/texlive/texmf-dist/tex/generic/pgfplots/util/pgfplotsbinary.code.te
x
(/usr/share/texlive/texmf-dist/tex/generic/pgfplots/util/pgfplotsbinary.data.co
de.tex))
(/usr/share/texlive/texmf-dist/tex/generic/pgfplots/util/pgfplotsutil.verb.code
.tex)
(/usr/share/texlive/texmf-dist/tex/generic/pgfplots/libs/pgflibrarypgfplots.sur
fshading.code.tex
\c@pgfplotslibrarysurf@no=\count363

(/usr/share/texlive/texmf-dist/tex/generic/pgfplots/sys/pgflibrarypgfplots.surf
shading.pgfsys-luatex.def)))
(/usr/share/texlive/texmf-dist/tex/generic/pgfplots/util/pgfplotscolormap.code.
tex
(/usr/share/texlive/texmf-dist/tex/generic/pgfplots/util/pgfplotscolor.code.tex
))
(/usr/share/texlive/texmf-dist/tex/generic/pgfplots/pgfplotsstackedplots.code.t
ex)
(/usr/share/texlive/texmf-dist/tex/generic/pgfplots/pgfplotsplothandlers.code.t
ex
(/usr/share/texlive/texmf-dist/tex/generic/pgfplots/pgfplotsmeshplothandler.cod
e.tex
(/usr/share/texlive/texmf-dist/tex/generic/pgfplots/pgfplotsmeshplotimage.code.
tex)))
(/usr/share/texlive/texmf-dist/tex/generic/pgfplots/pgfplots.scaling.code.tex)
(/usr/share/texlive/texmf-dist/tex/generic/pgfplots/pgfplotscoordprocessing.cod
e.tex)
(/usr/share/texlive/texmf-dist/tex/generic/pgfplots/pgfplots.errorbars.code.tex
) (/usr/share/texlive/texmf-dist/tex/generic/pgfplots/pgfplots.markers.code.tex
) (/usr/share/texlive/texmf-dist/tex/generic/pgfplots/pgfplotsticks.code.tex)
(/usr/share/texlive/texmf-dist/tex/generic/pgfplots/pgfplots.paths.code.tex)
(/usr/share/texlive/texmf-dist/tex/generic/pgf/frontendlayer/tikz/libraries/tik
zlibrarydecorations.code.tex
(/usr/share/texlive/texmf-dist/tex/generic/pgf/modules/pgfmoduledecorations.cod
e.tex
\pgfdecoratedcompleteddistance=\dimen311
\pgfdecoratedremainingdistance=\dimen312
\pgfdecoratedinputsegmentcompleteddistance=\dimen313
\pgfdecoratedinputsegmentremainingdistance=\dimen314
\pgf@decorate@distancetomove=\dimen315
\pgf@decorate@repeatstate=\count364
\pgfdecorationsegmentamplitude=\dimen316
\pgfdecorationsegmentlength=\dimen317
)
\tikz@lib@dec@box=\box95
)
(/usr/share/texlive/texmf-dist/tex/generic/pgf/frontendlayer/tikz/libraries/tik
zlibrarydecorations.pathmorphing.code.tex
(/usr/share/texlive/texmf-dist/tex/generic/pgf/libraries/decorations/pgflibrary
decorations.pathmorphing.code.tex))
(/usr/share/texlive/texmf-dist/tex/generic/pgf/frontendlayer/tikz/libraries/tik
zlibrarydecorations.pathreplacing.code.tex
(/usr/share/texlive/texmf-dist/tex/generic/pgf/libraries/decorations/pgflibrary
decorations.pathreplacing.code.tex))
(/usr/share/texlive/texmf-dist/tex/generic/pgfplots/libs/tikzlibrarypgfplots.co
ntourlua.code.tex)
\pgfplots@numplots=\count365
\pgfplots@xmin@reg=\dimen318
\pgfplots@xmax@reg=\dimen319
\pgfplots@ymin@reg=\dimen320
\pgfplots@ymax@reg=\dimen321
\pgfplots@zmin@reg=\dimen322
\pgfplots@zmax@reg=\dimen323
)
(/usr/share/texlive/texmf-dist/tex/generic/pgf/frontendlayer/tikz/libraries/tik
zlibraryplotmarks.code.tex
File: tikzlibraryplotmarks.code.tex 2023-01-15 v3.1.10 (3.1.10)

(/usr/share/texlive/texmf-dist/tex/generic/pgf/libraries/pgflibraryplotmarks.co
de.tex
File: pgflibraryplotmarks.code.tex 2023-01-15 v3.1.10 (3.1.10)
)))
(/usr/share/texlive/texmf-dist/tex/generic/pgf/frontendlayer/tikz/libraries/tik
zlibraryintersections.code.tex
(/usr/share/texlive/texmf-dist/tex/generic/pgf/libraries/pgflibraryintersection
s.code.tex
\pgf@intersect@solutions=\count366
))
\c@nxfig=\count367
) (./gabarits/nexus-signatures.tex
(/usr/share/texlive/texmf-dist/tex/generic/pgf/frontendlayer/tikz/libraries/tik
zlibrarydecorations.markings.code.tex
(/usr/share/texlive/texmf-dist/tex/generic/pgf/libraries/decorations/pgflibrary
decorations.markings.code.tex))
\c@nxChapNum=\count368
\nxOngletHauteur=\skip80
\nxOngletLargeur=\skip81
\nxOngletTextBox=\box96
\nxOngletTextHeight=\skip82
\nxOngletHalfTextHeight=\skip83
\nxOngletVerticalShift=\skip84
\nxOngletHalfLargeur=\skip85
) (./gabarits/nexus-code.tex)
(./gabarits/nexus-figures-nsi.tex
(/usr/share/texlive/texmf-dist/tex/generic/pgf/frontendlayer/tikz/libraries/tik
zlibrarymatrix.code.tex
File: tikzlibrarymatrix.code.tex 2023-01-15 v3.1.10 (3.1.10)
)
(/usr/share/texlive/texmf-dist/tex/generic/pgf/frontendlayer/tikz/libraries/tik
zlibraryshapes.multipart.code.tex
File: tikzlibraryshapes.multipart.code.tex 2023-01-15 v3.1.10 (3.1.10)

(/usr/share/texlive/texmf-dist/tex/generic/pgf/libraries/shapes/pgflibraryshape
s.multipart.code.tex
File: pgflibraryshapes.multipart.code.tex 2023-01-15 v3.1.10 (3.1.10)
\pgfnodepartlowerbox=\box97
\pgfnodeparttwobox=\box98
\pgfnodepartthreebox=\box99
\pgfnodepartfourbox=\box100
\pgfnodeparttwentybox=\box101
\pgfnodepartnineteenbox=\box102
\pgfnodeparteighteenbox=\box103
\pgfnodepartseventeenbox=\box104
\pgfnodepartsixteenbox=\box105
\pgfnodepartfifteenbox=\box106
\pgfnodepartfourteenbox=\box107
\pgfnodepartthirteenbox=\box108
\pgfnodeparttwelvebox=\box109
\pgfnodepartelevenbox=\box110
\pgfnodeparttenbox=\box111
\pgfnodepartninebox=\box112
\pgfnodeparteightbox=\box113
\pgfnodepartsevenbox=\box114
\pgfnodepartsixbox=\box115
\pgfnodepartfivebox=\box116
))
(/usr/share/texlive/texmf-dist/tex/generic/pgf/frontendlayer/tikz/libraries/tik
zlibrarytrees.code.tex
File: tikzlibrarytrees.code.tex 2023-01-15 v3.1.10 (3.1.10)
)))
Package csquotes Info: Checking for multilingual support...
Package csquotes Info: ... found 'babel' package.
Package csquotes Info: Adjusting default style.
Package csquotes Info: Redefining alias 'default' -> 'french'.

(/home/alaeddine/Documents/Manuels_Nexus/.worktrees/finalisation-collection-v1/
Mathematiques/manuel-maths/build/MANUEL_TEXPERTES/.MANUEL_TEXPERTES_professeur.
7bed92f2de49168974ec16c41c465687.run/MANUEL_TEXPERTES_professeur.aux)
\openout1 = MANUEL_TEXPERTES_professeur.aux

LaTeX Font Info:    Checking defaults for OML/cmm/m/it on input line 7.
LaTeX Font Info:    ... okay on input line 7.
LaTeX Font Info:    Checking defaults for OMS/cmsy/m/n on input line 7.
LaTeX Font Info:    ... okay on input line 7.
LaTeX Font Info:    Checking defaults for OT1/cmr/m/n on input line 7.
LaTeX Font Info:    ... okay on input line 7.
LaTeX Font Info:    Checking defaults for T1/cmr/m/n on input line 7.
LaTeX Font Info:    ... okay on input line 7.
LaTeX Font Info:    Checking defaults for TS1/cmr/m/n on input line 7.
LaTeX Font Info:    ... okay on input line 7.
LaTeX Font Info:    Checking defaults for TU/lmr/m/n on input line 7.
LaTeX Font Info:    ... okay on input line 7.
LaTeX Font Info:    Checking defaults for OMX/cmex/m/n on input line 7.
LaTeX Font Info:    ... okay on input line 7.
LaTeX Font Info:    Checking defaults for U/cmr/m/n on input line 7.
LaTeX Font Info:    ... okay on input line 7.
Package french.ldf Info: Setting StandardItemizeEnv=true for
(french.ldf)             compatibility with enumitem package,
(french.ldf)             reported on input line 7.
Package french.ldf Info: Setting StandardEnumerateEnv=true for
(french.ldf)             compatibility with enumitem package,
(french.ldf)             reported on input line 7.
LaTeX Info: Redefining \up on input line 7.
LaTeX Info: Redefining \microtypecontext on input line 7.
Package microtype Info: Applying patch `item' on input line 7.
Package microtype Info: Applying patch `toc' on input line 7.
Package microtype Info: Applying patch `eqnum' on input line 7.
Package microtype Info: Applying patch `footnote' on input line 7.
Package microtype Info: Applying patch `verbatim' on input line 7.
Package microtype Info: Generating PDF output.
Package microtype Info: Character protrusion enabled (level 2).
Package microtype Info: Using default protrusion set `alltext'.
Package microtype Info: Automatic font expansion enabled (level 2),
(microtype)             stretch: 20, shrink: 20, step: 1, non-selected.
Package microtype Info: Using default expansion set `alltext-nott'.
LaTeX Info: Redefining \showhyphens on input line 7.
Package microtype Info: Tracking enabled.
Package microtype Info: Using default tracking set `smallcaps'.
Package microtype Info: No adjustment of spacing.
Package microtype Info: No adjustment of kerning.

(/usr/share/texlive/texmf-dist/tex/latex/microtype/mt-Palatino.cfg
File: mt-Palatino.cfg 2012/03/10 v1.0 microtype config. file: Palatino and simi
lar fonts (LBD)
)
Package microtype Info: Character `ﬆ' is missing
(microtype)             in font `TU/TeXGyrePagella(0)/m/n/9.5'.
(microtype)             Ignoring protrusion settings for this character.
Package microtype Info: Character `ﬅ' is missing
(microtype)             in font `TU/TeXGyrePagella(0)/m/n/9.5'.
(microtype)             Ignoring protrusion settings for this character.
Package microtype Info: Character `‥' is missing
(microtype)             in font `TU/TeXGyrePagella(0)/m/n/9.5'.
(microtype)             Ignoring protrusion settings for this character.
Package microtype Info: Character `‼' is missing
(microtype)             in font `TU/TeXGyrePagella(0)/m/n/9.5'.
(microtype)             Ignoring protrusion settings for this character.
Package microtype Info: Character `⁰' is missing
(microtype)             in font `TU/TeXGyrePagella(0)/m/n/9.5'.
(microtype)             Ignoring protrusion settings for this character.
Package microtype Info: Character `⁴' is missing
(microtype)             in font `TU/TeXGyrePagella(0)/m/n/9.5'.
(microtype)             Ignoring protrusion settings for this character.
Package microtype Info: Character `⁵' is missing
(microtype)             in font `TU/TeXGyrePagella(0)/m/n/9.5'.
(microtype)             Ignoring protrusion settings for this character.
Package microtype Info: Character `⁶' is missing
(microtype)             in font `TU/TeXGyrePagella(0)/m/n/9.5'.
(microtype)             Ignoring protrusion settings for this character.
Package microtype Info: Character `⁷' is missing
(microtype)             in font `TU/TeXGyrePagella(0)/m/n/9.5'.
(microtype)             Ignoring protrusion settings for this character.
Package microtype Info: Character `⁸' is missing
(microtype)             in font `TU/TeXGyrePagella(0)/m/n/9.5'.
(microtype)             Ignoring protrusion settings for this character.
Package microtype Info: Character `⁹' is missing
(microtype)             in font `TU/TeXGyrePagella(0)/m/n/9.5'.
(microtype)             Ignoring protrusion settings for this character.
Package microtype Info: Character `₀' is missing
(microtype)             in font `TU/TeXGyrePagella(0)/m/n/9.5'.
(microtype)             Ignoring protrusion settings for this character.
Package microtype Info: Character `₁' is missing
(microtype)             in font `TU/TeXGyrePagella(0)/m/n/9.5'.
(microtype)             Ignoring protrusion settings for this character.
Package microtype Info: Character `₂' is missing
(microtype)             in font `TU/TeXGyrePagella(0)/m/n/9.5'.
(microtype)             Ignoring protrusion settings for this character.
Package microtype Info: Character `₃' is missing
(microtype)             in font `TU/TeXGyrePagella(0)/m/n/9.5'.
(microtype)             Ignoring protrusion settings for this character.
Package microtype Info: Character `₄' is missing
(microtype)             in font `TU/TeXGyrePagella(0)/m/n/9.5'.
(microtype)             Ignoring protrusion settings for this character.
Package microtype Info: Character `₅' is missing
(microtype)             in font `TU/TeXGyrePagella(0)/m/n/9.5'.
(microtype)             Ignoring protrusion settings for this character.
Package microtype Info: Character `₆' is missing
(microtype)             in font `TU/TeXGyrePagella(0)/m/n/9.5'.
(microtype)             Ignoring protrusion settings for this character.
Package microtype Info: Character `₇' is missing
(microtype)             in font `TU/TeXGyrePagella(0)/m/n/9.5'.
(microtype)             Ignoring protrusion settings for this character.
Package microtype Info: Character `₈' is missing
(microtype)             in font `TU/TeXGyrePagella(0)/m/n/9.5'.
(microtype)             Ignoring protrusion settings for this character.
Package microtype Info: Character `₉' is missing
(microtype)             in font `TU/TeXGyrePagella(0)/m/n/9.5'.
(microtype)             Ignoring protrusion settings for this character.
Package microtype Info: Character `₊' is missing
(microtype)             in font `TU/TeXGyrePagella(0)/m/n/9.5'.
(microtype)             Ignoring protrusion settings for this character.
Package microtype Info: Character `₋' is missing
(microtype)             in font `TU/TeXGyrePagella(0)/m/n/9.5'.
(microtype)             Ignoring protrusion settings for this character.
Package microtype Info: Character `⁺' is missing
(microtype)             in font `TU/TeXGyrePagella(0)/m/n/9.5'.
(microtype)             Ignoring protrusion settings for this character.
Package microtype Info: Character `⁻' is missing
(microtype)             in font `TU/TeXGyrePagella(0)/m/n/9.5'.
(microtype)             Ignoring protrusion settings for this character.

(/usr/share/texlive/texmf-dist/tex/context/base/mkii/supp-pdf.mkii
[Loading MPS to PDF converter (version 2006.09.02).]
\scratchcounter=\count369
\scratchdimen=\dimen324
\scratchbox=\box117
\nofMPsegments=\count370
\nofMParguments=\count371
\everyMPshowfont=\toks60
\MPscratchCnt=\count372
\MPscratchDim=\dimen325
\MPnumerator=\count373
\makeMPintoPDFobject=\count374
\everyMPtoPDFconversion=\toks61
) (/usr/share/texlive/texmf-dist/tex/latex/epstopdf-pkg/epstopdf-base.sty
Package: epstopdf-base 2020-01-24 v2.11 Base part for package epstopdf
Package epstopdf-base Info: Redefining graphics rule for `.eps' on input line 4
85.

(/usr/share/texlive/texmf-dist/tex/latex/latexconfig/epstopdf-sys.cfg
File: epstopdf-sys.cfg 2010/07/13 v1.3 Configuration of (r)epstopdf for TeX Liv
e
))
*geometry* driver: auto-detecting
*geometry* detected driver: luatex
*geometry* verbose mode - [ preamble ] result:
* driver: luatex
* paper: a4paper
* layout: <same size as paper>
* layoutoffset:(h,v)=(0.0pt,0.0pt)
* modes: twoside 
* h-part:(L,W,R)=(56.9055pt, 415.41043pt, 125.19194pt)
* v-part:(T,H,B)=(68.28644pt, 702.78308pt, 73.97733pt)
* \paperwidth=597.50787pt
* \paperheight=845.04684pt
* \textwidth=415.41043pt
* \textheight=702.78308pt
* \oddsidemargin=-15.36449pt
* \evensidemargin=52.92195pt
* \topmargin=-38.15034pt
* \headheight=14.24995pt
* \headsep=19.91684pt
* \topskip=9.5pt
* \footskip=39.89987pt
* \marginparwidth=79.6678pt
* \marginparsep=12.80365pt
* \columnsep=10.0pt
* \skip\footins=8.54997pt plus 3.79958pt minus 1.90039pt
* \hoffset=0.0pt
* \voffset=0.0pt
* \mag=1000
* \@twocolumnfalse
* \@twosidetrue
* \@mparswitchtrue
* \@reversemarginfalse
* (1in=72.27pt=25.4mm, 1cm=28.453pt)

\c@lstlisting=\count375
LaTeX Font Info:    Font shape `TU/TeXGyreHeros(0)/m/n' will be
(Font)              scaled to size 8.93002pt on input line 7.
Package microtype Info: Loading generic protrusion settings for font family
(microtype)             `TeXGyreHeros' (encoding: TU).
(microtype)             For optimal results, create family-specific settings.
(microtype)             See the microtype manual for details.
LaTeX Font Info:    Font shape `TU/TeXGyreHeros(0)/m/n' will be
(Font)              scaled to size 6.11002pt on input line 7.
NEXUS-MARGIN-REPORT-DECORATION-SP:1170548
Package pgfplots notification 'compat/show suggested version=true': document ha
s been generated with the most recent feature set (\pgfplotsset{compat=1.18}).

NEXUS_BUILD_RUN:7bed92f2de49168974ec16c41c465687
LaTeX Font Info:    Font shape `TU/TeXGyreHeros(0)/b/n' will be
(Font)              scaled to size 8.93002pt on input line 9.
LaTeX Font Info:    Font shape `TU/TeXGyreHeros(0)/b/n' will be
(Font)              scaled to size 15.43105pt on input line 9.
LaTeX Font Info:    Font shape `TU/TeXGyreHeros(0)/b/n' will be
(Font)              scaled to size 20.68005pt on input line 9.
Package tocbasic Info: character protrusion at toc deactivated on input line 9.


(/home/alaeddine/Documents/Manuels_Nexus/.worktrees/finalisation-collection-v1/
Mathematiques/manuel-maths/build/MANUEL_TEXPERTES/.MANUEL_TEXPERTES_professeur.
7bed92f2de49168974ec16c41c465687.run/MANUEL_TEXPERTES_professeur.toc
Package microtype Info: Loading generic protrusion settings for font family
(microtype)             `TeXGyrePagellaMath' (encoding: TU).
(microtype)             For optimal results, create family-specific settings.
(microtype)             See the microtype manual for details.

(/usr/share/texlive/texmf-dist/tex/latex/microtype/mt-msa.cfg
File: mt-msa.cfg 2006/02/04 v1.1 microtype config. file: AMS symbols (a) (RS)
)
(/usr/share/texlive/texmf-dist/tex/latex/microtype/mt-msb.cfg
File: mt-msb.cfg 2005/06/01 v1.0 microtype config. file: AMS symbols (b) (RS)
))
\tf@toc=\write4

\openout4 = MANUEL_TEXPERTES_professeur.toc
LaTeX Font Info:    Font shape `TU/TeXGyrePagella(0)/m/sl' in size <9.5> not av
ailable
(Font)              Font shape `TU/TeXGyrePagella(0)/m/it' tried instead on inp
ut line 10.
Package microtype Info: Character `‥' is missing
(microtype)             in font `TU/TeXGyrePagella(0)/m/it/9.5'.
(microtype)             Ignoring protrusion settings for this character.
Package microtype Info: Character `⁰' is missing
(microtype)             in font `TU/TeXGyrePagella(0)/m/it/9.5'.
(microtype)             Ignoring protrusion settings for this character.
Package microtype Info: Character `⁴' is missing
(microtype)             in font `TU/TeXGyrePagella(0)/m/it/9.5'.
(microtype)             Ignoring protrusion settings for this character.
Package microtype Info: Character `⁵' is missing
(microtype)             in font `TU/TeXGyrePagella(0)/m/it/9.5'.
(microtype)             Ignoring protrusion settings for this character.
Package microtype Info: Character `⁶' is missing
(microtype)             in font `TU/TeXGyrePagella(0)/m/it/9.5'.
(microtype)             Ignoring protrusion settings for this character.
Package microtype Info: Character `⁷' is missing
(microtype)             in font `TU/TeXGyrePagella(0)/m/it/9.5'.
(microtype)             Ignoring protrusion settings for this character.
Package microtype Info: Character `⁸' is missing
(microtype)             in font `TU/TeXGyrePagella(0)/m/it/9.5'.
(microtype)             Ignoring protrusion settings for this character.
Package microtype Info: Character `⁹' is missing
(microtype)             in font `TU/TeXGyrePagella(0)/m/it/9.5'.
(microtype)             Ignoring protrusion settings for this character.
Package microtype Info: Character `₀' is missing
(microtype)             in font `TU/TeXGyrePagella(0)/m/it/9.5'.
(microtype)             Ignoring protrusion settings for this character.
Package microtype Info: Character `₁' is missing
(microtype)             in font `TU/TeXGyrePagella(0)/m/it/9.5'.
(microtype)             Ignoring protrusion settings for this character.
Package microtype Info: Character `₂' is missing
(microtype)             in font `TU/TeXGyrePagella(0)/m/it/9.5'.
(microtype)             Ignoring protrusion settings for this character.
Package microtype Info: Character `₃' is missing
(microtype)             in font `TU/TeXGyrePagella(0)/m/it/9.5'.
(microtype)             Ignoring protrusion settings for this character.
Package microtype Info: Character `₄' is missing
(microtype)             in font `TU/TeXGyrePagella(0)/m/it/9.5'.
(microtype)             Ignoring protrusion settings for this character.
Package microtype Info: Character `₅' is missing
(microtype)             in font `TU/TeXGyrePagella(0)/m/it/9.5'.
(microtype)             Ignoring protrusion settings for this character.
Package microtype Info: Character `₆' is missing
(microtype)             in font `TU/TeXGyrePagella(0)/m/it/9.5'.
(microtype)             Ignoring protrusion settings for this character.
Package microtype Info: Character `₇' is missing
(microtype)             in font `TU/TeXGyrePagella(0)/m/it/9.5'.
(microtype)             Ignoring protrusion settings for this character.
Package microtype Info: Character `₈' is missing
(microtype)             in font `TU/TeXGyrePagella(0)/m/it/9.5'.
(microtype)             Ignoring protrusion settings for this character.
Package microtype Info: Character `₉' is missing
(microtype)             in font `TU/TeXGyrePagella(0)/m/it/9.5'.
(microtype)             Ignoring protrusion settings for this character.
Package microtype Info: Character `₊' is missing
(microtype)             in font `TU/TeXGyrePagella(0)/m/it/9.5'.
(microtype)             Ignoring protrusion settings for this character.
Package microtype Info: Character `₋' is missing
(microtype)             in font `TU/TeXGyrePagella(0)/m/it/9.5'.
(microtype)             Ignoring protrusion settings for this character.
Package microtype Info: Character `⁺' is missing
(microtype)             in font `TU/TeXGyrePagella(0)/m/it/9.5'.
(microtype)             Ignoring protrusion settings for this character.
Package microtype Info: Character `⁻' is missing
(microtype)             in font `TU/TeXGyrePagella(0)/m/it/9.5'.
(microtype)             Ignoring protrusion settings for this character.
 [1


{/var/lib/texmf/fonts/map/pdftex/updmap/pdftex.map}]
LaTeX Font Info:    Font shape `TU/TeXGyreHeros(0)/b/n' will be
(Font)              scaled to size 25.38007pt on input line 19.
LaTeX Font Info:    Font shape `TU/TeXGyreHeros(0)/b/n' will be
(Font)              scaled to size 8.1487pt on input line 19.
LaTeX Font Info:    Calculating math sizes for size <8.66881> on input line 19.

LaTeX Font Info:    Font shape `TU/TeXGyreHeros(0)/b/n' will be
(Font)              scaled to size 197.40051pt on input line 19.
LaTeX Font Info:    Font shape `TU/TeXGyreHeros(0)/b/n' will be
(Font)              scaled to size 14.10004pt on input line 19.
LaTeX Font Info:    Font shape `TU/TeXGyreHeros(0)/b/n' will be
(Font)              scaled to size 10.71599pt on input line 19.
Package microtype Info: Character `ﬆ' is missing
(microtype)             in font `TU/TeXGyrePagella(0)/m/n/8.66881'.
(microtype)             Ignoring protrusion settings for this character.
Package microtype Info: Character `ﬅ' is missing
(microtype)             in font `TU/TeXGyrePagella(0)/m/n/8.66881'.
(microtype)             Ignoring protrusion settings for this character.
Package microtype Info: Character `‥' is missing
(microtype)             in font `TU/TeXGyrePagella(0)/m/n/8.66881'.
(microtype)             Ignoring protrusion settings for this character.
Package microtype Info: Character `‼' is missing
(microtype)             in font `TU/TeXGyrePagella(0)/m/n/8.66881'.
(microtype)             Ignoring protrusion settings for this character.
Package microtype Info: Character `⁰' is missing
(microtype)             in font `TU/TeXGyrePagella(0)/m/n/8.66881'.
(microtype)             Ignoring protrusion settings for this character.
Package microtype Info: Character `⁴' is missing
(microtype)             in font `TU/TeXGyrePagella(0)/m/n/8.66881'.
(microtype)             Ignoring protrusion settings for this character.
Package microtype Info: Character `⁵' is missing
(microtype)             in font `TU/TeXGyrePagella(0)/m/n/8.66881'.
(microtype)             Ignoring protrusion settings for this character.
Package microtype Info: Character `⁶' is missing
(microtype)             in font `TU/TeXGyrePagella(0)/m/n/8.66881'.
(microtype)             Ignoring protrusion settings for this character.
Package microtype Info: Character `⁷' is missing
(microtype)             in font `TU/TeXGyrePagella(0)/m/n/8.66881'.
(microtype)             Ignoring protrusion settings for this character.
Package microtype Info: Character `⁸' is missing
(microtype)             in font `TU/TeXGyrePagella(0)/m/n/8.66881'.
(microtype)             Ignoring protrusion settings for this character.
Package microtype Info: Character `⁹' is missing
(microtype)             in font `TU/TeXGyrePagella(0)/m/n/8.66881'.
(microtype)             Ignoring protrusion settings for this character.
Package microtype Info: Character `₀' is missing
(microtype)             in font `TU/TeXGyrePagella(0)/m/n/8.66881'.
(microtype)             Ignoring protrusion settings for this character.
Package microtype Info: Character `₁' is missing
(microtype)             in font `TU/TeXGyrePagella(0)/m/n/8.66881'.
(microtype)             Ignoring protrusion settings for this character.
Package microtype Info: Character `₂' is missing
(microtype)             in font `TU/TeXGyrePagella(0)/m/n/8.66881'.
(microtype)             Ignoring protrusion settings for this character.
Package microtype Info: Character `₃' is missing
(microtype)             in font `TU/TeXGyrePagella(0)/m/n/8.66881'.
(microtype)             Ignoring protrusion settings for this character.
Package microtype Info: Character `₄' is missing
(microtype)             in font `TU/TeXGyrePagella(0)/m/n/8.66881'.
(microtype)             Ignoring protrusion settings for this character.
Package microtype Info: Character `₅' is missing
(microtype)             in font `TU/TeXGyrePagella(0)/m/n/8.66881'.
(microtype)             Ignoring protrusion settings for this character.
Package microtype Info: Character `₆' is missing
(microtype)             in font `TU/TeXGyrePagella(0)/m/n/8.66881'.
(microtype)             Ignoring protrusion settings for this character.
Package microtype Info: Character `₇' is missing
(microtype)             in font `TU/TeXGyrePagella(0)/m/n/8.66881'.
(microtype)             Ignoring protrusion settings for this character.
Package microtype Info: Character `₈' is missing
(microtype)             in font `TU/TeXGyrePagella(0)/m/n/8.66881'.
(microtype)             Ignoring protrusion settings for this character.
Package microtype Info: Character `₉' is missing
(microtype)             in font `TU/TeXGyrePagella(0)/m/n/8.66881'.
(microtype)             Ignoring protrusion settings for this character.
Package microtype Info: Character `₊' is missing
(microtype)             in font `TU/TeXGyrePagella(0)/m/n/8.66881'.
(microtype)             Ignoring protrusion settings for this character.
Package microtype Info: Character `₋' is missing
(microtype)             in font `TU/TeXGyrePagella(0)/m/n/8.66881'.
(microtype)             Ignoring protrusion settings for this character.
Package microtype Info: Character `⁺' is missing
(microtype)             in font `TU/TeXGyrePagella(0)/m/n/8.66881'.
(microtype)             Ignoring protrusion settings for this character.
Package microtype Info: Character `⁻' is missing
(microtype)             in font `TU/TeXGyrePagella(0)/m/n/8.66881'.
(microtype)             Ignoring protrusion settings for this character.
Package microtype Info: Character `ﬆ' is missing
(microtype)             in font `TU/TeXGyrePagella(0)/b/n/9.5'.
(microtype)             Ignoring protrusion settings for this character.
Package microtype Info: Character `ﬅ' is missing
(microtype)             in font `TU/TeXGyrePagella(0)/b/n/9.5'.
(microtype)             Ignoring protrusion settings for this character.
Package microtype Info: Character `‥' is missing
(microtype)             in font `TU/TeXGyrePagella(0)/b/n/9.5'.
(microtype)             Ignoring protrusion settings for this character.
Package microtype Info: Character `‼' is missing
(microtype)             in font `TU/TeXGyrePagella(0)/b/n/9.5'.
(microtype)             Ignoring protrusion settings for this character.
Package microtype Info: Character `⁰' is missing
(microtype)             in font `TU/TeXGyrePagella(0)/b/n/9.5'.
(microtype)             Ignoring protrusion settings for this character.
Package microtype Info: Character `⁴' is missing
(microtype)             in font `TU/TeXGyrePagella(0)/b/n/9.5'.
(microtype)             Ignoring protrusion settings for this character.
Package microtype Info: Character `⁵' is missing
(microtype)             in font `TU/TeXGyrePagella(0)/b/n/9.5'.
(microtype)             Ignoring protrusion settings for this character.
Package microtype Info: Character `⁶' is missing
(microtype)             in font `TU/TeXGyrePagella(0)/b/n/9.5'.
(microtype)             Ignoring protrusion settings for this character.
Package microtype Info: Character `⁷' is missing
(microtype)             in font `TU/TeXGyrePagella(0)/b/n/9.5'.
(microtype)             Ignoring protrusion settings for this character.
Package microtype Info: Character `⁸' is missing
(microtype)             in font `TU/TeXGyrePagella(0)/b/n/9.5'.
(microtype)             Ignoring protrusion settings for this character.
Package microtype Info: Character `⁹' is missing
(microtype)             in font `TU/TeXGyrePagella(0)/b/n/9.5'.
(microtype)             Ignoring protrusion settings for this character.
Package microtype Info: Character `₀' is missing
(microtype)             in font `TU/TeXGyrePagella(0)/b/n/9.5'.
(microtype)             Ignoring protrusion settings for this character.
Package microtype Info: Character `₁' is missing
(microtype)             in font `TU/TeXGyrePagella(0)/b/n/9.5'.
(microtype)             Ignoring protrusion settings for this character.
Package microtype Info: Character `₂' is missing
(microtype)             in font `TU/TeXGyrePagella(0)/b/n/9.5'.
(microtype)             Ignoring protrusion settings for this character.
Package microtype Info: Character `₃' is missing
(microtype)             in font `TU/TeXGyrePagella(0)/b/n/9.5'.
(microtype)             Ignoring protrusion settings for this character.
Package microtype Info: Character `₄' is missing
(microtype)             in font `TU/TeXGyrePagella(0)/b/n/9.5'.
(microtype)             Ignoring protrusion settings for this character.
Package microtype Info: Character `₅' is missing
(microtype)             in font `TU/TeXGyrePagella(0)/b/n/9.5'.
(microtype)             Ignoring protrusion settings for this character.
Package microtype Info: Character `₆' is missing
(microtype)             in font `TU/TeXGyrePagella(0)/b/n/9.5'.
(microtype)             Ignoring protrusion settings for this character.
Package microtype Info: Character `₇' is missing
(microtype)             in font `TU/TeXGyrePagella(0)/b/n/9.5'.
(microtype)             Ignoring protrusion settings for this character.
Package microtype Info: Character `₈' is missing
(microtype)             in font `TU/TeXGyrePagella(0)/b/n/9.5'.
(microtype)             Ignoring protrusion settings for this character.
Package microtype Info: Character `₉' is missing
(microtype)             in font `TU/TeXGyrePagella(0)/b/n/9.5'.
(microtype)             Ignoring protrusion settings for this character.
Package microtype Info: Character `₊' is missing
(microtype)             in font `TU/TeXGyrePagella(0)/b/n/9.5'.
(microtype)             Ignoring protrusion settings for this character.
Package microtype Info: Character `₋' is missing
(microtype)             in font `TU/TeXGyrePagella(0)/b/n/9.5'.
(microtype)             Ignoring protrusion settings for this character.
Package microtype Info: Character `⁺' is missing
(microtype)             in font `TU/TeXGyrePagella(0)/b/n/9.5'.
(microtype)             Ignoring protrusion settings for this character.
Package microtype Info: Character `⁻' is missing
(microtype)             in font `TU/TeXGyrePagella(0)/b/n/9.5'.
(microtype)             Ignoring protrusion settings for this character.
 [2]
NEXUS_OBJECT_BEGIN:1d4d046511e70cdab1eed55a898c9013f65c90b3
(./chapitres/TEXP-COMPLEXES-ALGEBRE-GEOMETRIE/cours/10_C1_algebre.tex
LaTeX Font Info:    Font shape `TU/TeXGyreHeros(0)/b/n' will be
(Font)              scaled to size 12.85925pt on input line 3.
LaTeX Font Info:    Font shape `TU/TeXGyreHeros(0)/b/n' will be
(Font)              scaled to size 11.46802pt on input line 3.
LaTeX Font Info:    Font shape `TU/TeXGyreHeros(0)/b/n' will be
(Font)              scaled to size 7.52002pt on input line 11.

Package fontspec Info: Font family 'TeXGyreHeros(2)' created for font 'TeX
(fontspec)             Gyre Heros' with options
(fontspec)             [Ligatures=TeX,Ligatures=TeX,Scale=0.94,LetterSpace=8].
(fontspec)              
(fontspec)              This font family consists of the following NFSS
(fontspec)             series/shapes:
(fontspec)              
(fontspec)             - 'normal' (m/n) with NFSS spec.:
(fontspec)             <->s*[0.94]"TeXGyreHeros:mode=node;script=latn;language=
dflt;letterspace=8;+tlig;"
(fontspec)             - 'small caps'  (m/sc) with NFSS spec.:
(fontspec)             <->s*[0.94]"TeXGyreHeros:mode=node;script=latn;language=
dflt;letterspace=8;+tlig;+smcp;"
(fontspec)             - 'bold' (b/n) with NFSS spec.:
(fontspec)             <->s*[0.94]"TeXGyreHeros/B:mode=node;script=latn;languag
e=dflt;letterspace=8;+tlig;"
(fontspec)             - 'bold small caps'  (b/sc) with NFSS spec.:
(fontspec)             <->s*[0.94]"TeXGyreHeros/B:mode=node;script=latn;languag
e=dflt;letterspace=8;+tlig;+smcp;"
(fontspec)             - 'italic' (m/it) with NFSS spec.:
(fontspec)             <->s*[0.94]"TeXGyreHeros/I:mode=node;script=latn;languag
e=dflt;letterspace=8;+tlig;"
(fontspec)             - 'italic small caps'  (m/scit) with NFSS spec.:
(fontspec)             <->s*[0.94]"TeXGyreHeros/I:mode=node;script=latn;languag
e=dflt;letterspace=8;+tlig;+smcp;"
(fontspec)             - 'bold italic' (b/it) with NFSS spec.:
(fontspec)             <->s*[0.94]"TeXGyreHeros/BI:mode=node;script=latn;langua
ge=dflt;letterspace=8;+tlig;"
(fontspec)             - 'bold italic small caps'  (b/scit) with NFSS spec.:
(fontspec)             <->s*[0.94]"TeXGyreHeros/BI:mode=node;script=latn;langua
ge=dflt;letterspace=8;+tlig;+smcp;"

LaTeX Font Info:    Font shape `TU/TeXGyreHeros(2)/b/n' will be
(Font)              scaled to size 7.52002pt on input line 11.
Inserting `luaotfload.letterspace' in `pre_linebreak_filter'.
Inserting `luaotfload.letterspace' in `hpack_filter'.
Package microtype Info: Character `ﬆ' is missing
(microtype)             in font `TU/TeXGyrePagella(1)/m/n/9.5'.
(microtype)             Ignoring protrusion settings for this character.
Package microtype Info: Character `ﬅ' is missing
(microtype)             in font `TU/TeXGyrePagella(1)/m/n/9.5'.
(microtype)             Ignoring protrusion settings for this character.
Package microtype Info: Character `‥' is missing
(microtype)             in font `TU/TeXGyrePagella(1)/m/n/9.5'.
(microtype)             Ignoring protrusion settings for this character.
Package microtype Info: Character `‼' is missing
(microtype)             in font `TU/TeXGyrePagella(1)/m/n/9.5'.
(microtype)             Ignoring protrusion settings for this character.
Package microtype Info: Character `⁰' is missing
(microtype)             in font `TU/TeXGyrePagella(1)/m/n/9.5'.
(microtype)             Ignoring protrusion settings for this character.
Package microtype Info: Character `⁴' is missing
(microtype)             in font `TU/TeXGyrePagella(1)/m/n/9.5'.
(microtype)             Ignoring protrusion settings for this character.
Package microtype Info: Character `⁵' is missing
(microtype)             in font `TU/TeXGyrePagella(1)/m/n/9.5'.
(microtype)             Ignoring protrusion settings for this character.
Package microtype Info: Character `⁶' is missing
(microtype)             in font `TU/TeXGyrePagella(1)/m/n/9.5'.
(microtype)             Ignoring protrusion settings for this character.
Package microtype Info: Character `⁷' is missing
(microtype)             in font `TU/TeXGyrePagella(1)/m/n/9.5'.
(microtype)             Ignoring protrusion settings for this character.
Package microtype Info: Character `⁸' is missing
(microtype)             in font `TU/TeXGyrePagella(1)/m/n/9.5'.
(microtype)             Ignoring protrusion settings for this character.
Package microtype Info: Character `⁹' is missing
(microtype)             in font `TU/TeXGyrePagella(1)/m/n/9.5'.
(microtype)             Ignoring protrusion settings for this character.
Package microtype Info: Character `₀' is missing
(microtype)             in font `TU/TeXGyrePagella(1)/m/n/9.5'.
(microtype)             Ignoring protrusion settings for this character.
Package microtype Info: Character `₁' is missing
(microtype)             in font `TU/TeXGyrePagella(1)/m/n/9.5'.
(microtype)             Ignoring protrusion settings for this character.
Package microtype Info: Character `₂' is missing
(microtype)             in font `TU/TeXGyrePagella(1)/m/n/9.5'.
(microtype)             Ignoring protrusion settings for this character.
Package microtype Info: Character `₃' is missing
(microtype)             in font `TU/TeXGyrePagella(1)/m/n/9.5'.
(microtype)             Ignoring protrusion settings for this character.
Package microtype Info: Character `₄' is missing
(microtype)             in font `TU/TeXGyrePagella(1)/m/n/9.5'.
(microtype)             Ignoring protrusion settings for this character.
Package microtype Info: Character `₅' is missing
(microtype)             in font `TU/TeXGyrePagella(1)/m/n/9.5'.
(microtype)             Ignoring protrusion settings for this character.
Package microtype Info: Character `₆' is missing
(microtype)             in font `TU/TeXGyrePagella(1)/m/n/9.5'.
(microtype)             Ignoring protrusion settings for this character.
Package microtype Info: Character `₇' is missing
(microtype)             in font `TU/TeXGyrePagella(1)/m/n/9.5'.
(microtype)             Ignoring protrusion settings for this character.
Package microtype Info: Character `₈' is missing
(microtype)             in font `TU/TeXGyrePagella(1)/m/n/9.5'.
(microtype)             Ignoring protrusion settings for this character.
Package microtype Info: Character `₉' is missing
(microtype)             in font `TU/TeXGyrePagella(1)/m/n/9.5'.
(microtype)             Ignoring protrusion settings for this character.
Package microtype Info: Character `₊' is missing
(microtype)             in font `TU/TeXGyrePagella(1)/m/n/9.5'.
(microtype)             Ignoring protrusion settings for this character.
Package microtype Info: Character `₋' is missing
(microtype)             in font `TU/TeXGyrePagella(1)/m/n/9.5'.
(microtype)             Ignoring protrusion settings for this character.
Package microtype Info: Character `⁺' is missing
(microtype)             in font `TU/TeXGyrePagella(1)/m/n/9.5'.
(microtype)             Ignoring protrusion settings for this character.
Package microtype Info: Character `⁻' is missing
(microtype)             in font `TU/TeXGyrePagella(1)/m/n/9.5'.
(microtype)             Ignoring protrusion settings for this character.
Package microtype Info: Character `ﬆ' is missing
(microtype)             in font `TU/TeXGyrePagella(1)/m/n/7.03'.
(microtype)             Ignoring protrusion settings for this character.
Package microtype Info: Character `ﬅ' is missing
(microtype)             in font `TU/TeXGyrePagella(1)/m/n/7.03'.
(microtype)             Ignoring protrusion settings for this character.
Package microtype Info: Character `‥' is missing
(microtype)             in font `TU/TeXGyrePagella(1)/m/n/7.03'.
(microtype)             Ignoring protrusion settings for this character.
Package microtype Info: Character `‼' is missing
(microtype)             in font `TU/TeXGyrePagella(1)/m/n/7.03'.
(microtype)             Ignoring protrusion settings for this character.
Package microtype Info: Character `⁰' is missing
(microtype)             in font `TU/TeXGyrePagella(1)/m/n/7.03'.
(microtype)             Ignoring protrusion settings for this character.
Package microtype Info: Character `⁴' is missing
(microtype)             in font `TU/TeXGyrePagella(1)/m/n/7.03'.
(microtype)             Ignoring protrusion settings for this character.
Package microtype Info: Character `⁵' is missing
(microtype)             in font `TU/TeXGyrePagella(1)/m/n/7.03'.
(microtype)             Ignoring protrusion settings for this character.
Package microtype Info: Character `⁶' is missing
(microtype)             in font `TU/TeXGyrePagella(1)/m/n/7.03'.
(microtype)             Ignoring protrusion settings for this character.
Package microtype Info: Character `⁷' is missing
(microtype)             in font `TU/TeXGyrePagella(1)/m/n/7.03'.
(microtype)             Ignoring protrusion settings for this character.
Package microtype Info: Character `⁸' is missing
(microtype)             in font `TU/TeXGyrePagella(1)/m/n/7.03'.
(microtype)             Ignoring protrusion settings for this character.
Package microtype Info: Character `⁹' is missing
(microtype)             in font `TU/TeXGyrePagella(1)/m/n/7.03'.
(microtype)             Ignoring protrusion settings for this character.
Package microtype Info: Character `₀' is missing
(microtype)             in font `TU/TeXGyrePagella(1)/m/n/7.03'.
(microtype)             Ignoring protrusion settings for this character.
Package microtype Info: Character `₁' is missing
(microtype)             in font `TU/TeXGyrePagella(1)/m/n/7.03'.
(microtype)             Ignoring protrusion settings for this character.
Package microtype Info: Character `₂' is missing
(microtype)             in font `TU/TeXGyrePagella(1)/m/n/7.03'.
(microtype)             Ignoring protrusion settings for this character.
Package microtype Info: Character `₃' is missing
(microtype)             in font `TU/TeXGyrePagella(1)/m/n/7.03'.
(microtype)             Ignoring protrusion settings for this character.
Package microtype Info: Character `₄' is missing
(microtype)             in font `TU/TeXGyrePagella(1)/m/n/7.03'.
(microtype)             Ignoring protrusion settings for this character.
Package microtype Info: Character `₅' is missing
(microtype)             in font `TU/TeXGyrePagella(1)/m/n/7.03'.
(microtype)             Ignoring protrusion settings for this character.
Package microtype Info: Character `₆' is missing
(microtype)             in font `TU/TeXGyrePagella(1)/m/n/7.03'.
(microtype)             Ignoring protrusion settings for this character.
Package microtype Info: Character `₇' is missing
(microtype)             in font `TU/TeXGyrePagella(1)/m/n/7.03'.
(microtype)             Ignoring protrusion settings for this character.
Package microtype Info: Character `₈' is missing
(microtype)             in font `TU/TeXGyrePagella(1)/m/n/7.03'.
(microtype)             Ignoring protrusion settings for this character.
Package microtype Info: Character `₉' is missing
(microtype)             in font `TU/TeXGyrePagella(1)/m/n/7.03'.
(microtype)             Ignoring protrusion settings for this character.
Package microtype Info: Character `₊' is missing
(microtype)             in font `TU/TeXGyrePagella(1)/m/n/7.03'.
(microtype)             Ignoring protrusion settings for this character.
Package microtype Info: Character `₋' is missing
(microtype)             in font `TU/TeXGyrePagella(1)/m/n/7.03'.
(microtype)             Ignoring protrusion settings for this character.
Package microtype Info: Character `⁺' is missing
(microtype)             in font `TU/TeXGyrePagella(1)/m/n/7.03'.
(microtype)             Ignoring protrusion settings for this character.
Package microtype Info: Character `⁻' is missing
(microtype)             in font `TU/TeXGyrePagella(1)/m/n/7.03'.
(microtype)             Ignoring protrusion settings for this character.
Package microtype Info: Character `ﬆ' is missing
(microtype)             in font `TU/TeXGyrePagella(1)/m/n/5.225'.
(microtype)             Ignoring protrusion settings for this character.
Package microtype Info: Character `ﬅ' is missing
(microtype)             in font `TU/TeXGyrePagella(1)/m/n/5.225'.
(microtype)             Ignoring protrusion settings for this character.
Package microtype Info: Character `‥' is missing
(microtype)             in font `TU/TeXGyrePagella(1)/m/n/5.225'.
(microtype)             Ignoring protrusion settings for this character.
Package microtype Info: Character `‼' is missing
(microtype)             in font `TU/TeXGyrePagella(1)/m/n/5.225'.
(microtype)             Ignoring protrusion settings for this character.
Package microtype Info: Character `⁰' is missing
(microtype)             in font `TU/TeXGyrePagella(1)/m/n/5.225'.
(microtype)             Ignoring protrusion settings for this character.
Package microtype Info: Character `⁴' is missing
(microtype)             in font `TU/TeXGyrePagella(1)/m/n/5.225'.
(microtype)             Ignoring protrusion settings for this character.
Package microtype Info: Character `⁵' is missing
(microtype)             in font `TU/TeXGyrePagella(1)/m/n/5.225'.
(microtype)             Ignoring protrusion settings for this character.
Package microtype Info: Character `⁶' is missing
(microtype)             in font `TU/TeXGyrePagella(1)/m/n/5.225'.
(microtype)             Ignoring protrusion settings for this character.
Package microtype Info: Character `⁷' is missing
(microtype)             in font `TU/TeXGyrePagella(1)/m/n/5.225'.
(microtype)             Ignoring protrusion settings for this character.
Package microtype Info: Character `⁸' is missing
(microtype)             in font `TU/TeXGyrePagella(1)/m/n/5.225'.
(microtype)             Ignoring protrusion settings for this character.
Package microtype Info: Character `⁹' is missing
(microtype)             in font `TU/TeXGyrePagella(1)/m/n/5.225'.
(microtype)             Ignoring protrusion settings for this character.
Package microtype Info: Character `₀' is missing
(microtype)             in font `TU/TeXGyrePagella(1)/m/n/5.225'.
(microtype)             Ignoring protrusion settings for this character.
Package microtype Info: Character `₁' is missing
(microtype)             in font `TU/TeXGyrePagella(1)/m/n/5.225'.
(microtype)             Ignoring protrusion settings for this character.
Package microtype Info: Character `₂' is missing
(microtype)             in font `TU/TeXGyrePagella(1)/m/n/5.225'.
(microtype)             Ignoring protrusion settings for this character.
Package microtype Info: Character `₃' is missing
(microtype)             in font `TU/TeXGyrePagella(1)/m/n/5.225'.
(microtype)             Ignoring protrusion settings for this character.
Package microtype Info: Character `₄' is missing
(microtype)             in font `TU/TeXGyrePagella(1)/m/n/5.225'.
(microtype)             Ignoring protrusion settings for this character.
Package microtype Info: Character `₅' is missing
(microtype)             in font `TU/TeXGyrePagella(1)/m/n/5.225'.
(microtype)             Ignoring protrusion settings for this character.
Package microtype Info: Character `₆' is missing
(microtype)             in font `TU/TeXGyrePagella(1)/m/n/5.225'.
(microtype)             Ignoring protrusion settings for this character.
Package microtype Info: Character `₇' is missing
(microtype)             in font `TU/TeXGyrePagella(1)/m/n/5.225'.
(microtype)             Ignoring protrusion settings for this character.
Package microtype Info: Character `₈' is missing
(microtype)             in font `TU/TeXGyrePagella(1)/m/n/5.225'.
(microtype)             Ignoring protrusion settings for this character.
Package microtype Info: Character `₉' is missing
(microtype)             in font `TU/TeXGyrePagella(1)/m/n/5.225'.
(microtype)             Ignoring protrusion settings for this character.
Package microtype Info: Character `₊' is missing
(microtype)             in font `TU/TeXGyrePagella(1)/m/n/5.225'.
(microtype)             Ignoring protrusion settings for this character.
Package microtype Info: Character `₋' is missing
(microtype)             in font `TU/TeXGyrePagella(1)/m/n/5.225'.
(microtype)             Ignoring protrusion settings for this character.
Package microtype Info: Character `⁺' is missing
(microtype)             in font `TU/TeXGyrePagella(1)/m/n/5.225'.
(microtype)             Ignoring protrusion settings for this character.
Package microtype Info: Character `⁻' is missing
(microtype)             in font `TU/TeXGyrePagella(1)/m/n/5.225'.
(microtype)             Ignoring protrusion settings for this character.
Package microtype Info: Character `ﬆ' is missing
(microtype)             in font `TU/TeXGyrePagella(1)/m/n/8'.
(microtype)             Ignoring protrusion settings for this character.
Package microtype Info: Character `ﬅ' is missing
(microtype)             in font `TU/TeXGyrePagella(1)/m/n/8'.
(microtype)             Ignoring protrusion settings for this character.
Package microtype Info: Character `‥' is missing
(microtype)             in font `TU/TeXGyrePagella(1)/m/n/8'.
(microtype)             Ignoring protrusion settings for this character.
Package microtype Info: Character `‼' is missing
(microtype)             in font `TU/TeXGyrePagella(1)/m/n/8'.
(microtype)             Ignoring protrusion settings for this character.
Package microtype Info: Character `⁰' is missing
(microtype)             in font `TU/TeXGyrePagella(1)/m/n/8'.
(microtype)             Ignoring protrusion settings for this character.
Package microtype Info: Character `⁴' is missing
(microtype)             in font `TU/TeXGyrePagella(1)/m/n/8'.
(microtype)             Ignoring protrusion settings for this character.
Package microtype Info: Character `⁵' is missing
(microtype)             in font `TU/TeXGyrePagella(1)/m/n/8'.
(microtype)             Ignoring protrusion settings for this character.
Package microtype Info: Character `⁶' is missing
(microtype)             in font `TU/TeXGyrePagella(1)/m/n/8'.
(microtype)             Ignoring protrusion settings for this character.
Package microtype Info: Character `⁷' is missing
(microtype)             in font `TU/TeXGyrePagella(1)/m/n/8'.
(microtype)             Ignoring protrusion settings for this character.
Package microtype Info: Character `⁸' is missing
(microtype)             in font `TU/TeXGyrePagella(1)/m/n/8'.
(microtype)             Ignoring protrusion settings for this character.
Package microtype Info: Character `⁹' is missing
(microtype)             in font `TU/TeXGyrePagella(1)/m/n/8'.
(microtype)             Ignoring protrusion settings for this character.
Package microtype Info: Character `₀' is missing
(microtype)             in font `TU/TeXGyrePagella(1)/m/n/8'.
(microtype)             Ignoring protrusion settings for this character.
Package microtype Info: Character `₁' is missing
(microtype)             in font `TU/TeXGyrePagella(1)/m/n/8'.
(microtype)             Ignoring protrusion settings for this character.
Package microtype Info: Character `₂' is missing
(microtype)             in font `TU/TeXGyrePagella(1)/m/n/8'.
(microtype)             Ignoring protrusion settings for this character.
Package microtype Info: Character `₃' is missing
(microtype)             in font `TU/TeXGyrePagella(1)/m/n/8'.
(microtype)             Ignoring protrusion settings for this character.
Package microtype Info: Character `₄' is missing
(microtype)             in font `TU/TeXGyrePagella(1)/m/n/8'.
(microtype)             Ignoring protrusion settings for this character.
Package microtype Info: Character `₅' is missing
(microtype)             in font `TU/TeXGyrePagella(1)/m/n/8'.
(microtype)             Ignoring protrusion settings for this character.
Package microtype Info: Character `₆' is missing
(microtype)             in font `TU/TeXGyrePagella(1)/m/n/8'.
(microtype)             Ignoring protrusion settings for this character.
Package microtype Info: Character `₇' is missing
(microtype)             in font `TU/TeXGyrePagella(1)/m/n/8'.
(microtype)             Ignoring protrusion settings for this character.
Package microtype Info: Character `₈' is missing
(microtype)             in font `TU/TeXGyrePagella(1)/m/n/8'.
(microtype)             Ignoring protrusion settings for this character.
Package microtype Info: Character `₉' is missing
(microtype)             in font `TU/TeXGyrePagella(1)/m/n/8'.
(microtype)             Ignoring protrusion settings for this character.
Package microtype Info: Character `₊' is missing
(microtype)             in font `TU/TeXGyrePagella(1)/m/n/8'.
(microtype)             Ignoring protrusion settings for this character.
Package microtype Info: Character `₋' is missing
(microtype)             in font `TU/TeXGyrePagella(1)/m/n/8'.
(microtype)             Ignoring protrusion settings for this character.
Package microtype Info: Character `⁺' is missing
(microtype)             in font `TU/TeXGyrePagella(1)/m/n/8'.
(microtype)             Ignoring protrusion settings for this character.
Package microtype Info: Character `⁻' is missing
(microtype)             in font `TU/TeXGyrePagella(1)/m/n/8'.
(microtype)             Ignoring protrusion settings for this character.
Package microtype Info: Character `ﬆ' is missing
(microtype)             in font `TU/TeXGyrePagella(1)/m/n/6'.
(microtype)             Ignoring protrusion settings for this character.
Package microtype Info: Character `ﬅ' is missing
(microtype)             in font `TU/TeXGyrePagella(1)/m/n/6'.
(microtype)             Ignoring protrusion settings for this character.
Package microtype Info: Character `‥' is missing
(microtype)             in font `TU/TeXGyrePagella(1)/m/n/6'.
(microtype)             Ignoring protrusion settings for this character.
Package microtype Info: Character `‼' is missing
(microtype)             in font `TU/TeXGyrePagella(1)/m/n/6'.
(microtype)             Ignoring protrusion settings for this character.
Package microtype Info: Character `⁰' is missing
(microtype)             in font `TU/TeXGyrePagella(1)/m/n/6'.
(microtype)             Ignoring protrusion settings for this character.
Package microtype Info: Character `⁴' is missing
(microtype)             in font `TU/TeXGyrePagella(1)/m/n/6'.
(microtype)             Ignoring protrusion settings for this character.
Package microtype Info: Character `⁵' is missing
(microtype)             in font `TU/TeXGyrePagella(1)/m/n/6'.
(microtype)             Ignoring protrusion settings for this character.
Package microtype Info: Character `⁶' is missing
(microtype)             in font `TU/TeXGyrePagella(1)/m/n/6'.
(microtype)             Ignoring protrusion settings for this character.
Package microtype Info: Character `⁷' is missing
(microtype)             in font `TU/TeXGyrePagella(1)/m/n/6'.
(microtype)             Ignoring protrusion settings for this character.
Package microtype Info: Character `⁸' is missing
(microtype)             in font `TU/TeXGyrePagella(1)/m/n/6'.
(microtype)             Ignoring protrusion settings for this character.
Package microtype Info: Character `⁹' is missing
(microtype)             in font `TU/TeXGyrePagella(1)/m/n/6'.
(microtype)             Ignoring protrusion settings for this character.
Package microtype Info: Character `₀' is missing
(microtype)             in font `TU/TeXGyrePagella(1)/m/n/6'.
(microtype)             Ignoring protrusion settings for this character.
Package microtype Info: Character `₁' is missing
(microtype)             in font `TU/TeXGyrePagella(1)/m/n/6'.
(microtype)             Ignoring protrusion settings for this character.
Package microtype Info: Character `₂' is missing
(microtype)             in font `TU/TeXGyrePagella(1)/m/n/6'.
(microtype)             Ignoring protrusion settings for this character.
Package microtype Info: Character `₃' is missing
(microtype)             in font `TU/TeXGyrePagella(1)/m/n/6'.
(microtype)             Ignoring protrusion settings for this character.
Package microtype Info: Character `₄' is missing
(microtype)             in font `TU/TeXGyrePagella(1)/m/n/6'.
(microtype)             Ignoring protrusion settings for this character.
Package microtype Info: Character `₅' is missing
(microtype)             in font `TU/TeXGyrePagella(1)/m/n/6'.
(microtype)             Ignoring protrusion settings for this character.
Package microtype Info: Character `₆' is missing
(microtype)             in font `TU/TeXGyrePagella(1)/m/n/6'.
(microtype)             Ignoring protrusion settings for this character.
Package microtype Info: Character `₇' is missing
(microtype)             in font `TU/TeXGyrePagella(1)/m/n/6'.
(microtype)             Ignoring protrusion settings for this character.
Package microtype Info: Character `₈' is missing
(microtype)             in font `TU/TeXGyrePagella(1)/m/n/6'.
(microtype)             Ignoring protrusion settings for this character.
Package microtype Info: Character `₉' is missing
(microtype)             in font `TU/TeXGyrePagella(1)/m/n/6'.
(microtype)             Ignoring protrusion settings for this character.
Package microtype Info: Character `₊' is missing
(microtype)             in font `TU/TeXGyrePagella(1)/m/n/6'.
(microtype)             Ignoring protrusion settings for this character.
Package microtype Info: Character `₋' is missing
(microtype)             in font `TU/TeXGyrePagella(1)/m/n/6'.
(microtype)             Ignoring protrusion settings for this character.
Package microtype Info: Character `⁺' is missing
(microtype)             in font `TU/TeXGyrePagella(1)/m/n/6'.
(microtype)             Ignoring protrusion settings for this character.
Package microtype Info: Character `⁻' is missing
(microtype)             in font `TU/TeXGyrePagella(1)/m/n/6'.
(microtype)             Ignoring protrusion settings for this character.
Package microtype Info: Character `ﬆ' is missing
(microtype)             in font `TU/TeXGyrePagella(1)/m/n/5'.
(microtype)             Ignoring protrusion settings for this character.
Package microtype Info: Character `ﬅ' is missing
(microtype)             in font `TU/TeXGyrePagella(1)/m/n/5'.
(microtype)             Ignoring protrusion settings for this character.
Package microtype Info: Character `‥' is missing
(microtype)             in font `TU/TeXGyrePagella(1)/m/n/5'.
(microtype)             Ignoring protrusion settings for this character.
Package microtype Info: Character `‼' is missing
(microtype)             in font `TU/TeXGyrePagella(1)/m/n/5'.
(microtype)             Ignoring protrusion settings for this character.
Package microtype Info: Character `⁰' is missing
(microtype)             in font `TU/TeXGyrePagella(1)/m/n/5'.
(microtype)             Ignoring protrusion settings for this character.
Package microtype Info: Character `⁴' is missing
(microtype)             in font `TU/TeXGyrePagella(1)/m/n/5'.
(microtype)             Ignoring protrusion settings for this character.
Package microtype Info: Character `⁵' is missing
(microtype)             in font `TU/TeXGyrePagella(1)/m/n/5'.
(microtype)             Ignoring protrusion settings for this character.
Package microtype Info: Character `⁶' is missing
(microtype)             in font `TU/TeXGyrePagella(1)/m/n/5'.
(microtype)             Ignoring protrusion settings for this character.
Package microtype Info: Character `⁷' is missing
(microtype)             in font `TU/TeXGyrePagella(1)/m/n/5'.
(microtype)             Ignoring protrusion settings for this character.
Package microtype Info: Character `⁸' is missing
(microtype)             in font `TU/TeXGyrePagella(1)/m/n/5'.
(microtype)             Ignoring protrusion settings for this character.
Package microtype Info: Character `⁹' is missing
(microtype)             in font `TU/TeXGyrePagella(1)/m/n/5'.
(microtype)             Ignoring protrusion settings for this character.
Package microtype Info: Character `₀' is missing
(microtype)             in font `TU/TeXGyrePagella(1)/m/n/5'.
(microtype)             Ignoring protrusion settings for this character.
Package microtype Info: Character `₁' is missing
(microtype)             in font `TU/TeXGyrePagella(1)/m/n/5'.
(microtype)             Ignoring protrusion settings for this character.
Package microtype Info: Character `₂' is missing
(microtype)             in font `TU/TeXGyrePagella(1)/m/n/5'.
(microtype)             Ignoring protrusion settings for this character.
Package microtype Info: Character `₃' is missing
(microtype)             in font `TU/TeXGyrePagella(1)/m/n/5'.
(microtype)             Ignoring protrusion settings for this character.
Package microtype Info: Character `₄' is missing
(microtype)             in font `TU/TeXGyrePagella(1)/m/n/5'.
(microtype)             Ignoring protrusion settings for this character.
Package microtype Info: Character `₅' is missing
(microtype)             in font `TU/TeXGyrePagella(1)/m/n/5'.
(microtype)             Ignoring protrusion settings for this character.
Package microtype Info: Character `₆' is missing
(microtype)             in font `TU/TeXGyrePagella(1)/m/n/5'.
(microtype)             Ignoring protrusion settings for this character.
Package microtype Info: Character `₇' is missing
(microtype)             in font `TU/TeXGyrePagella(1)/m/n/5'.
(microtype)             Ignoring protrusion settings for this character.
Package microtype Info: Character `₈' is missing
(microtype)             in font `TU/TeXGyrePagella(1)/m/n/5'.
(microtype)             Ignoring protrusion settings for this character.
Package microtype Info: Character `₉' is missing
(microtype)             in font `TU/TeXGyrePagella(1)/m/n/5'.
(microtype)             Ignoring protrusion settings for this character.
Package microtype Info: Character `₊' is missing
(microtype)             in font `TU/TeXGyrePagella(1)/m/n/5'.
(microtype)             Ignoring protrusion settings for this character.
Package microtype Info: Character `₋' is missing
(microtype)             in font `TU/TeXGyrePagella(1)/m/n/5'.
(microtype)             Ignoring protrusion settings for this character.
Package microtype Info: Character `⁺' is missing
(microtype)             in font `TU/TeXGyrePagella(1)/m/n/5'.
(microtype)             Ignoring protrusion settings for this character.
Package microtype Info: Character `⁻' is missing
(microtype)             in font `TU/TeXGyrePagella(1)/m/n/5'.
(microtype)             Ignoring protrusion settings for this character.
LaTeX Font Info:    Font shape `TU/TeXGyreHeros(0)/m/n' will be
(Font)              scaled to size 7.05002pt on input line 78.
LaTeX Font Info:    Calculating math sizes for size <7.5> on input line 78.
Package microtype Info: Character `ﬆ' is missing
(microtype)             in font `TU/TeXGyrePagella(1)/m/n/7.5'.
(microtype)             Ignoring protrusion settings for this character.
Package microtype Info: Character `ﬅ' is missing
(microtype)             in font `TU/TeXGyrePagella(1)/m/n/7.5'.
(microtype)             Ignoring protrusion settings for this character.
Package microtype Info: Character `‥' is missing
(microtype)             in font `TU/TeXGyrePagella(1)/m/n/7.5'.
(microtype)             Ignoring protrusion settings for this character.
Package microtype Info: Character `‼' is missing
(microtype)             in font `TU/TeXGyrePagella(1)/m/n/7.5'.
(microtype)             Ignoring protrusion settings for this character.
Package microtype Info: Character `⁰' is missing
(microtype)             in font `TU/TeXGyrePagella(1)/m/n/7.5'.
(microtype)             Ignoring protrusion settings for this character.
Package microtype Info: Character `⁴' is missing
(microtype)             in font `TU/TeXGyrePagella(1)/m/n/7.5'.
(microtype)             Ignoring protrusion settings for this character.
Package microtype Info: Character `⁵' is missing
(microtype)             in font `TU/TeXGyrePagella(1)/m/n/7.5'.
(microtype)             Ignoring protrusion settings for this character.
Package microtype Info: Character `⁶' is missing
(microtype)             in font `TU/TeXGyrePagella(1)/m/n/7.5'.
(microtype)             Ignoring protrusion settings for this character.
Package microtype Info: Character `⁷' is missing
(microtype)             in font `TU/TeXGyrePagella(1)/m/n/7.5'.
(microtype)             Ignoring protrusion settings for this character.
Package microtype Info: Character `⁸' is missing
(microtype)             in font `TU/TeXGyrePagella(1)/m/n/7.5'.
(microtype)             Ignoring protrusion settings for this character.
Package microtype Info: Character `⁹' is missing
(microtype)             in font `TU/TeXGyrePagella(1)/m/n/7.5'.
(microtype)             Ignoring protrusion settings for this character.
Package microtype Info: Character `₀' is missing
(microtype)             in font `TU/TeXGyrePagella(1)/m/n/7.5'.
(microtype)             Ignoring protrusion settings for this character.
Package microtype Info: Character `₁' is missing
(microtype)             in font `TU/TeXGyrePagella(1)/m/n/7.5'.
(microtype)             Ignoring protrusion settings for this character.
Package microtype Info: Character `₂' is missing
(microtype)             in font `TU/TeXGyrePagella(1)/m/n/7.5'.
(microtype)             Ignoring protrusion settings for this character.
Package microtype Info: Character `₃' is missing
(microtype)             in font `TU/TeXGyrePagella(1)/m/n/7.5'.
(microtype)             Ignoring protrusion settings for this character.
Package microtype Info: Character `₄' is missing
(microtype)             in font `TU/TeXGyrePagella(1)/m/n/7.5'.
(microtype)             Ignoring protrusion settings for this character.
Package microtype Info: Character `₅' is missing
(microtype)             in font `TU/TeXGyrePagella(1)/m/n/7.5'.
(microtype)             Ignoring protrusion settings for this character.
Package microtype Info: Character `₆' is missing
(microtype)             in font `TU/TeXGyrePagella(1)/m/n/7.5'.
(microtype)             Ignoring protrusion settings for this character.
Package microtype Info: Character `₇' is missing
(microtype)             in font `TU/TeXGyrePagella(1)/m/n/7.5'.
(microtype)             Ignoring protrusion settings for this character.
Package microtype Info: Character `₈' is missing
(microtype)             in font `TU/TeXGyrePagella(1)/m/n/7.5'.
(microtype)             Ignoring protrusion settings for this character.
Package microtype Info: Character `₉' is missing
(microtype)             in font `TU/TeXGyrePagella(1)/m/n/7.5'.
(microtype)             Ignoring protrusion settings for this character.
Package microtype Info: Character `₊' is missing
(microtype)             in font `TU/TeXGyrePagella(1)/m/n/7.5'.
(microtype)             Ignoring protrusion settings for this character.
Package microtype Info: Character `₋' is missing
(microtype)             in font `TU/TeXGyrePagella(1)/m/n/7.5'.
(microtype)             Ignoring protrusion settings for this character.
Package microtype Info: Character `⁺' is missing
(microtype)             in font `TU/TeXGyrePagella(1)/m/n/7.5'.
(microtype)             Ignoring protrusion settings for this character.
Package microtype Info: Character `⁻' is missing
(microtype)             in font `TU/TeXGyrePagella(1)/m/n/7.5'.
(microtype)             Ignoring protrusion settings for this character.
Package microtype Info: Character `ﬆ' is missing
(microtype)             in font `TU/TeXGyrePagella(1)/m/n/5.24997'.
(microtype)             Ignoring protrusion settings for this character.
Package microtype Info: Character `ﬅ' is missing
(microtype)             in font `TU/TeXGyrePagella(1)/m/n/5.24997'.
(microtype)             Ignoring protrusion settings for this character.
Package microtype Info: Character `‥' is missing
(microtype)             in font `TU/TeXGyrePagella(1)/m/n/5.24997'.
(microtype)             Ignoring protrusion settings for this character.
Package microtype Info: Character `‼' is missing
(microtype)             in font `TU/TeXGyrePagella(1)/m/n/5.24997'.
(microtype)             Ignoring protrusion settings for this character.
Package microtype Info: Character `⁰' is missing
(microtype)             in font `TU/TeXGyrePagella(1)/m/n/5.24997'.
(microtype)             Ignoring protrusion settings for this character.
Package microtype Info: Character `⁴' is missing
(microtype)             in font `TU/TeXGyrePagella(1)/m/n/5.24997'.
(microtype)             Ignoring protrusion settings for this character.
Package microtype Info: Character `⁵' is missing
(microtype)             in font `TU/TeXGyrePagella(1)/m/n/5.24997'.
(microtype)             Ignoring protrusion settings for this character.
Package microtype Info: Character `⁶' is missing
(microtype)             in font `TU/TeXGyrePagella(1)/m/n/5.24997'.
(microtype)             Ignoring protrusion settings for this character.
Package microtype Info: Character `⁷' is missing
(microtype)             in font `TU/TeXGyrePagella(1)/m/n/5.24997'.
(microtype)             Ignoring protrusion settings for this character.
Package microtype Info: Character `⁸' is missing
(microtype)             in font `TU/TeXGyrePagella(1)/m/n/5.24997'.
(microtype)             Ignoring protrusion settings for this character.
Package microtype Info: Character `⁹' is missing
(microtype)             in font `TU/TeXGyrePagella(1)/m/n/5.24997'.
(microtype)             Ignoring protrusion settings for this character.
Package microtype Info: Character `₀' is missing
(microtype)             in font `TU/TeXGyrePagella(1)/m/n/5.24997'.
(microtype)             Ignoring protrusion settings for this character.
Package microtype Info: Character `₁' is missing
(microtype)             in font `TU/TeXGyrePagella(1)/m/n/5.24997'.
(microtype)             Ignoring protrusion settings for this character.
Package microtype Info: Character `₂' is missing
(microtype)             in font `TU/TeXGyrePagella(1)/m/n/5.24997'.
(microtype)             Ignoring protrusion settings for this character.
Package microtype Info: Character `₃' is missing
(microtype)             in font `TU/TeXGyrePagella(1)/m/n/5.24997'.
(microtype)             Ignoring protrusion settings for this character.
Package microtype Info: Character `₄' is missing
(microtype)             in font `TU/TeXGyrePagella(1)/m/n/5.24997'.
(microtype)             Ignoring protrusion settings for this character.
Package microtype Info: Character `₅' is missing
(microtype)             in font `TU/TeXGyrePagella(1)/m/n/5.24997'.
(microtype)             Ignoring protrusion settings for this character.
Package microtype Info: Character `₆' is missing
(microtype)             in font `TU/TeXGyrePagella(1)/m/n/5.24997'.
(microtype)             Ignoring protrusion settings for this character.
Package microtype Info: Character `₇' is missing
(microtype)             in font `TU/TeXGyrePagella(1)/m/n/5.24997'.
(microtype)             Ignoring protrusion settings for this character.
Package microtype Info: Character `₈' is missing
(microtype)             in font `TU/TeXGyrePagella(1)/m/n/5.24997'.
(microtype)             Ignoring protrusion settings for this character.
Package microtype Info: Character `₉' is missing
(microtype)             in font `TU/TeXGyrePagella(1)/m/n/5.24997'.
(microtype)             Ignoring protrusion settings for this character.
Package microtype Info: Character `₊' is missing
(microtype)             in font `TU/TeXGyrePagella(1)/m/n/5.24997'.
(microtype)             Ignoring protrusion settings for this character.
Package microtype Info: Character `₋' is missing
(microtype)             in font `TU/TeXGyrePagella(1)/m/n/5.24997'.
(microtype)             Ignoring protrusion settings for this character.
Package microtype Info: Character `⁺' is missing
(microtype)             in font `TU/TeXGyrePagella(1)/m/n/5.24997'.
(microtype)             Ignoring protrusion settings for this character.
Package microtype Info: Character `⁻' is missing
(microtype)             in font `TU/TeXGyrePagella(1)/m/n/5.24997'.
(microtype)             Ignoring protrusion settings for this character.
Package microtype Info: Character `ﬆ' is missing
(microtype)             in font `TU/TeXGyrePagella(1)/m/n/3.75'.
(microtype)             Ignoring protrusion settings for this character.
Package microtype Info: Character `ﬅ' is missing
(microtype)             in font `TU/TeXGyrePagella(1)/m/n/3.75'.
(microtype)             Ignoring protrusion settings for this character.
Package microtype Info: Character `‥' is missing
(microtype)             in font `TU/TeXGyrePagella(1)/m/n/3.75'.
(microtype)             Ignoring protrusion settings for this character.
Package microtype Info: Character `‼' is missing
(microtype)             in font `TU/TeXGyrePagella(1)/m/n/3.75'.
(microtype)             Ignoring protrusion settings for this character.
Package microtype Info: Character `⁰' is missing
(microtype)             in font `TU/TeXGyrePagella(1)/m/n/3.75'.
(microtype)             Ignoring protrusion settings for this character.
Package microtype Info: Character `⁴' is missing
(microtype)             in font `TU/TeXGyrePagella(1)/m/n/3.75'.
(microtype)             Ignoring protrusion settings for this character.
Package microtype Info: Character `⁵' is missing
(microtype)             in font `TU/TeXGyrePagella(1)/m/n/3.75'.
(microtype)             Ignoring protrusion settings for this character.
Package microtype Info: Character `⁶' is missing
(microtype)             in font `TU/TeXGyrePagella(1)/m/n/3.75'.
(microtype)             Ignoring protrusion settings for this character.
Package microtype Info: Character `⁷' is missing
(microtype)             in font `TU/TeXGyrePagella(1)/m/n/3.75'.
(microtype)             Ignoring protrusion settings for this character.
Package microtype Info: Character `⁸' is missing
(microtype)             in font `TU/TeXGyrePagella(1)/m/n/3.75'.
(microtype)             Ignoring protrusion settings for this character.
Package microtype Info: Character `⁹' is missing
(microtype)             in font `TU/TeXGyrePagella(1)/m/n/3.75'.
(microtype)             Ignoring protrusion settings for this character.
Package microtype Info: Character `₀' is missing
(microtype)             in font `TU/TeXGyrePagella(1)/m/n/3.75'.
(microtype)             Ignoring protrusion settings for this character.
Package microtype Info: Character `₁' is missing
(microtype)             in font `TU/TeXGyrePagella(1)/m/n/3.75'.
(microtype)             Ignoring protrusion settings for this character.
Package microtype Info: Character `₂' is missing
(microtype)             in font `TU/TeXGyrePagella(1)/m/n/3.75'.
(microtype)             Ignoring protrusion settings for this character.
Package microtype Info: Character `₃' is missing
(microtype)             in font `TU/TeXGyrePagella(1)/m/n/3.75'.
(microtype)             Ignoring protrusion settings for this character.
Package microtype Info: Character `₄' is missing
(microtype)             in font `TU/TeXGyrePagella(1)/m/n/3.75'.
(microtype)             Ignoring protrusion settings for this character.
Package microtype Info: Character `₅' is missing
(microtype)             in font `TU/TeXGyrePagella(1)/m/n/3.75'.
(microtype)             Ignoring protrusion settings for this character.
Package microtype Info: Character `₆' is missing
(microtype)             in font `TU/TeXGyrePagella(1)/m/n/3.75'.
(microtype)             Ignoring protrusion settings for this character.
Package microtype Info: Character `₇' is missing
(microtype)             in font `TU/TeXGyrePagella(1)/m/n/3.75'.
(microtype)             Ignoring protrusion settings for this character.
Package microtype Info: Character `₈' is missing
(microtype)             in font `TU/TeXGyrePagella(1)/m/n/3.75'.
(microtype)             Ignoring protrusion settings for this character.
Package microtype Info: Character `₉' is missing
(microtype)             in font `TU/TeXGyrePagella(1)/m/n/3.75'.
(microtype)             Ignoring protrusion settings for this character.
Package microtype Info: Character `₊' is missing
(microtype)             in font `TU/TeXGyrePagella(1)/m/n/3.75'.
(microtype)             Ignoring protrusion settings for this character.
Package microtype Info: Character `₋' is missing
(microtype)             in font `TU/TeXGyrePagella(1)/m/n/3.75'.
(microtype)             Ignoring protrusion settings for this character.
Package microtype Info: Character `⁺' is missing
(microtype)             in font `TU/TeXGyrePagella(1)/m/n/3.75'.
(microtype)             Ignoring protrusion settings for this character.
Package microtype Info: Character `⁻' is missing
(microtype)             in font `TU/TeXGyrePagella(1)/m/n/3.75'.
(microtype)             Ignoring protrusion settings for this character.

Underfull \hbox (badness 7740) in paragraph at lines 78--78
[][] \TU/TeXGyreHeros(0)/m/n/7.5 La dé-mons-tra-tion
 []


Underfull \hbox (badness 10000) in paragraph at lines 78--78
\TU/TeXGyreHeros(0)/m/n/7.5 est iden-tique à celle
 []

NEXUS-MARGIN-CAPTURE:nxm:professeur:appui:00000001
NEXUS-MARGIN-MARKER-METADATA:nxm:professeur:appui:00000001
LaTeX Font Info:    Font shape `TU/TeXGyreHeros(0)/m/sl' in size <9.5> not avai
lable
(Font)              Font shape `TU/TeXGyreHeros(0)/m/it' tried instead on input
 line 91.
LaTeX Font Info:    Font shape `TU/TeXGyreHeros(0)/m/it' will be
(Font)              scaled to size 8.93002pt on input line 91.
LaTeX Font Info:    Font shape `TU/TeXGyreHeros(0)/b/sl' in size <9.5> not avai
lable
(Font)              Font shape `TU/TeXGyreHeros(0)/b/it' tried instead on input
 line 91.
LaTeX Font Info:    Font shape `TU/TeXGyreHeros(0)/b/it' will be
(Font)              scaled to size 8.93002pt on input line 91.
LaTeX Font Info:    Font shape `TU/TeXGyreHeros(0)/b/sl' in size <7> not availa
ble
(Font)              Font shape `TU/TeXGyreHeros(0)/b/it' tried instead on input
 line 91.
LaTeX Font Info:    Font shape `TU/TeXGyreHeros(0)/b/it' will be
(Font)              scaled to size 6.58002pt on input line 91.
LaTeX Font Info:    Font shape `TU/TeXGyreHeros(0)/m/sl' in size <7.5> not avai
lable
(Font)              Font shape `TU/TeXGyreHeros(0)/m/it' tried instead on input
 line 91.
LaTeX Font Info:    Font shape `TU/TeXGyreHeros(0)/m/it' will be
(Font)              scaled to size 7.05002pt on input line 91.
LaTeX Font Info:    Font shape `TU/TeXGyreHeros(0)/m/sl' in size <6.5> not avai
lable
(Font)              Font shape `TU/TeXGyreHeros(0)/m/it' tried instead on input
 line 91.
LaTeX Font Info:    Font shape `TU/TeXGyreHeros(0)/m/it' will be
(Font)              scaled to size 6.11002pt on input line 91.

Package fontspec Info: Font family 'TeXGyreHeros(3)' created for font 'TeX
(fontspec)             Gyre Heros' with options
(fontspec)             [Ligatures=TeX,Ligatures=TeX,Scale=0.94,LetterSpace=6].
(fontspec)              
(fontspec)              This font family consists of the following NFSS
(fontspec)             series/shapes:
(fontspec)              
(fontspec)             - 'normal' (m/n) with NFSS spec.:
(fontspec)             <->s*[0.94]"TeXGyreHeros:mode=node;script=latn;language=
dflt;letterspace=6;+tlig;"
(fontspec)             - 'small caps'  (m/sc) with NFSS spec.:
(fontspec)             <->s*[0.94]"TeXGyreHeros:mode=node;script=latn;language=
dflt;letterspace=6;+tlig;+smcp;"
(fontspec)             - 'bold' (b/n) with NFSS spec.:
(fontspec)             <->s*[0.94]"TeXGyreHeros/B:mode=node;script=latn;languag
e=dflt;letterspace=6;+tlig;"
(fontspec)             - 'bold small caps'  (b/sc) with NFSS spec.:
(fontspec)             <->s*[0.94]"TeXGyreHeros/B:mode=node;script=latn;languag
e=dflt;letterspace=6;+tlig;+smcp;"
(fontspec)             - 'italic' (m/it) with NFSS spec.:
(fontspec)             <->s*[0.94]"TeXGyreHeros/I:mode=node;script=latn;languag
e=dflt;letterspace=6;+tlig;"
(fontspec)             - 'italic small caps'  (m/scit) with NFSS spec.:
(fontspec)             <->s*[0.94]"TeXGyreHeros/I:mode=node;script=latn;languag
e=dflt;letterspace=6;+tlig;+smcp;"
(fontspec)             - 'bold italic' (b/it) with NFSS spec.:
(fontspec)             <->s*[0.94]"TeXGyreHeros/BI:mode=node;script=latn;langua
ge=dflt;letterspace=6;+tlig;"
(fontspec)             - 'bold italic small caps'  (b/scit) with NFSS spec.:
(fontspec)             <->s*[0.94]"TeXGyreHeros/BI:mode=node;script=latn;langua
ge=dflt;letterspace=6;+tlig;+smcp;"

LaTeX Font Info:    Font shape `TU/TeXGyreHeros(3)/m/sl' in size <6.5> not avai
lable
(Font)              Font shape `TU/TeXGyreHeros(3)/m/it' tried instead on input
 line 91.
LaTeX Font Info:    Font shape `TU/TeXGyreHeros(3)/m/it' will be
(Font)              scaled to size 6.11002pt on input line 91.
LaTeX Font Info:    Font shape `TU/TeXGyreHeros(0)/b/sl' in size <8.66881> not 
available
(Font)              Font shape `TU/TeXGyreHeros(0)/b/it' tried instead on input
 line 91.
LaTeX Font Info:    Font shape `TU/TeXGyreHeros(0)/b/it' will be
(Font)              scaled to size 8.1487pt on input line 91.


Package scrlayer-scrpage Warning: \footheight to low.
(scrlayer-scrpage)                At least 21.28098pt needed,
(scrlayer-scrpage)                but only 14.24995pt found.
(scrlayer-scrpage)                I'll enlarge \footheight, for further
(scrlayer-scrpage)                processing, but you should do this yourself,
(scrlayer-scrpage)                e.g., using
(scrlayer-scrpage)                  \setlength{\footheight}{21.28098pt}
(scrlayer-scrpage)                in your preamble.
(scrlayer-scrpage)                I'll also increase \footskip on input line 91
.

[3



warning  (pdf backend): pop empty color page stack 0
NEXUS-MARGIN-ANCHOR:nxm:professeur:appui:00000001])
NEXUS_OBJECT_END:1d4d046511e70cdab1eed55a898c9013f65c90b3
NEXUS_OBJECT_BEGIN:6507e1511c73742ac5be4cdd4060eeed5a67b409
(./chapitres/TEXP-COMPLEXES-ALGEBRE-GEOMETRIE/cours/11_C2_geometrie.tex)
NEXUS_OBJECT_END:6507e1511c73742ac5be4cdd4060eeed5a67b409
NEXUS_OBJECT_BEGIN:297c01277e75e467c3c4d9d3dd566a21107f68b2
(./chapitres/TEXP-COMPLEXES-ALGEBRE-GEOMETRIE/exercices/TEXP-CAG-EX-001.tex
NEXUS-MARGIN-CAPTURE:nxm:professeur:chrono:00000002
NEXUS-MARGIN-MARKER-METADATA:nxm:professeur:chrono:00000002
LaTeX Font Info:    Font shape `TU/JetBrainsMono(0)/m/n' will be
(Font)              scaled to size 5.78499pt on input line 8.
Package microtype Info: Loading generic protrusion settings for font family
(microtype)             `JetBrainsMono' (encoding: TU).
(microtype)             For optimal results, create family-specific settings.
(microtype)             See the microtype manual for details.

NEXUS-MARGIN-CAPTURE:nxm:professeur:professor-id:00000003
NEXUS-MARGIN-MARKER-METADATA:nxm:professeur:professor-id:00000003)
NEXUS_OBJECT_END:297c01277e75e467c3c4d9d3dd566a21107f68b2
NEXUS_OBJECT_BEGIN:00f3d9e4575b379448636cfd81b9be58cd7b8370
(./chapitres/TEXP-COMPLEXES-ALGEBRE-GEOMETRIE/exercices/TEXP-CAG-EX-002.tex
NEXUS-MARGIN-CAPTURE:nxm:professeur:chrono:00000004
NEXUS-MARGIN-MARKER-METADATA:nxm:professeur:chrono:00000004
NEXUS-MARGIN-CAPTURE:nxm:professeur:professor-id:00000005
NEXUS-MARGIN-MARKER-METADATA:nxm:professeur:professor-id:00000005)
NEXUS_OBJECT_END:00f3d9e4575b379448636cfd81b9be58cd7b8370
NEXUS_OBJECT_BEGIN:7419ab0251f35c5463335cb70ae19ba351a6a2d6
(./chapitres/TEXP-COMPLEXES-ALGEBRE-GEOMETRIE/exercices/TEXP-CAG-EX-003.tex
[4
warning  (pdf backend): pop empty color page stack 0

warning  (pdf backend): pop empty color page stack 0
NEXUS-MARGIN-ANCHOR:nxm:professeur:chrono:00000002
NEXUS-MARGIN-ANCHOR:nxm:professeur:professor-id:00000003]
NEXUS-MARGIN-CAPTURE:nxm:professeur:chrono:00000006
NEXUS-MARGIN-MARKER-METADATA:nxm:professeur:chrono:00000006
NEXUS-MARGIN-CAPTURE:nxm:professeur:professor-id:00000007
NEXUS-MARGIN-MARKER-METADATA:nxm:professeur:professor-id:00000007)
NEXUS_OBJECT_END:7419ab0251f35c5463335cb70ae19ba351a6a2d6
NEXUS_OBJECT_BEGIN:93b92346b77e2ada491ac2d77b765d2f4a9acfa5
(./chapitres/TEXP-COMPLEXES-ALGEBRE-GEOMETRIE/exercices/TEXP-CAG-EX-004.tex
NEXUS-MARGIN-CAPTURE:nxm:professeur:chrono:00000008
NEXUS-MARGIN-MARKER-METADATA:nxm:professeur:chrono:00000008
NEXUS-MARGIN-CAPTURE:nxm:professeur:professor-id:00000009
NEXUS-MARGIN-MARKER-METADATA:nxm:professeur:professor-id:00000009)
NEXUS_OBJECT_END:93b92346b77e2ada491ac2d77b765d2f4a9acfa5
NEXUS_OBJECT_BEGIN:34b520fa1d6bfc69d334859c5c390fcea4f98620

(./chapitres/TEXP-COMPLEXES-ALGEBRE-GEOMETRIE/qcm/TEXP-COMPLEXES-ALGEBRE-GEOMET
RIE-QCM.tex
LaTeX Font Info:    Font shape `TU/TeXGyreHeros(0)/b/n' will be
(Font)              scaled to size 10.15202pt on input line 11.
 [5
warning  (pdf backend): pop empty color page stack 0

warning  (pdf backend): pop empty color page stack 0
NEXUS-MARGIN-ANCHOR:nxm:professeur:chrono:00000004
NEXUS-MARGIN-ANCHOR:nxm:professeur:professor-id:00000005
warning  (pdf backend): pop empty color page stack 0

warning  (pdf backend): pop empty color page stack 0
NEXUS-MARGIN-ANCHOR:nxm:professeur:chrono:00000006
NEXUS-MARGIN-ANCHOR:nxm:professeur:professor-id:00000007
warning  (pdf backend): pop empty color page stack 0

warning  (pdf backend): pop empty color page stack 0
NEXUS-MARGIN-ANCHOR:nxm:professeur:chrono:00000008
NEXUS-MARGIN-ANCHOR:nxm:professeur:professor-id:00000009])
NEXUS_OBJECT_END:34b520fa1d6bfc69d334859c5c390fcea4f98620
NEXUS_OBJECT_BEGIN:3d53b81d268e8968af3dc121e9340b9223d1e897

(./chapitres/TEXP-COMPLEXES-ALGEBRE-GEOMETRIE/evaluations/TEXP-CAG-EV-A-corrige
.tex
NEXUS-MARGIN-CAPTURE:nxm:professeur:professor-id:00000010
NEXUS-MARGIN-MARKER-METADATA:nxm:professeur:professor-id:00000010
NEXUS-MARGIN-CAPTURE:nxm:professeur:professor-id:00000011
NEXUS-MARGIN-MARKER-METADATA:nxm:professeur:professor-id:00000011)
NEXUS_OBJECT_END:3d53b81d268e8968af3dc121e9340b9223d1e897
NEXUS_OBJECT_BEGIN:5d791204c8e10d4d5588e7d966938b312e44c5dc
(./chapitres/TEXP-COMPLEXES-ALGEBRE-GEOMETRIE/evaluations/TEXP-CAG-EV-A.tex
Package microtype Info: Character `ﬆ' is missing
(microtype)             in font `TU/TeXGyrePagella(0)/b/n/11.39996'.
(microtype)             Ignoring protrusion settings for this character.
Package microtype Info: Character `ﬅ' is missing
(microtype)             in font `TU/TeXGyrePagella(0)/b/n/11.39996'.
(microtype)             Ignoring protrusion settings for this character.
Package microtype Info: Character `‥' is missing
(microtype)             in font `TU/TeXGyrePagella(0)/b/n/11.39996'.
(microtype)             Ignoring protrusion settings for this character.
Package microtype Info: Character `‼' is missing
(microtype)             in font `TU/TeXGyrePagella(0)/b/n/11.39996'.
(microtype)             Ignoring protrusion settings for this character.
Package microtype Info: Character `⁰' is missing
(microtype)             in font `TU/TeXGyrePagella(0)/b/n/11.39996'.
(microtype)             Ignoring protrusion settings for this character.
Package microtype Info: Character `⁴' is missing
(microtype)             in font `TU/TeXGyrePagella(0)/b/n/11.39996'.
(microtype)             Ignoring protrusion settings for this character.
Package microtype Info: Character `⁵' is missing
(microtype)             in font `TU/TeXGyrePagella(0)/b/n/11.39996'.
(microtype)             Ignoring protrusion settings for this character.
Package microtype Info: Character `⁶' is missing
(microtype)             in font `TU/TeXGyrePagella(0)/b/n/11.39996'.
(microtype)             Ignoring protrusion settings for this character.
Package microtype Info: Character `⁷' is missing
(microtype)             in font `TU/TeXGyrePagella(0)/b/n/11.39996'.
(microtype)             Ignoring protrusion settings for this character.
Package microtype Info: Character `⁸' is missing
(microtype)             in font `TU/TeXGyrePagella(0)/b/n/11.39996'.
(microtype)             Ignoring protrusion settings for this character.
Package microtype Info: Character `⁹' is missing
(microtype)             in font `TU/TeXGyrePagella(0)/b/n/11.39996'.
(microtype)             Ignoring protrusion settings for this character.
Package microtype Info: Character `₀' is missing
(microtype)             in font `TU/TeXGyrePagella(0)/b/n/11.39996'.
(microtype)             Ignoring protrusion settings for this character.
Package microtype Info: Character `₁' is missing
(microtype)             in font `TU/TeXGyrePagella(0)/b/n/11.39996'.
(microtype)             Ignoring protrusion settings for this character.
Package microtype Info: Character `₂' is missing
(microtype)             in font `TU/TeXGyrePagella(0)/b/n/11.39996'.
(microtype)             Ignoring protrusion settings for this character.
Package microtype Info: Character `₃' is missing
(microtype)             in font `TU/TeXGyrePagella(0)/b/n/11.39996'.
(microtype)             Ignoring protrusion settings for this character.
Package microtype Info: Character `₄' is missing
(microtype)             in font `TU/TeXGyrePagella(0)/b/n/11.39996'.
(microtype)             Ignoring protrusion settings for this character.
Package microtype Info: Character `₅' is missing
(microtype)             in font `TU/TeXGyrePagella(0)/b/n/11.39996'.
(microtype)             Ignoring protrusion settings for this character.
Package microtype Info: Character `₆' is missing
(microtype)             in font `TU/TeXGyrePagella(0)/b/n/11.39996'.
(microtype)             Ignoring protrusion settings for this character.
Package microtype Info: Character `₇' is missing
(microtype)             in font `TU/TeXGyrePagella(0)/b/n/11.39996'.
(microtype)             Ignoring protrusion settings for this character.
Package microtype Info: Character `₈' is missing
(microtype)             in font `TU/TeXGyrePagella(0)/b/n/11.39996'.
(microtype)             Ignoring protrusion settings for this character.
Package microtype Info: Character `₉' is missing
(microtype)             in font `TU/TeXGyrePagella(0)/b/n/11.39996'.
(microtype)             Ignoring protrusion settings for this character.
Package microtype Info: Character `₊' is missing
(microtype)             in font `TU/TeXGyrePagella(0)/b/n/11.39996'.
(microtype)             Ignoring protrusion settings for this character.
Package microtype Info: Character `₋' is missing
(microtype)             in font `TU/TeXGyrePagella(0)/b/n/11.39996'.
(microtype)             Ignoring protrusion settings for this character.
Package microtype Info: Character `⁺' is missing
(microtype)             in font `TU/TeXGyrePagella(0)/b/n/11.39996'.
(microtype)             Ignoring protrusion settings for this character.
Package microtype Info: Character `⁻' is missing
(microtype)             in font `TU/TeXGyrePagella(0)/b/n/11.39996'.
(microtype)             Ignoring protrusion settings for this character.
LaTeX Font Info:    Font shape `TU/JetBrainsMono(0)/b/n' will be
(Font)              scaled to size 10.14595pt on input line 14.
LaTeX Font Info:    Font shape `TU/TeXGyreHeros(0)/m/n' will be
(Font)              scaled to size 7.52002pt on input line 14.

NEXUS-MARGIN-CAPTURE:nxm:professeur:chrono:00000012
NEXUS-MARGIN-MARKER-METADATA:nxm:professeur:chrono:00000012
NEXUS-MARGIN-CAPTURE:nxm:professeur:professor-id:00000013
NEXUS-MARGIN-MARKER-METADATA:nxm:professeur:professor-id:00000013
NEXUS-MARGIN-CAPTURE:nxm:professeur:chrono:00000014
NEXUS-MARGIN-MARKER-METADATA:nxm:professeur:chrono:00000014
NEXUS-MARGIN-CAPTURE:nxm:professeur:professor-id:00000015
NEXUS-MARGIN-MARKER-METADATA:nxm:professeur:professor-id:00000015)
NEXUS_OBJECT_END:5d791204c8e10d4d5588e7d966938b312e44c5dc
NEXUS_OBJECT_BEGIN:bc6ba84d6abd6abca01d34aa6f38ac03e008bbff

(./chapitres/TEXP-COMPLEXES-ALGEBRE-GEOMETRIE/evaluations/TEXP-CAG-EV-B-corrige
.tex
NEXUS-MARGIN-CAPTURE:nxm:professeur:professor-id:00000016
NEXUS-MARGIN-MARKER-METADATA:nxm:professeur:professor-id:00000016
NEXUS-MARGIN-CAPTURE:nxm:professeur:professor-id:00000017
NEXUS-MARGIN-MARKER-METADATA:nxm:professeur:professor-id:00000017)
NEXUS_OBJECT_END:bc6ba84d6abd6abca01d34aa6f38ac03e008bbff
NEXUS_OBJECT_BEGIN:04608cfe52f898abb56ab9723584ff00748d015c
(./chapitres/TEXP-COMPLEXES-ALGEBRE-GEOMETRIE/evaluations/TEXP-CAG-EV-B.tex
NEXUS-MARGIN-CAPTURE:nxm:professeur:chrono:00000018
NEXUS-MARGIN-MARKER-METADATA:nxm:professeur:chrono:00000018
NEXUS-MARGIN-CAPTURE:nxm:professeur:professor-id:00000019
NEXUS-MARGIN-MARKER-METADATA:nxm:professeur:professor-id:00000019 [6
warning  (pdf backend): pop empty color page stack 0
NEXUS-MARGIN-ANCHOR:nxm:professeur:professor-id:00000010
warning  (pdf backend): pop empty color page stack 0
NEXUS-MARGIN-ANCHOR:nxm:professeur:professor-id:00000011
warning  (pdf backend): pop empty color page stack 0

warning  (pdf backend): pop empty color page stack 0
NEXUS-MARGIN-ANCHOR:nxm:professeur:chrono:00000012
NEXUS-MARGIN-ANCHOR:nxm:professeur:professor-id:00000013
warning  (pdf backend): pop empty color page stack 0

warning  (pdf backend): pop empty color page stack 0
NEXUS-MARGIN-ANCHOR:nxm:professeur:chrono:00000014
NEXUS-MARGIN-ANCHOR:nxm:professeur:professor-id:00000015
warning  (pdf backend): pop empty color page stack 0
NEXUS-MARGIN-ANCHOR:nxm:professeur:professor-id:00000016
warning  (pdf backend): pop empty color page stack 0
NEXUS-MARGIN-ANCHOR:nxm:professeur:professor-id:00000017]
NEXUS-MARGIN-CAPTURE:nxm:professeur:chrono:00000020
NEXUS-MARGIN-MARKER-METADATA:nxm:professeur:chrono:00000020
NEXUS-MARGIN-CAPTURE:nxm:professeur:professor-id:00000021
NEXUS-MARGIN-MARKER-METADATA:nxm:professeur:professor-id:00000021)
NEXUS_OBJECT_END:04608cfe52f898abb56ab9723584ff00748d015c
NEXUS_OBJECT_BEGIN:62e3be0e09c5969b3708f90205828b2e88d6f075

(./chapitres/TEXP-COMPLEXES-ALGEBRE-GEOMETRIE/remediation/TEXP-COMPLEXES-ALGEBR
E-GEOMETRIE-RE-C1.tex
NEXUS-MARGIN-CAPTURE:nxm:professeur:chrono:00000022
NEXUS-MARGIN-MARKER-METADATA:nxm:professeur:chrono:00000022
NEXUS-MARGIN-CAPTURE:nxm:professeur:professor-id:00000023
NEXUS-MARGIN-MARKER-METADATA:nxm:professeur:professor-id:00000023
NEXUS-MARGIN-CAPTURE:nxm:professeur:professor-id:00000024
NEXUS-MARGIN-MARKER-METADATA:nxm:professeur:professor-id:00000024)
NEXUS_OBJECT_END:62e3be0e09c5969b3708f90205828b2e88d6f075
NEXUS_OBJECT_BEGIN:6173278714ec0b58b62d3154ca12386139525c8c
(./chapitres/TEXP-COMPLEXES-ALGEBRE-GEOMETRIE/corriges/TEXP-CAG-CO-001.tex
NEXUS-MARGIN-CAPTURE:nxm:professeur:professor-id:00000025
NEXUS-MARGIN-MARKER-METADATA:nxm:professeur:professor-id:00000025)
NEXUS_OBJECT_END:6173278714ec0b58b62d3154ca12386139525c8c
NEXUS_OBJECT_BEGIN:0a21c06f2d97fa25c2db530b918899464dc9b6fc
(./chapitres/TEXP-COMPLEXES-ALGEBRE-GEOMETRIE/corriges/TEXP-CAG-CO-002.tex
NEXUS-MARGIN-CAPTURE:nxm:professeur:professor-id:00000026
NEXUS-MARGIN-MARKER-METADATA:nxm:professeur:professor-id:00000026)
NEXUS_OBJECT_END:0a21c06f2d97fa25c2db530b918899464dc9b6fc
NEXUS_OBJECT_BEGIN:ffdad98b751abe95c32e9fb317e5b854070fe435
(./chapitres/TEXP-COMPLEXES-ALGEBRE-GEOMETRIE/corriges/TEXP-CAG-CO-003.tex
NEXUS-MARGIN-CAPTURE:nxm:professeur:professor-id:00000027
NEXUS-MARGIN-MARKER-METADATA:nxm:professeur:professor-id:00000027)
NEXUS_OBJECT_END:ffdad98b751abe95c32e9fb317e5b854070fe435
NEXUS_OBJECT_BEGIN:c4802de6b99683e0dbeecd7faf0a0b9027f493f6
(./chapitres/TEXP-COMPLEXES-ALGEBRE-GEOMETRIE/corriges/TEXP-CAG-CO-004.tex
NEXUS-MARGIN-CAPTURE:nxm:professeur:professor-id:00000028
NEXUS-MARGIN-MARKER-METADATA:nxm:professeur:professor-id:00000028)
NEXUS_OBJECT_END:c4802de6b99683e0dbeecd7faf0a0b9027f493f6
[7
warning  (pdf backend): pop empty color page stack 0

warning  (pdf backend): pop empty color page stack 0
NEXUS-MARGIN-ANCHOR:nxm:professeur:chrono:00000018
NEXUS-MARGIN-ANCHOR:nxm:professeur:professor-id:00000019
warning  (pdf backend): pop empty color page stack 0

warning  (pdf backend): pop empty color page stack 0
NEXUS-MARGIN-ANCHOR:nxm:professeur:chrono:00000020
NEXUS-MARGIN-ANCHOR:nxm:professeur:professor-id:00000021
warning  (pdf backend): pop empty color page stack 0

warning  (pdf backend): pop empty color page stack 0
NEXUS-MARGIN-ANCHOR:nxm:professeur:chrono:00000022
NEXUS-MARGIN-ANCHOR:nxm:professeur:professor-id:00000023
warning  (pdf backend): pop empty color page stack 0
NEXUS-MARGIN-ANCHOR:nxm:professeur:professor-id:00000024
warning  (pdf backend): pop empty color page stack 0
NEXUS-MARGIN-ANCHOR:nxm:professeur:professor-id:00000025
warning  (pdf backend): pop empty color page stack 0
NEXUS-MARGIN-ANCHOR:nxm:professeur:professor-id:00000026
warning  (pdf backend): pop empty color page stack 0
NEXUS-MARGIN-ANCHOR:nxm:professeur:professor-id:00000027]
Package microtype Info: Character `ﬆ' is missing
(microtype)             in font `TU/TeXGyrePagella(1)/m/n/8.66881'.
(microtype)             Ignoring protrusion settings for this character.
Package microtype Info: Character `ﬅ' is missing
(microtype)             in font `TU/TeXGyrePagella(1)/m/n/8.66881'.
(microtype)             Ignoring protrusion settings for this character.
Package microtype Info: Character `‥' is missing
(microtype)             in font `TU/TeXGyrePagella(1)/m/n/8.66881'.
(microtype)             Ignoring protrusion settings for this character.
Package microtype Info: Character `‼' is missing
(microtype)             in font `TU/TeXGyrePagella(1)/m/n/8.66881'.
(microtype)             Ignoring protrusion settings for this character.
Package microtype Info: Character `⁰' is missing
(microtype)             in font `TU/TeXGyrePagella(1)/m/n/8.66881'.
(microtype)             Ignoring protrusion settings for this character.
Package microtype Info: Character `⁴' is missing
(microtype)             in font `TU/TeXGyrePagella(1)/m/n/8.66881'.
(microtype)             Ignoring protrusion settings for this character.
Package microtype Info: Character `⁵' is missing
(microtype)             in font `TU/TeXGyrePagella(1)/m/n/8.66881'.
(microtype)             Ignoring protrusion settings for this character.
Package microtype Info: Character `⁶' is missing
(microtype)             in font `TU/TeXGyrePagella(1)/m/n/8.66881'.
(microtype)             Ignoring protrusion settings for this character.
Package microtype Info: Character `⁷' is missing
(microtype)             in font `TU/TeXGyrePagella(1)/m/n/8.66881'.
(microtype)             Ignoring protrusion settings for this character.
Package microtype Info: Character `⁸' is missing
(microtype)             in font `TU/TeXGyrePagella(1)/m/n/8.66881'.
(microtype)             Ignoring protrusion settings for this character.
Package microtype Info: Character `⁹' is missing
(microtype)             in font `TU/TeXGyrePagella(1)/m/n/8.66881'.
(microtype)             Ignoring protrusion settings for this character.
Package microtype Info: Character `₀' is missing
(microtype)             in font `TU/TeXGyrePagella(1)/m/n/8.66881'.
(microtype)             Ignoring protrusion settings for this character.
Package microtype Info: Character `₁' is missing
(microtype)             in font `TU/TeXGyrePagella(1)/m/n/8.66881'.
(microtype)             Ignoring protrusion settings for this character.
Package microtype Info: Character `₂' is missing
(microtype)             in font `TU/TeXGyrePagella(1)/m/n/8.66881'.
(microtype)             Ignoring protrusion settings for this character.
Package microtype Info: Character `₃' is missing
(microtype)             in font `TU/TeXGyrePagella(1)/m/n/8.66881'.
(microtype)             Ignoring protrusion settings for this character.
Package microtype Info: Character `₄' is missing
(microtype)             in font `TU/TeXGyrePagella(1)/m/n/8.66881'.
(microtype)             Ignoring protrusion settings for this character.
Package microtype Info: Character `₅' is missing
(microtype)             in font `TU/TeXGyrePagella(1)/m/n/8.66881'.
(microtype)             Ignoring protrusion settings for this character.
Package microtype Info: Character `₆' is missing
(microtype)             in font `TU/TeXGyrePagella(1)/m/n/8.66881'.
(microtype)             Ignoring protrusion settings for this character.
Package microtype Info: Character `₇' is missing
(microtype)             in font `TU/TeXGyrePagella(1)/m/n/8.66881'.
(microtype)             Ignoring protrusion settings for this character.
Package microtype Info: Character `₈' is missing
(microtype)             in font `TU/TeXGyrePagella(1)/m/n/8.66881'.
(microtype)             Ignoring protrusion settings for this character.
Package microtype Info: Character `₉' is missing
(microtype)             in font `TU/TeXGyrePagella(1)/m/n/8.66881'.
(microtype)             Ignoring protrusion settings for this character.
Package microtype Info: Character `₊' is missing
(microtype)             in font `TU/TeXGyrePagella(1)/m/n/8.66881'.
(microtype)             Ignoring protrusion settings for this character.
Package microtype Info: Character `₋' is missing
(microtype)             in font `TU/TeXGyrePagella(1)/m/n/8.66881'.
(microtype)             Ignoring protrusion settings for this character.
Package microtype Info: Character `⁺' is missing
(microtype)             in font `TU/TeXGyrePagella(1)/m/n/8.66881'.
(microtype)             Ignoring protrusion settings for this character.
Package microtype Info: Character `⁻' is missing
(microtype)             in font `TU/TeXGyrePagella(1)/m/n/8.66881'.
(microtype)             Ignoring protrusion settings for this character.
Package microtype Info: Character `ﬆ' is missing
(microtype)             in font `TU/TeXGyrePagella(1)/m/n/6.06813'.
(microtype)             Ignoring protrusion settings for this character.
Package microtype Info: Character `ﬅ' is missing
(microtype)             in font `TU/TeXGyrePagella(1)/m/n/6.06813'.
(microtype)             Ignoring protrusion settings for this character.
Package microtype Info: Character `‥' is missing
(microtype)             in font `TU/TeXGyrePagella(1)/m/n/6.06813'.
(microtype)             Ignoring protrusion settings for this character.
Package microtype Info: Character `‼' is missing
(microtype)             in font `TU/TeXGyrePagella(1)/m/n/6.06813'.
(microtype)             Ignoring protrusion settings for this character.
Package microtype Info: Character `⁰' is missing
(microtype)             in font `TU/TeXGyrePagella(1)/m/n/6.06813'.
(microtype)             Ignoring protrusion settings for this character.
Package microtype Info: Character `⁴' is missing
(microtype)             in font `TU/TeXGyrePagella(1)/m/n/6.06813'.
(microtype)             Ignoring protrusion settings for this character.
Package microtype Info: Character `⁵' is missing
(microtype)             in font `TU/TeXGyrePagella(1)/m/n/6.06813'.
(microtype)             Ignoring protrusion settings for this character.
Package microtype Info: Character `⁶' is missing
(microtype)             in font `TU/TeXGyrePagella(1)/m/n/6.06813'.
(microtype)             Ignoring protrusion settings for this character.
Package microtype Info: Character `⁷' is missing
(microtype)             in font `TU/TeXGyrePagella(1)/m/n/6.06813'.
(microtype)             Ignoring protrusion settings for this character.
Package microtype Info: Character `⁸' is missing
(microtype)             in font `TU/TeXGyrePagella(1)/m/n/6.06813'.
(microtype)             Ignoring protrusion settings for this character.
Package microtype Info: Character `⁹' is missing
(microtype)             in font `TU/TeXGyrePagella(1)/m/n/6.06813'.
(microtype)             Ignoring protrusion settings for this character.
Package microtype Info: Character `₀' is missing
(microtype)             in font `TU/TeXGyrePagella(1)/m/n/6.06813'.
(microtype)             Ignoring protrusion settings for this character.
Package microtype Info: Character `₁' is missing
(microtype)             in font `TU/TeXGyrePagella(1)/m/n/6.06813'.
(microtype)             Ignoring protrusion settings for this character.
Package microtype Info: Character `₂' is missing
(microtype)             in font `TU/TeXGyrePagella(1)/m/n/6.06813'.
(microtype)             Ignoring protrusion settings for this character.
Package microtype Info: Character `₃' is missing
(microtype)             in font `TU/TeXGyrePagella(1)/m/n/6.06813'.
(microtype)             Ignoring protrusion settings for this character.
Package microtype Info: Character `₄' is missing
(microtype)             in font `TU/TeXGyrePagella(1)/m/n/6.06813'.
(microtype)             Ignoring protrusion settings for this character.
Package microtype Info: Character `₅' is missing
(microtype)             in font `TU/TeXGyrePagella(1)/m/n/6.06813'.
(microtype)             Ignoring protrusion settings for this character.
Package microtype Info: Character `₆' is missing
(microtype)             in font `TU/TeXGyrePagella(1)/m/n/6.06813'.
(microtype)             Ignoring protrusion settings for this character.
Package microtype Info: Character `₇' is missing
(microtype)             in font `TU/TeXGyrePagella(1)/m/n/6.06813'.
(microtype)             Ignoring protrusion settings for this character.
Package microtype Info: Character `₈' is missing
(microtype)             in font `TU/TeXGyrePagella(1)/m/n/6.06813'.
(microtype)             Ignoring protrusion settings for this character.
Package microtype Info: Character `₉' is missing
(microtype)             in font `TU/TeXGyrePagella(1)/m/n/6.06813'.
(microtype)             Ignoring protrusion settings for this character.
Package microtype Info: Character `₊' is missing
(microtype)             in font `TU/TeXGyrePagella(1)/m/n/6.06813'.
(microtype)             Ignoring protrusion settings for this character.
Package microtype Info: Character `₋' is missing
(microtype)             in font `TU/TeXGyrePagella(1)/m/n/6.06813'.
(microtype)             Ignoring protrusion settings for this character.
Package microtype Info: Character `⁺' is missing
(microtype)             in font `TU/TeXGyrePagella(1)/m/n/6.06813'.
(microtype)             Ignoring protrusion settings for this character.
Package microtype Info: Character `⁻' is missing
(microtype)             in font `TU/TeXGyrePagella(1)/m/n/6.06813'.
(microtype)             Ignoring protrusion settings for this character.
Package microtype Info: Character `ﬆ' is missing
(microtype)             in font `TU/TeXGyrePagella(1)/m/n/4.3344'.
(microtype)             Ignoring protrusion settings for this character.
Package microtype Info: Character `ﬅ' is missing
(microtype)             in font `TU/TeXGyrePagella(1)/m/n/4.3344'.
(microtype)             Ignoring protrusion settings for this character.
Package microtype Info: Character `‥' is missing
(microtype)             in font `TU/TeXGyrePagella(1)/m/n/4.3344'.
(microtype)             Ignoring protrusion settings for this character.
Package microtype Info: Character `‼' is missing
(microtype)             in font `TU/TeXGyrePagella(1)/m/n/4.3344'.
(microtype)             Ignoring protrusion settings for this character.
Package microtype Info: Character `⁰' is missing
(microtype)             in font `TU/TeXGyrePagella(1)/m/n/4.3344'.
(microtype)             Ignoring protrusion settings for this character.
Package microtype Info: Character `⁴' is missing
(microtype)             in font `TU/TeXGyrePagella(1)/m/n/4.3344'.
(microtype)             Ignoring protrusion settings for this character.
Package microtype Info: Character `⁵' is missing
(microtype)             in font `TU/TeXGyrePagella(1)/m/n/4.3344'.
(microtype)             Ignoring protrusion settings for this character.
Package microtype Info: Character `⁶' is missing
(microtype)             in font `TU/TeXGyrePagella(1)/m/n/4.3344'.
(microtype)             Ignoring protrusion settings for this character.
Package microtype Info: Character `⁷' is missing
(microtype)             in font `TU/TeXGyrePagella(1)/m/n/4.3344'.
(microtype)             Ignoring protrusion settings for this character.
Package microtype Info: Character `⁸' is missing
(microtype)             in font `TU/TeXGyrePagella(1)/m/n/4.3344'.
(microtype)             Ignoring protrusion settings for this character.
Package microtype Info: Character `⁹' is missing
(microtype)             in font `TU/TeXGyrePagella(1)/m/n/4.3344'.
(microtype)             Ignoring protrusion settings for this character.
Package microtype Info: Character `₀' is missing
(microtype)             in font `TU/TeXGyrePagella(1)/m/n/4.3344'.
(microtype)             Ignoring protrusion settings for this character.
Package microtype Info: Character `₁' is missing
(microtype)             in font `TU/TeXGyrePagella(1)/m/n/4.3344'.
(microtype)             Ignoring protrusion settings for this character.
Package microtype Info: Character `₂' is missing
(microtype)             in font `TU/TeXGyrePagella(1)/m/n/4.3344'.
(microtype)             Ignoring protrusion settings for this character.
Package microtype Info: Character `₃' is missing
(microtype)             in font `TU/TeXGyrePagella(1)/m/n/4.3344'.
(microtype)             Ignoring protrusion settings for this character.
Package microtype Info: Character `₄' is missing
(microtype)             in font `TU/TeXGyrePagella(1)/m/n/4.3344'.
(microtype)             Ignoring protrusion settings for this character.
Package microtype Info: Character `₅' is missing
(microtype)             in font `TU/TeXGyrePagella(1)/m/n/4.3344'.
(microtype)             Ignoring protrusion settings for this character.
Package microtype Info: Character `₆' is missing
(microtype)             in font `TU/TeXGyrePagella(1)/m/n/4.3344'.
(microtype)             Ignoring protrusion settings for this character.
Package microtype Info: Character `₇' is missing
(microtype)             in font `TU/TeXGyrePagella(1)/m/n/4.3344'.
(microtype)             Ignoring protrusion settings for this character.
Package microtype Info: Character `₈' is missing
(microtype)             in font `TU/TeXGyrePagella(1)/m/n/4.3344'.
(microtype)             Ignoring protrusion settings for this character.
Package microtype Info: Character `₉' is missing
(microtype)             in font `TU/TeXGyrePagella(1)/m/n/4.3344'.
(microtype)             Ignoring protrusion settings for this character.
Package microtype Info: Character `₊' is missing
(microtype)             in font `TU/TeXGyrePagella(1)/m/n/4.3344'.
(microtype)             Ignoring protrusion settings for this character.
Package microtype Info: Character `₋' is missing
(microtype)             in font `TU/TeXGyrePagella(1)/m/n/4.3344'.
(microtype)             Ignoring protrusion settings for this character.
Package microtype Info: Character `⁺' is missing
(microtype)             in font `TU/TeXGyrePagella(1)/m/n/4.3344'.
(microtype)             Ignoring protrusion settings for this character.
Package microtype Info: Character `⁻' is missing
(microtype)             in font `TU/TeXGyrePagella(1)/m/n/4.3344'.
(microtype)             Ignoring protrusion settings for this character.
 [8
warning  (pdf backend): pop empty color page stack 0
NEXUS-MARGIN-ANCHOR:nxm:professeur:professor-id:00000028] [9]
NEXUS_OBJECT_BEGIN:0beaed71625665b2feb3348e4cc74512885afa21

(./chapitres/TEXP-COMPLEXES-TRIGO-POLYNOMES/cours/10_C1_forme_exponentielle.tex

Underfull \hbox (badness 10000) in paragraph at lines 41--41
[][] \TU/TeXGyreHeros(0)/m/n/7.5 Ces for-mules
 []


Underfull \hbox (badness 10000) in paragraph at lines 41--41
\TU/TeXGyreHeros(0)/m/n/7.5 s’ob-tiennent di-rec-
 []


Underfull \hbox (badness 10000) in paragraph at lines 41--41
\TU/TeXGyreHeros(0)/m/n/7.5 te-ment en ad-di-tion-
 []


Underfull \hbox (badness 10000) in paragraph at lines 41--41
\TU/TeXGyreHeros(0)/m/n/7.5 nant (ou sous-trayant)
 []

NEXUS-MARGIN-CAPTURE:nxm:professeur:appui:00000029
NEXUS-MARGIN-MARKER-METADATA:nxm:professeur:appui:00000029)
NEXUS_OBJECT_END:0beaed71625665b2feb3348e4cc74512885afa21
NEXUS_OBJECT_BEGIN:ff894ee4a3435f2cf9742f5fce816be65fe89cc8

(./chapitres/TEXP-COMPLEXES-TRIGO-POLYNOMES/cours/11_C2_equations_polynomiales.
tex

Package scrlayer-scrpage Warning: \footheight to low.
(scrlayer-scrpage)                At least 24.54416pt needed,
(scrlayer-scrpage)                but only 21.28098pt found.
(scrlayer-scrpage)                I'll enlarge \footheight, for further
(scrlayer-scrpage)                processing, but you should do this yourself,
(scrlayer-scrpage)                e.g., using
(scrlayer-scrpage)                  \setlength{\footheight}{24.54416pt}
(scrlayer-scrpage)                in your preamble.
(scrlayer-scrpage)                I'll also increase \footskip on input line 31
.

[10



warning  (pdf backend): pop empty color page stack 0
NEXUS-MARGIN-ANCHOR:nxm:professeur:appui:00000029])
NEXUS_OBJECT_END:ff894ee4a3435f2cf9742f5fce816be65fe89cc8
NEXUS_OBJECT_BEGIN:1fd24af0bd330387f254d76c6470d16dccedc3cc

(./chapitres/TEXP-COMPLEXES-TRIGO-POLYNOMES/cours/12_C3_geometrie_racines_unite
.tex [11])
NEXUS_OBJECT_END:1fd24af0bd330387f254d76c6470d16dccedc3cc
NEXUS_OBJECT_BEGIN:b35113bc9c6e729545dfc551f2a267a6a9d07966
(./chapitres/TEXP-COMPLEXES-TRIGO-POLYNOMES/exercices/TEXP-CTP-EX-001.tex
NEXUS-MARGIN-CAPTURE:nxm:professeur:chrono:00000030
NEXUS-MARGIN-MARKER-METADATA:nxm:professeur:chrono:00000030
NEXUS-MARGIN-CAPTURE:nxm:professeur:professor-id:00000031
NEXUS-MARGIN-MARKER-METADATA:nxm:professeur:professor-id:00000031)
NEXUS_OBJECT_END:b35113bc9c6e729545dfc551f2a267a6a9d07966
NEXUS_OBJECT_BEGIN:339f7163a6af7afd0a6c21a7f3fb4bf1a6be2717
(./chapitres/TEXP-COMPLEXES-TRIGO-POLYNOMES/exercices/TEXP-CTP-EX-002.tex
NEXUS-MARGIN-CAPTURE:nxm:professeur:chrono:00000032
NEXUS-MARGIN-MARKER-METADATA:nxm:professeur:chrono:00000032
NEXUS-MARGIN-CAPTURE:nxm:professeur:professor-id:00000033
NEXUS-MARGIN-MARKER-METADATA:nxm:professeur:professor-id:00000033)
NEXUS_OBJECT_END:339f7163a6af7afd0a6c21a7f3fb4bf1a6be2717
NEXUS_OBJECT_BEGIN:43d552d105a895f51d1bac2f62ea70a39982f914
(./chapitres/TEXP-COMPLEXES-TRIGO-POLYNOMES/exercices/TEXP-CTP-EX-003.tex
NEXUS-MARGIN-CAPTURE:nxm:professeur:chrono:00000034
NEXUS-MARGIN-MARKER-METADATA:nxm:professeur:chrono:00000034
NEXUS-MARGIN-CAPTURE:nxm:professeur:professor-id:00000035
NEXUS-MARGIN-MARKER-METADATA:nxm:professeur:professor-id:00000035)
NEXUS_OBJECT_END:43d552d105a895f51d1bac2f62ea70a39982f914
NEXUS_OBJECT_BEGIN:6088619ffee9f3e3605677b270793cc4cb9d618d
(./chapitres/TEXP-COMPLEXES-TRIGO-POLYNOMES/exercices/TEXP-CTP-EX-004.tex
NEXUS-MARGIN-CAPTURE:nxm:professeur:chrono:00000036
NEXUS-MARGIN-MARKER-METADATA:nxm:professeur:chrono:00000036
NEXUS-MARGIN-CAPTURE:nxm:professeur:professor-id:00000037
NEXUS-MARGIN-MARKER-METADATA:nxm:professeur:professor-id:00000037)
NEXUS_OBJECT_END:6088619ffee9f3e3605677b270793cc4cb9d618d
NEXUS_OBJECT_BEGIN:29226fd1fb8203986e2190cef345cc22d62e9ccf

(./chapitres/TEXP-COMPLEXES-TRIGO-POLYNOMES/qcm/TEXP-COMPLEXES-TRIGO-POLYNOMES-
QCM.tex [12
warning  (pdf backend): pop empty color page stack 0

warning  (pdf backend): pop empty color page stack 0
NEXUS-MARGIN-ANCHOR:nxm:professeur:chrono:00000030
NEXUS-MARGIN-ANCHOR:nxm:professeur:professor-id:00000031
warning  (pdf backend): pop empty color page stack 0

warning  (pdf backend): pop empty color page stack 0
NEXUS-MARGIN-ANCHOR:nxm:professeur:chrono:00000032
NEXUS-MARGIN-ANCHOR:nxm:professeur:professor-id:00000033
warning  (pdf backend): pop empty color page stack 0

warning  (pdf backend): pop empty color page stack 0
NEXUS-MARGIN-ANCHOR:nxm:professeur:chrono:00000034
NEXUS-MARGIN-ANCHOR:nxm:professeur:professor-id:00000035
warning  (pdf backend): pop empty color page stack 0

warning  (pdf backend): pop empty color page stack 0
NEXUS-MARGIN-ANCHOR:nxm:professeur:chrono:00000036
NEXUS-MARGIN-ANCHOR:nxm:professeur:professor-id:00000037])
NEXUS_OBJECT_END:29226fd1fb8203986e2190cef345cc22d62e9ccf
NEXUS_OBJECT_BEGIN:d95c8ebf88a1d143d0c50cac3531cf9b283b14ad

(./chapitres/TEXP-COMPLEXES-TRIGO-POLYNOMES/evaluations/TEXP-CTP-EV-A-corrige.t
ex
NEXUS-MARGIN-CAPTURE:nxm:professeur:professor-id:00000038
NEXUS-MARGIN-MARKER-METADATA:nxm:professeur:professor-id:00000038
NEXUS-MARGIN-CAPTURE:nxm:professeur:professor-id:00000039
NEXUS-MARGIN-MARKER-METADATA:nxm:professeur:professor-id:00000039 [13
warning  (pdf backend): pop empty color page stack 0
NEXUS-MARGIN-ANCHOR:nxm:professeur:professor-id:00000038])
NEXUS_OBJECT_END:d95c8ebf88a1d143d0c50cac3531cf9b283b14ad
NEXUS_OBJECT_BEGIN:1415c7909539bc93b7fb2505b7cdb62d2316eeeb
(./chapitres/TEXP-COMPLEXES-TRIGO-POLYNOMES/evaluations/TEXP-CTP-EV-A.tex
NEXUS-MARGIN-CAPTURE:nxm:professeur:chrono:00000040
NEXUS-MARGIN-MARKER-METADATA:nxm:professeur:chrono:00000040
NEXUS-MARGIN-CAPTURE:nxm:professeur:professor-id:00000041
NEXUS-MARGIN-MARKER-METADATA:nxm:professeur:professor-id:00000041
NEXUS-MARGIN-CAPTURE:nxm:professeur:chrono:00000042
NEXUS-MARGIN-MARKER-METADATA:nxm:professeur:chrono:00000042
NEXUS-MARGIN-CAPTURE:nxm:professeur:professor-id:00000043
NEXUS-MARGIN-MARKER-METADATA:nxm:professeur:professor-id:00000043)
NEXUS_OBJECT_END:1415c7909539bc93b7fb2505b7cdb62d2316eeeb
NEXUS_OBJECT_BEGIN:95c139f87067e1ab932e572446ee1f4123102a43

(./chapitres/TEXP-COMPLEXES-TRIGO-POLYNOMES/evaluations/TEXP-CTP-EV-B-corrige.t
ex
NEXUS-MARGIN-CAPTURE:nxm:professeur:professor-id:00000044
NEXUS-MARGIN-MARKER-METADATA:nxm:professeur:professor-id:00000044
NEXUS-MARGIN-CAPTURE:nxm:professeur:professor-id:00000045
NEXUS-MARGIN-MARKER-METADATA:nxm:professeur:professor-id:00000045)
NEXUS_OBJECT_END:95c139f87067e1ab932e572446ee1f4123102a43
NEXUS_OBJECT_BEGIN:6828bf2d4f175cf66ac259db621f7a1c831cef8a
(./chapitres/TEXP-COMPLEXES-TRIGO-POLYNOMES/evaluations/TEXP-CTP-EV-B.tex
NEXUS-MARGIN-CAPTURE:nxm:professeur:chrono:00000046
NEXUS-MARGIN-MARKER-METADATA:nxm:professeur:chrono:00000046
NEXUS-MARGIN-CAPTURE:nxm:professeur:professor-id:00000047
NEXUS-MARGIN-MARKER-METADATA:nxm:professeur:professor-id:00000047
NEXUS-MARGIN-CAPTURE:nxm:professeur:chrono:00000048
NEXUS-MARGIN-MARKER-METADATA:nxm:professeur:chrono:00000048
NEXUS-MARGIN-CAPTURE:nxm:professeur:professor-id:00000049
NEXUS-MARGIN-MARKER-METADATA:nxm:professeur:professor-id:00000049 [14
warning  (pdf backend): pop empty color page stack 0
NEXUS-MARGIN-ANCHOR:nxm:professeur:professor-id:00000039
warning  (pdf backend): pop empty color page stack 0

warning  (pdf backend): pop empty color page stack 0
NEXUS-MARGIN-ANCHOR:nxm:professeur:chrono:00000040
NEXUS-MARGIN-ANCHOR:nxm:professeur:professor-id:00000041
warning  (pdf backend): pop empty color page stack 0

warning  (pdf backend): pop empty color page stack 0
NEXUS-MARGIN-ANCHOR:nxm:professeur:chrono:00000042
NEXUS-MARGIN-ANCHOR:nxm:professeur:professor-id:00000043
warning  (pdf backend): pop empty color page stack 0
NEXUS-MARGIN-ANCHOR:nxm:professeur:professor-id:00000044
warning  (pdf backend): pop empty color page stack 0
NEXUS-MARGIN-ANCHOR:nxm:professeur:professor-id:00000045
warning  (pdf backend): pop empty color page stack 0

warning  (pdf backend): pop empty color page stack 0
NEXUS-MARGIN-ANCHOR:nxm:professeur:chrono:00000046
NEXUS-MARGIN-ANCHOR:nxm:professeur:professor-id:00000047])
NEXUS_OBJECT_END:6828bf2d4f175cf66ac259db621f7a1c831cef8a
NEXUS_OBJECT_BEGIN:0b7a9acc862088d06f4a9b183b62f0d9080f2d5b

(./chapitres/TEXP-COMPLEXES-TRIGO-POLYNOMES/remediation/TEXP-COMPLEXES-TRIGO-PO
LYNOMES-RE-C7.tex
NEXUS-MARGIN-CAPTURE:nxm:professeur:chrono:00000050
NEXUS-MARGIN-MARKER-METADATA:nxm:professeur:chrono:00000050
NEXUS-MARGIN-CAPTURE:nxm:professeur:professor-id:00000051
NEXUS-MARGIN-MARKER-METADATA:nxm:professeur:professor-id:00000051
NEXUS-MARGIN-CAPTURE:nxm:professeur:professor-id:00000052
NEXUS-MARGIN-MARKER-METADATA:nxm:professeur:professor-id:00000052)
NEXUS_OBJECT_END:0b7a9acc862088d06f4a9b183b62f0d9080f2d5b
NEXUS_OBJECT_BEGIN:dba87da1d26d4e75352f2d63cf4f721810120d6b
(./chapitres/TEXP-COMPLEXES-TRIGO-POLYNOMES/corriges/TEXP-CTP-CO-001.tex
NEXUS-MARGIN-CAPTURE:nxm:professeur:professor-id:00000053
NEXUS-MARGIN-MARKER-METADATA:nxm:professeur:professor-id:00000053)
NEXUS_OBJECT_END:dba87da1d26d4e75352f2d63cf4f721810120d6b
NEXUS_OBJECT_BEGIN:859c4e4dace984b375aee2e621e3214edc399136
(./chapitres/TEXP-COMPLEXES-TRIGO-POLYNOMES/corriges/TEXP-CTP-CO-002.tex
NEXUS-MARGIN-CAPTURE:nxm:professeur:professor-id:00000054
NEXUS-MARGIN-MARKER-METADATA:nxm:professeur:professor-id:00000054)
NEXUS_OBJECT_END:859c4e4dace984b375aee2e621e3214edc399136
NEXUS_OBJECT_BEGIN:6aec54db6fde8b6395eee1a4acd6e7cc65a4c541
(./chapitres/TEXP-COMPLEXES-TRIGO-POLYNOMES/corriges/TEXP-CTP-CO-003.tex
NEXUS-MARGIN-CAPTURE:nxm:professeur:professor-id:00000055
NEXUS-MARGIN-MARKER-METADATA:nxm:professeur:professor-id:00000055)
NEXUS_OBJECT_END:6aec54db6fde8b6395eee1a4acd6e7cc65a4c541
NEXUS_OBJECT_BEGIN:a6bfa346a9e139a709b38936ba6be704f752dc0d
(./chapitres/TEXP-COMPLEXES-TRIGO-POLYNOMES/corriges/TEXP-CTP-CO-004.tex
NEXUS-MARGIN-CAPTURE:nxm:professeur:professor-id:00000056
NEXUS-MARGIN-MARKER-METADATA:nxm:professeur:professor-id:00000056)
NEXUS_OBJECT_END:a6bfa346a9e139a709b38936ba6be704f752dc0d
[15
warning  (pdf backend): pop empty color page stack 0

warning  (pdf backend): pop empty color page stack 0
NEXUS-MARGIN-ANCHOR:nxm:professeur:chrono:00000048
NEXUS-MARGIN-ANCHOR:nxm:professeur:professor-id:00000049
warning  (pdf backend): pop empty color page stack 0

warning  (pdf backend): pop empty color page stack 0
NEXUS-MARGIN-ANCHOR:nxm:professeur:chrono:00000050
NEXUS-MARGIN-ANCHOR:nxm:professeur:professor-id:00000051
warning  (pdf backend): pop empty color page stack 0
NEXUS-MARGIN-ANCHOR:nxm:professeur:professor-id:00000052
warning  (pdf backend): pop empty color page stack 0
NEXUS-MARGIN-ANCHOR:nxm:professeur:professor-id:00000053
warning  (pdf backend): pop empty color page stack 0
NEXUS-MARGIN-ANCHOR:nxm:professeur:professor-id:00000054
warning  (pdf backend): pop empty color page stack 0
NEXUS-MARGIN-ANCHOR:nxm:professeur:professor-id:00000055
warning  (pdf backend): pop empty color page stack 0
NEXUS-MARGIN-ANCHOR:nxm:professeur:professor-id:00000056] [16] [17]
NEXUS_OBJECT_BEGIN:f3a3b4560b6f105f584df48b8cbf6d582ed48c0c
(./chapitres/TEXP-ARITHMETIQUE/cours/10_C1_divisibilite_pgcd.tex
(/usr/share/texlive/texmf-dist/tex/latex/listings/lstlang1.sty
File: lstlang1.sty 2023/02/27 1.9 listings language file
)
LaTeX Font Info:    Font shape `TU/JetBrainsMono(0)/m/n' will be
(Font)              scaled to size 8.45499pt on input line 42.
LaTeX Font Info:    Font shape `TU/JetBrainsMono(0)/m/n' will be
(Font)              scaled to size 7.56499pt on input line 42.
Package microtype Info: Character `ﬆ' is missing
(microtype)             in font `TU/TeXGyrePagella(0)/m/n/8.5'.
(microtype)             Ignoring protrusion settings for this character.
Package microtype Info: Character `ﬅ' is missing
(microtype)             in font `TU/TeXGyrePagella(0)/m/n/8.5'.
(microtype)             Ignoring protrusion settings for this character.
Package microtype Info: Character `‥' is missing
(microtype)             in font `TU/TeXGyrePagella(0)/m/n/8.5'.
(microtype)             Ignoring protrusion settings for this character.
Package microtype Info: Character `‼' is missing
(microtype)             in font `TU/TeXGyrePagella(0)/m/n/8.5'.
(microtype)             Ignoring protrusion settings for this character.
Package microtype Info: Character `⁰' is missing
(microtype)             in font `TU/TeXGyrePagella(0)/m/n/8.5'.
(microtype)             Ignoring protrusion settings for this character.
Package microtype Info: Character `⁴' is missing
(microtype)             in font `TU/TeXGyrePagella(0)/m/n/8.5'.
(microtype)             Ignoring protrusion settings for this character.
Package microtype Info: Character `⁵' is missing
(microtype)             in font `TU/TeXGyrePagella(0)/m/n/8.5'.
(microtype)             Ignoring protrusion settings for this character.
Package microtype Info: Character `⁶' is missing
(microtype)             in font `TU/TeXGyrePagella(0)/m/n/8.5'.
(microtype)             Ignoring protrusion settings for this character.
Package microtype Info: Character `⁷' is missing
(microtype)             in font `TU/TeXGyrePagella(0)/m/n/8.5'.
(microtype)             Ignoring protrusion settings for this character.
Package microtype Info: Character `⁸' is missing
(microtype)             in font `TU/TeXGyrePagella(0)/m/n/8.5'.
(microtype)             Ignoring protrusion settings for this character.
Package microtype Info: Character `⁹' is missing
(microtype)             in font `TU/TeXGyrePagella(0)/m/n/8.5'.
(microtype)             Ignoring protrusion settings for this character.
Package microtype Info: Character `₀' is missing
(microtype)             in font `TU/TeXGyrePagella(0)/m/n/8.5'.
(microtype)             Ignoring protrusion settings for this character.
Package microtype Info: Character `₁' is missing
(microtype)             in font `TU/TeXGyrePagella(0)/m/n/8.5'.
(microtype)             Ignoring protrusion settings for this character.
Package microtype Info: Character `₂' is missing
(microtype)             in font `TU/TeXGyrePagella(0)/m/n/8.5'.
(microtype)             Ignoring protrusion settings for this character.
Package microtype Info: Character `₃' is missing
(microtype)             in font `TU/TeXGyrePagella(0)/m/n/8.5'.
(microtype)             Ignoring protrusion settings for this character.
Package microtype Info: Character `₄' is missing
(microtype)             in font `TU/TeXGyrePagella(0)/m/n/8.5'.
(microtype)             Ignoring protrusion settings for this character.
Package microtype Info: Character `₅' is missing
(microtype)             in font `TU/TeXGyrePagella(0)/m/n/8.5'.
(microtype)             Ignoring protrusion settings for this character.
Package microtype Info: Character `₆' is missing
(microtype)             in font `TU/TeXGyrePagella(0)/m/n/8.5'.
(microtype)             Ignoring protrusion settings for this character.
Package microtype Info: Character `₇' is missing
(microtype)             in font `TU/TeXGyrePagella(0)/m/n/8.5'.
(microtype)             Ignoring protrusion settings for this character.
Package microtype Info: Character `₈' is missing
(microtype)             in font `TU/TeXGyrePagella(0)/m/n/8.5'.
(microtype)             Ignoring protrusion settings for this character.
Package microtype Info: Character `₉' is missing
(microtype)             in font `TU/TeXGyrePagella(0)/m/n/8.5'.
(microtype)             Ignoring protrusion settings for this character.
Package microtype Info: Character `₊' is missing
(microtype)             in font `TU/TeXGyrePagella(0)/m/n/8.5'.
(microtype)             Ignoring protrusion settings for this character.
Package microtype Info: Character `₋' is missing
(microtype)             in font `TU/TeXGyrePagella(0)/m/n/8.5'.
(microtype)             Ignoring protrusion settings for this character.
Package microtype Info: Character `⁺' is missing
(microtype)             in font `TU/TeXGyrePagella(0)/m/n/8.5'.
(microtype)             Ignoring protrusion settings for this character.
Package microtype Info: Character `⁻' is missing
(microtype)             in font `TU/TeXGyrePagella(0)/m/n/8.5'.
(microtype)             Ignoring protrusion settings for this character.
LaTeX Font Info:    Font shape `TU/JetBrainsMono(0)/m/n' will be
(Font)              scaled to size 5.34pt on input line 43.
LaTeX Font Info:    Font shape `TU/JetBrainsMono(0)/b/n' will be
(Font)              scaled to size 7.56499pt on input line 43.
)
NEXUS_OBJECT_END:f3a3b4560b6f105f584df48b8cbf6d582ed48c0c
NEXUS_OBJECT_BEGIN:074814c81f3e718bbc57696437608f5e768d23bf
(./chapitres/TEXP-ARITHMETIQUE/cours/11_C2_congruences.tex [18


])
NEXUS_OBJECT_END:074814c81f3e718bbc57696437608f5e768d23bf
NEXUS_OBJECT_BEGIN:88259761d32ee98fc3e090e7eb3e7a2834b68220
(./chapitres/TEXP-ARITHMETIQUE/cours/12_C3_bezout_gauss.tex [19])
NEXUS_OBJECT_END:88259761d32ee98fc3e090e7eb3e7a2834b68220
NEXUS_OBJECT_BEGIN:951fda0096fba74ea9c83630f6d4316347129376
(./chapitres/TEXP-ARITHMETIQUE/cours/13_C4_nombres_premiers.tex [20])
NEXUS_OBJECT_END:951fda0096fba74ea9c83630f6d4316347129376
NEXUS_OBJECT_BEGIN:5ab3d149357c98d4d817078db4dfcea219d0ff25
(./chapitres/TEXP-ARITHMETIQUE/exercices/TEXP-ARI-EX-001.tex
NEXUS-MARGIN-CAPTURE:nxm:professeur:chrono:00000057
NEXUS-MARGIN-MARKER-METADATA:nxm:professeur:chrono:00000057
NEXUS-MARGIN-CAPTURE:nxm:professeur:professor-id:00000058
NEXUS-MARGIN-MARKER-METADATA:nxm:professeur:professor-id:00000058)
NEXUS_OBJECT_END:5ab3d149357c98d4d817078db4dfcea219d0ff25
NEXUS_OBJECT_BEGIN:99b8d41a05297417f7e6498e5bf876294728ca88
(./chapitres/TEXP-ARITHMETIQUE/exercices/TEXP-ARI-EX-002.tex
NEXUS-MARGIN-CAPTURE:nxm:professeur:chrono:00000059
NEXUS-MARGIN-MARKER-METADATA:nxm:professeur:chrono:00000059
NEXUS-MARGIN-CAPTURE:nxm:professeur:professor-id:00000060
NEXUS-MARGIN-MARKER-METADATA:nxm:professeur:professor-id:00000060)
NEXUS_OBJECT_END:99b8d41a05297417f7e6498e5bf876294728ca88
NEXUS_OBJECT_BEGIN:f10cbcd379eaae610bd9787a496c636d5f72f77f
(./chapitres/TEXP-ARITHMETIQUE/exercices/TEXP-ARI-EX-003.tex
NEXUS-MARGIN-CAPTURE:nxm:professeur:chrono:00000061
NEXUS-MARGIN-MARKER-METADATA:nxm:professeur:chrono:00000061
NEXUS-MARGIN-CAPTURE:nxm:professeur:professor-id:00000062
NEXUS-MARGIN-MARKER-METADATA:nxm:professeur:professor-id:00000062)
NEXUS_OBJECT_END:f10cbcd379eaae610bd9787a496c636d5f72f77f
NEXUS_OBJECT_BEGIN:64bb5024c3e3c2bcc6698de4ec82327b307b77c1
(./chapitres/TEXP-ARITHMETIQUE/exercices/TEXP-ARI-EX-004.tex
NEXUS-MARGIN-CAPTURE:nxm:professeur:chrono:00000063
NEXUS-MARGIN-MARKER-METADATA:nxm:professeur:chrono:00000063
NEXUS-MARGIN-CAPTURE:nxm:professeur:professor-id:00000064
NEXUS-MARGIN-MARKER-METADATA:nxm:professeur:professor-id:00000064)
NEXUS_OBJECT_END:64bb5024c3e3c2bcc6698de4ec82327b307b77c1
NEXUS_OBJECT_BEGIN:128bc2906ca3f586c96c3736767237441bb15887
(./chapitres/TEXP-ARITHMETIQUE/exercices/TEXP-ARI-EX-005.tex
NEXUS-MARGIN-CAPTURE:nxm:professeur:chrono:00000065
NEXUS-MARGIN-MARKER-METADATA:nxm:professeur:chrono:00000065
NEXUS-MARGIN-CAPTURE:nxm:professeur:professor-id:00000066
NEXUS-MARGIN-MARKER-METADATA:nxm:professeur:professor-id:00000066 [21
warning  (pdf backend): pop empty color page stack 0

warning  (pdf backend): pop empty color page stack 0
NEXUS-MARGIN-ANCHOR:nxm:professeur:chrono:00000057
NEXUS-MARGIN-ANCHOR:nxm:professeur:professor-id:00000058
warning  (pdf backend): pop empty color page stack 0

warning  (pdf backend): pop empty color page stack 0
NEXUS-MARGIN-ANCHOR:nxm:professeur:chrono:00000059
NEXUS-MARGIN-ANCHOR:nxm:professeur:professor-id:00000060
warning  (pdf backend): pop empty color page stack 0

warning  (pdf backend): pop empty color page stack 0
NEXUS-MARGIN-ANCHOR:nxm:professeur:chrono:00000061
NEXUS-MARGIN-ANCHOR:nxm:professeur:professor-id:00000062
warning  (pdf backend): pop empty color page stack 0

warning  (pdf backend): pop empty color page stack 0
NEXUS-MARGIN-ANCHOR:nxm:professeur:chrono:00000063
NEXUS-MARGIN-ANCHOR:nxm:professeur:professor-id:00000064])
NEXUS_OBJECT_END:128bc2906ca3f586c96c3736767237441bb15887
NEXUS_OBJECT_BEGIN:864072632c3f54042f03d2bbbcc4e0f6a8782d0d
(./chapitres/TEXP-ARITHMETIQUE/qcm/TEXP-ARITHMETIQUE-QCM.tex [22
warning  (pdf backend): pop empty color page stack 0

warning  (pdf backend): pop empty color page stack 0
NEXUS-MARGIN-ANCHOR:nxm:professeur:chrono:00000065
NEXUS-MARGIN-ANCHOR:nxm:professeur:professor-id:00000066])
NEXUS_OBJECT_END:864072632c3f54042f03d2bbbcc4e0f6a8782d0d
NEXUS_OBJECT_BEGIN:6946a2643018972d81e695d61d348b4cde4f0599
(./chapitres/TEXP-ARITHMETIQUE/evaluations/TEXP-ARI-EV-A-corrige.tex
NEXUS-MARGIN-CAPTURE:nxm:professeur:professor-id:00000067
NEXUS-MARGIN-MARKER-METADATA:nxm:professeur:professor-id:00000067
NEXUS-MARGIN-CAPTURE:nxm:professeur:professor-id:00000068
NEXUS-MARGIN-MARKER-METADATA:nxm:professeur:professor-id:00000068)
NEXUS_OBJECT_END:6946a2643018972d81e695d61d348b4cde4f0599
NEXUS_OBJECT_BEGIN:4a919cf4a981266b91dcf47f0523a14871d3b41c
(./chapitres/TEXP-ARITHMETIQUE/evaluations/TEXP-ARI-EV-A.tex
NEXUS-MARGIN-CAPTURE:nxm:professeur:chrono:00000069
NEXUS-MARGIN-MARKER-METADATA:nxm:professeur:chrono:00000069
NEXUS-MARGIN-CAPTURE:nxm:professeur:professor-id:00000070
NEXUS-MARGIN-MARKER-METADATA:nxm:professeur:professor-id:00000070
NEXUS-MARGIN-CAPTURE:nxm:professeur:chrono:00000071
NEXUS-MARGIN-MARKER-METADATA:nxm:professeur:chrono:00000071
NEXUS-MARGIN-CAPTURE:nxm:professeur:professor-id:00000072
NEXUS-MARGIN-MARKER-METADATA:nxm:professeur:professor-id:00000072)
NEXUS_OBJECT_END:4a919cf4a981266b91dcf47f0523a14871d3b41c
NEXUS_OBJECT_BEGIN:06c22d587db5296271824fa009f4c43940d81ef1
(./chapitres/TEXP-ARITHMETIQUE/evaluations/TEXP-ARI-EV-B-corrige.tex
NEXUS-MARGIN-CAPTURE:nxm:professeur:professor-id:00000073
NEXUS-MARGIN-MARKER-METADATA:nxm:professeur:professor-id:00000073
NEXUS-MARGIN-CAPTURE:nxm:professeur:professor-id:00000074
NEXUS-MARGIN-MARKER-METADATA:nxm:professeur:professor-id:00000074 [23
warning  (pdf backend): pop empty color page stack 0
NEXUS-MARGIN-ANCHOR:nxm:professeur:professor-id:00000067
warning  (pdf backend): pop empty color page stack 0
NEXUS-MARGIN-ANCHOR:nxm:professeur:professor-id:00000068
warning  (pdf backend): pop empty color page stack 0

warning  (pdf backend): pop empty color page stack 0
NEXUS-MARGIN-ANCHOR:nxm:professeur:chrono:00000069
NEXUS-MARGIN-ANCHOR:nxm:professeur:professor-id:00000070
warning  (pdf backend): pop empty color page stack 0

warning  (pdf backend): pop empty color page stack 0
NEXUS-MARGIN-ANCHOR:nxm:professeur:chrono:00000071
NEXUS-MARGIN-ANCHOR:nxm:professeur:professor-id:00000072
warning  (pdf backend): pop empty color page stack 0
NEXUS-MARGIN-ANCHOR:nxm:professeur:professor-id:00000073
warning  (pdf backend): pop empty color page stack 0
NEXUS-MARGIN-ANCHOR:nxm:professeur:professor-id:00000074])
NEXUS_OBJECT_END:06c22d587db5296271824fa009f4c43940d81ef1
NEXUS_OBJECT_BEGIN:a3c68ed4d4bb72106571a7a1843cd100feae5aa7
(./chapitres/TEXP-ARITHMETIQUE/evaluations/TEXP-ARI-EV-B.tex
NEXUS-MARGIN-CAPTURE:nxm:professeur:chrono:00000075
NEXUS-MARGIN-MARKER-METADATA:nxm:professeur:chrono:00000075
NEXUS-MARGIN-CAPTURE:nxm:professeur:professor-id:00000076
NEXUS-MARGIN-MARKER-METADATA:nxm:professeur:professor-id:00000076
NEXUS-MARGIN-CAPTURE:nxm:professeur:chrono:00000077
NEXUS-MARGIN-MARKER-METADATA:nxm:professeur:chrono:00000077
NEXUS-MARGIN-CAPTURE:nxm:professeur:professor-id:00000078
NEXUS-MARGIN-MARKER-METADATA:nxm:professeur:professor-id:00000078)
NEXUS_OBJECT_END:a3c68ed4d4bb72106571a7a1843cd100feae5aa7
NEXUS_OBJECT_BEGIN:05846e80245c9ad998397c7c31a2a5b8e24b6510
(./chapitres/TEXP-ARITHMETIQUE/remediation/TEXP-ARITHMETIQUE-RE-C4.tex
NEXUS-MARGIN-CAPTURE:nxm:professeur:chrono:00000079
NEXUS-MARGIN-MARKER-METADATA:nxm:professeur:chrono:00000079
NEXUS-MARGIN-CAPTURE:nxm:professeur:professor-id:00000080
NEXUS-MARGIN-MARKER-METADATA:nxm:professeur:professor-id:00000080
NEXUS-MARGIN-CAPTURE:nxm:professeur:professor-id:00000081
NEXUS-MARGIN-MARKER-METADATA:nxm:professeur:professor-id:00000081)
NEXUS_OBJECT_END:05846e80245c9ad998397c7c31a2a5b8e24b6510
NEXUS_OBJECT_BEGIN:4cdb3ced1f8735ac68e086ae05e6798915c8b7c3
(./chapitres/TEXP-ARITHMETIQUE/corriges/TEXP-ARI-CO-001.tex
NEXUS-MARGIN-CAPTURE:nxm:professeur:professor-id:00000082
NEXUS-MARGIN-MARKER-METADATA:nxm:professeur:professor-id:00000082)
NEXUS_OBJECT_END:4cdb3ced1f8735ac68e086ae05e6798915c8b7c3
NEXUS_OBJECT_BEGIN:d1fedb9c1551ba84e867bbc2390557f5d3691e05
(./chapitres/TEXP-ARITHMETIQUE/corriges/TEXP-ARI-CO-002.tex
NEXUS-MARGIN-CAPTURE:nxm:professeur:professor-id:00000083
NEXUS-MARGIN-MARKER-METADATA:nxm:professeur:professor-id:00000083)
NEXUS_OBJECT_END:d1fedb9c1551ba84e867bbc2390557f5d3691e05
NEXUS_OBJECT_BEGIN:fd2cd35c9d7247f5db241741d8ec30c84050e076
(./chapitres/TEXP-ARITHMETIQUE/corriges/TEXP-ARI-CO-003.tex
NEXUS-MARGIN-CAPTURE:nxm:professeur:professor-id:00000084
NEXUS-MARGIN-MARKER-METADATA:nxm:professeur:professor-id:00000084)
NEXUS_OBJECT_END:fd2cd35c9d7247f5db241741d8ec30c84050e076
NEXUS_OBJECT_BEGIN:06326ee2912174b6c1e848c3bc9b9e094a833926
(./chapitres/TEXP-ARITHMETIQUE/corriges/TEXP-ARI-CO-004.tex [24
warning  (pdf backend): pop empty color page stack 0

warning  (pdf backend): pop empty color page stack 0
NEXUS-MARGIN-ANCHOR:nxm:professeur:chrono:00000075
NEXUS-MARGIN-ANCHOR:nxm:professeur:professor-id:00000076
warning  (pdf backend): pop empty color page stack 0

warning  (pdf backend): pop empty color page stack 0
NEXUS-MARGIN-ANCHOR:nxm:professeur:chrono:00000077
NEXUS-MARGIN-ANCHOR:nxm:professeur:professor-id:00000078
warning  (pdf backend): pop empty color page stack 0

warning  (pdf backend): pop empty color page stack 0
NEXUS-MARGIN-ANCHOR:nxm:professeur:chrono:00000079
NEXUS-MARGIN-ANCHOR:nxm:professeur:professor-id:00000080
warning  (pdf backend): pop empty color page stack 0
NEXUS-MARGIN-ANCHOR:nxm:professeur:professor-id:00000081
warning  (pdf backend): pop empty color page stack 0
NEXUS-MARGIN-ANCHOR:nxm:professeur:professor-id:00000082
warning  (pdf backend): pop empty color page stack 0
NEXUS-MARGIN-ANCHOR:nxm:professeur:professor-id:00000083
warning  (pdf backend): pop empty color page stack 0
NEXUS-MARGIN-ANCHOR:nxm:professeur:professor-id:00000084]
NEXUS-MARGIN-CAPTURE:nxm:professeur:professor-id:00000085
NEXUS-MARGIN-MARKER-METADATA:nxm:professeur:professor-id:00000085)
NEXUS_OBJECT_END:06326ee2912174b6c1e848c3bc9b9e094a833926
NEXUS_OBJECT_BEGIN:963ac3385876d933cccc18632cfd5e322c724313
(./chapitres/TEXP-ARITHMETIQUE/corriges/TEXP-ARI-CO-005.tex
NEXUS-MARGIN-CAPTURE:nxm:professeur:professor-id:00000086
NEXUS-MARGIN-MARKER-METADATA:nxm:professeur:professor-id:00000086)
NEXUS_OBJECT_END:963ac3385876d933cccc18632cfd5e322c724313
[25
warning  (pdf backend): pop empty color page stack 0
NEXUS-MARGIN-ANCHOR:nxm:professeur:professor-id:00000085
warning  (pdf backend): pop empty color page stack 0
NEXUS-MARGIN-ANCHOR:nxm:professeur:professor-id:00000086] [26]
NEXUS_OBJECT_BEGIN:7bf8a43593e3f06c8afdd1089e44880b4edc03ce
(./chapitres/TEXP-GRAPHES/cours/10_C1_vocabulaire_graphes.tex)
NEXUS_OBJECT_END:7bf8a43593e3f06c8afdd1089e44880b4edc03ce
NEXUS_OBJECT_BEGIN:8b304762fbb79549f0db9a3e5c0de8710d113f4b
(./chapitres/TEXP-GRAPHES/cours/11_C2_matrice_adjacence.tex
Package microtype Info: Character `ﬆ' is missing
(microtype)             in font `TU/TeXGyrePagella(0)/m/n/7.03'.
(microtype)             Ignoring protrusion settings for this character.
Package microtype Info: Character `ﬅ' is missing
(microtype)             in font `TU/TeXGyrePagella(0)/m/n/7.03'.
(microtype)             Ignoring protrusion settings for this character.
Package microtype Info: Character `‥' is missing
(microtype)             in font `TU/TeXGyrePagella(0)/m/n/7.03'.
(microtype)             Ignoring protrusion settings for this character.
Package microtype Info: Character `‼' is missing
(microtype)             in font `TU/TeXGyrePagella(0)/m/n/7.03'.
(microtype)             Ignoring protrusion settings for this character.
Package microtype Info: Character `⁰' is missing
(microtype)             in font `TU/TeXGyrePagella(0)/m/n/7.03'.
(microtype)             Ignoring protrusion settings for this character.
Package microtype Info: Character `⁴' is missing
(microtype)             in font `TU/TeXGyrePagella(0)/m/n/7.03'.
(microtype)             Ignoring protrusion settings for this character.
Package microtype Info: Character `⁵' is missing
(microtype)             in font `TU/TeXGyrePagella(0)/m/n/7.03'.
(microtype)             Ignoring protrusion settings for this character.
Package microtype Info: Character `⁶' is missing
(microtype)             in font `TU/TeXGyrePagella(0)/m/n/7.03'.
(microtype)             Ignoring protrusion settings for this character.
Package microtype Info: Character `⁷' is missing
(microtype)             in font `TU/TeXGyrePagella(0)/m/n/7.03'.
(microtype)             Ignoring protrusion settings for this character.
Package microtype Info: Character `⁸' is missing
(microtype)             in font `TU/TeXGyrePagella(0)/m/n/7.03'.
(microtype)             Ignoring protrusion settings for this character.
Package microtype Info: Character `⁹' is missing
(microtype)             in font `TU/TeXGyrePagella(0)/m/n/7.03'.
(microtype)             Ignoring protrusion settings for this character.
Package microtype Info: Character `₀' is missing
(microtype)             in font `TU/TeXGyrePagella(0)/m/n/7.03'.
(microtype)             Ignoring protrusion settings for this character.
Package microtype Info: Character `₁' is missing
(microtype)             in font `TU/TeXGyrePagella(0)/m/n/7.03'.
(microtype)             Ignoring protrusion settings for this character.
Package microtype Info: Character `₂' is missing
(microtype)             in font `TU/TeXGyrePagella(0)/m/n/7.03'.
(microtype)             Ignoring protrusion settings for this character.
Package microtype Info: Character `₃' is missing
(microtype)             in font `TU/TeXGyrePagella(0)/m/n/7.03'.
(microtype)             Ignoring protrusion settings for this character.
Package microtype Info: Character `₄' is missing
(microtype)             in font `TU/TeXGyrePagella(0)/m/n/7.03'.
(microtype)             Ignoring protrusion settings for this character.
Package microtype Info: Character `₅' is missing
(microtype)             in font `TU/TeXGyrePagella(0)/m/n/7.03'.
(microtype)             Ignoring protrusion settings for this character.
Package microtype Info: Character `₆' is missing
(microtype)             in font `TU/TeXGyrePagella(0)/m/n/7.03'.
(microtype)             Ignoring protrusion settings for this character.
Package microtype Info: Character `₇' is missing
(microtype)             in font `TU/TeXGyrePagella(0)/m/n/7.03'.
(microtype)             Ignoring protrusion settings for this character.
Package microtype Info: Character `₈' is missing
(microtype)             in font `TU/TeXGyrePagella(0)/m/n/7.03'.
(microtype)             Ignoring protrusion settings for this character.
Package microtype Info: Character `₉' is missing
(microtype)             in font `TU/TeXGyrePagella(0)/m/n/7.03'.
(microtype)             Ignoring protrusion settings for this character.
Package microtype Info: Character `₊' is missing
(microtype)             in font `TU/TeXGyrePagella(0)/m/n/7.03'.
(microtype)             Ignoring protrusion settings for this character.
Package microtype Info: Character `₋' is missing
(microtype)             in font `TU/TeXGyrePagella(0)/m/n/7.03'.
(microtype)             Ignoring protrusion settings for this character.
Package microtype Info: Character `⁺' is missing
(microtype)             in font `TU/TeXGyrePagella(0)/m/n/7.03'.
(microtype)             Ignoring protrusion settings for this character.
Package microtype Info: Character `⁻' is missing
(microtype)             in font `TU/TeXGyrePagella(0)/m/n/7.03'.
(microtype)             Ignoring protrusion settings for this character.
Package microtype Info: Character `ﬆ' is missing
(microtype)             in font `TU/TeXGyrePagella(0)/m/n/5.225'.
(microtype)             Ignoring protrusion settings for this character.
Package microtype Info: Character `ﬅ' is missing
(microtype)             in font `TU/TeXGyrePagella(0)/m/n/5.225'.
(microtype)             Ignoring protrusion settings for this character.
Package microtype Info: Character `‥' is missing
(microtype)             in font `TU/TeXGyrePagella(0)/m/n/5.225'.
(microtype)             Ignoring protrusion settings for this character.
Package microtype Info: Character `‼' is missing
(microtype)             in font `TU/TeXGyrePagella(0)/m/n/5.225'.
(microtype)             Ignoring protrusion settings for this character.
Package microtype Info: Character `⁰' is missing
(microtype)             in font `TU/TeXGyrePagella(0)/m/n/5.225'.
(microtype)             Ignoring protrusion settings for this character.
Package microtype Info: Character `⁴' is missing
(microtype)             in font `TU/TeXGyrePagella(0)/m/n/5.225'.
(microtype)             Ignoring protrusion settings for this character.
Package microtype Info: Character `⁵' is missing
(microtype)             in font `TU/TeXGyrePagella(0)/m/n/5.225'.
(microtype)             Ignoring protrusion settings for this character.
Package microtype Info: Character `⁶' is missing
(microtype)             in font `TU/TeXGyrePagella(0)/m/n/5.225'.
(microtype)             Ignoring protrusion settings for this character.
Package microtype Info: Character `⁷' is missing
(microtype)             in font `TU/TeXGyrePagella(0)/m/n/5.225'.
(microtype)             Ignoring protrusion settings for this character.
Package microtype Info: Character `⁸' is missing
(microtype)             in font `TU/TeXGyrePagella(0)/m/n/5.225'.
(microtype)             Ignoring protrusion settings for this character.
Package microtype Info: Character `⁹' is missing
(microtype)             in font `TU/TeXGyrePagella(0)/m/n/5.225'.
(microtype)             Ignoring protrusion settings for this character.
Package microtype Info: Character `₀' is missing
(microtype)             in font `TU/TeXGyrePagella(0)/m/n/5.225'.
(microtype)             Ignoring protrusion settings for this character.
Package microtype Info: Character `₁' is missing
(microtype)             in font `TU/TeXGyrePagella(0)/m/n/5.225'.
(microtype)             Ignoring protrusion settings for this character.
Package microtype Info: Character `₂' is missing
(microtype)             in font `TU/TeXGyrePagella(0)/m/n/5.225'.
(microtype)             Ignoring protrusion settings for this character.
Package microtype Info: Character `₃' is missing
(microtype)             in font `TU/TeXGyrePagella(0)/m/n/5.225'.
(microtype)             Ignoring protrusion settings for this character.
Package microtype Info: Character `₄' is missing
(microtype)             in font `TU/TeXGyrePagella(0)/m/n/5.225'.
(microtype)             Ignoring protrusion settings for this character.
Package microtype Info: Character `₅' is missing
(microtype)             in font `TU/TeXGyrePagella(0)/m/n/5.225'.
(microtype)             Ignoring protrusion settings for this character.
Package microtype Info: Character `₆' is missing
(microtype)             in font `TU/TeXGyrePagella(0)/m/n/5.225'.
(microtype)             Ignoring protrusion settings for this character.
Package microtype Info: Character `₇' is missing
(microtype)             in font `TU/TeXGyrePagella(0)/m/n/5.225'.
(microtype)             Ignoring protrusion settings for this character.
Package microtype Info: Character `₈' is missing
(microtype)             in font `TU/TeXGyrePagella(0)/m/n/5.225'.
(microtype)             Ignoring protrusion settings for this character.
Package microtype Info: Character `₉' is missing
(microtype)             in font `TU/TeXGyrePagella(0)/m/n/5.225'.
(microtype)             Ignoring protrusion settings for this character.
Package microtype Info: Character `₊' is missing
(microtype)             in font `TU/TeXGyrePagella(0)/m/n/5.225'.
(microtype)             Ignoring protrusion settings for this character.
Package microtype Info: Character `₋' is missing
(microtype)             in font `TU/TeXGyrePagella(0)/m/n/5.225'.
(microtype)             Ignoring protrusion settings for this character.
Package microtype Info: Character `⁺' is missing
(microtype)             in font `TU/TeXGyrePagella(0)/m/n/5.225'.
(microtype)             Ignoring protrusion settings for this character.
Package microtype Info: Character `⁻' is missing
(microtype)             in font `TU/TeXGyrePagella(0)/m/n/5.225'.
(microtype)             Ignoring protrusion settings for this character.
 [27


] [28])
NEXUS_OBJECT_END:8b304762fbb79549f0db9a3e5c0de8710d113f4b
NEXUS_OBJECT_BEGIN:fdaa159a2c470b6263cdcf97cf076df4b779cf21
(./chapitres/TEXP-GRAPHES/exercices/TEXP-GRA-EX-001.tex
NEXUS-MARGIN-CAPTURE:nxm:professeur:chrono:00000087
NEXUS-MARGIN-MARKER-METADATA:nxm:professeur:chrono:00000087
NEXUS-MARGIN-CAPTURE:nxm:professeur:professor-id:00000088
NEXUS-MARGIN-MARKER-METADATA:nxm:professeur:professor-id:00000088)
NEXUS_OBJECT_END:fdaa159a2c470b6263cdcf97cf076df4b779cf21
NEXUS_OBJECT_BEGIN:0113b053b6e6cbbb317acd6d3ad54f683fe9c7c1
(./chapitres/TEXP-GRAPHES/exercices/TEXP-GRA-EX-002.tex
NEXUS-MARGIN-CAPTURE:nxm:professeur:chrono:00000089
NEXUS-MARGIN-MARKER-METADATA:nxm:professeur:chrono:00000089
NEXUS-MARGIN-CAPTURE:nxm:professeur:professor-id:00000090
NEXUS-MARGIN-MARKER-METADATA:nxm:professeur:professor-id:00000090)
NEXUS_OBJECT_END:0113b053b6e6cbbb317acd6d3ad54f683fe9c7c1
NEXUS_OBJECT_BEGIN:2cc39696da9a3df7e20e9ad5e94a05c73cb77f84
(./chapitres/TEXP-GRAPHES/exercices/TEXP-GRA-EX-003.tex
NEXUS-MARGIN-CAPTURE:nxm:professeur:chrono:00000091
NEXUS-MARGIN-MARKER-METADATA:nxm:professeur:chrono:00000091
NEXUS-MARGIN-CAPTURE:nxm:professeur:professor-id:00000092
NEXUS-MARGIN-MARKER-METADATA:nxm:professeur:professor-id:00000092)
NEXUS_OBJECT_END:2cc39696da9a3df7e20e9ad5e94a05c73cb77f84
NEXUS_OBJECT_BEGIN:8785e3e29c3038519f4a61cc9bab60d0191ca1d7
(./chapitres/TEXP-GRAPHES/exercices/TEXP-GRA-EX-004.tex
NEXUS-MARGIN-CAPTURE:nxm:professeur:chrono:00000093
NEXUS-MARGIN-MARKER-METADATA:nxm:professeur:chrono:00000093
NEXUS-MARGIN-CAPTURE:nxm:professeur:professor-id:00000094
NEXUS-MARGIN-MARKER-METADATA:nxm:professeur:professor-id:00000094)
NEXUS_OBJECT_END:8785e3e29c3038519f4a61cc9bab60d0191ca1d7
NEXUS_OBJECT_BEGIN:43d15a347e48c4cd9033b716642340cb6b72ab0d
(./chapitres/TEXP-GRAPHES/exercices/TEXP-GRA-EX-005.tex
NEXUS-MARGIN-CAPTURE:nxm:professeur:chrono:00000095
NEXUS-MARGIN-MARKER-METADATA:nxm:professeur:chrono:00000095
NEXUS-MARGIN-CAPTURE:nxm:professeur:professor-id:00000096
NEXUS-MARGIN-MARKER-METADATA:nxm:professeur:professor-id:00000096 [29
warning  (pdf backend): pop empty color page stack 0

warning  (pdf backend): pop empty color page stack 0
NEXUS-MARGIN-ANCHOR:nxm:professeur:chrono:00000087
NEXUS-MARGIN-ANCHOR:nxm:professeur:professor-id:00000088
warning  (pdf backend): pop empty color page stack 0

warning  (pdf backend): pop empty color page stack 0
NEXUS-MARGIN-ANCHOR:nxm:professeur:chrono:00000089
NEXUS-MARGIN-ANCHOR:nxm:professeur:professor-id:00000090
warning  (pdf backend): pop empty color page stack 0

warning  (pdf backend): pop empty color page stack 0
NEXUS-MARGIN-ANCHOR:nxm:professeur:chrono:00000091
NEXUS-MARGIN-ANCHOR:nxm:professeur:professor-id:00000092
warning  (pdf backend): pop empty color page stack 0

warning  (pdf backend): pop empty color page stack 0
NEXUS-MARGIN-ANCHOR:nxm:professeur:chrono:00000093
NEXUS-MARGIN-ANCHOR:nxm:professeur:professor-id:00000094])
NEXUS_OBJECT_END:43d15a347e48c4cd9033b716642340cb6b72ab0d
NEXUS_OBJECT_BEGIN:8ffbe21c70032e51c6ab1e799ea30f4509059679
(./chapitres/TEXP-GRAPHES/qcm/TEXP-GRAPHES-QCM.tex [30
warning  (pdf backend): pop empty color page stack 0

warning  (pdf backend): pop empty color page stack 0
NEXUS-MARGIN-ANCHOR:nxm:professeur:chrono:00000095
NEXUS-MARGIN-ANCHOR:nxm:professeur:professor-id:00000096])
NEXUS_OBJECT_END:8ffbe21c70032e51c6ab1e799ea30f4509059679
NEXUS_OBJECT_BEGIN:597acfdcac3e4a012cd085f72ee7bfdbb4c07b72
(./chapitres/TEXP-GRAPHES/evaluations/TEXP-GRA-EV-A-corrige.tex
NEXUS-MARGIN-CAPTURE:nxm:professeur:professor-id:00000097
NEXUS-MARGIN-MARKER-METADATA:nxm:professeur:professor-id:00000097
NEXUS-MARGIN-CAPTURE:nxm:professeur:professor-id:00000098
NEXUS-MARGIN-MARKER-METADATA:nxm:professeur:professor-id:00000098)
NEXUS_OBJECT_END:597acfdcac3e4a012cd085f72ee7bfdbb4c07b72
NEXUS_OBJECT_BEGIN:a23c3642342c6dfeee5ab8fb47d53c75df597b4d
(./chapitres/TEXP-GRAPHES/evaluations/TEXP-GRA-EV-A.tex
NEXUS-MARGIN-CAPTURE:nxm:professeur:chrono:00000099
NEXUS-MARGIN-MARKER-METADATA:nxm:professeur:chrono:00000099
NEXUS-MARGIN-CAPTURE:nxm:professeur:professor-id:00000100
NEXUS-MARGIN-MARKER-METADATA:nxm:professeur:professor-id:00000100
NEXUS-MARGIN-CAPTURE:nxm:professeur:chrono:00000101
NEXUS-MARGIN-MARKER-METADATA:nxm:professeur:chrono:00000101
NEXUS-MARGIN-CAPTURE:nxm:professeur:professor-id:00000102
NEXUS-MARGIN-MARKER-METADATA:nxm:professeur:professor-id:00000102 [31
warning  (pdf backend): pop empty color page stack 0
NEXUS-MARGIN-ANCHOR:nxm:professeur:professor-id:00000097
warning  (pdf backend): pop empty color page stack 0
NEXUS-MARGIN-ANCHOR:nxm:professeur:professor-id:00000098
warning  (pdf backend): pop empty color page stack 0

warning  (pdf backend): pop empty color page stack 0
NEXUS-MARGIN-ANCHOR:nxm:professeur:chrono:00000099
NEXUS-MARGIN-ANCHOR:nxm:professeur:professor-id:00000100])
NEXUS_OBJECT_END:a23c3642342c6dfeee5ab8fb47d53c75df597b4d
NEXUS_OBJECT_BEGIN:64dae5cfb6715340c23caea6b84fea4b0156e4a4
(./chapitres/TEXP-GRAPHES/evaluations/TEXP-GRA-EV-B-corrige.tex
NEXUS-MARGIN-CAPTURE:nxm:professeur:professor-id:00000103
NEXUS-MARGIN-MARKER-METADATA:nxm:professeur:professor-id:00000103
NEXUS-MARGIN-CAPTURE:nxm:professeur:professor-id:00000104
NEXUS-MARGIN-MARKER-METADATA:nxm:professeur:professor-id:00000104)
NEXUS_OBJECT_END:64dae5cfb6715340c23caea6b84fea4b0156e4a4
NEXUS_OBJECT_BEGIN:6ebfa1ed457896495872065adb0c62db83789f22
(./chapitres/TEXP-GRAPHES/evaluations/TEXP-GRA-EV-B.tex
NEXUS-MARGIN-CAPTURE:nxm:professeur:chrono:00000105
NEXUS-MARGIN-MARKER-METADATA:nxm:professeur:chrono:00000105
NEXUS-MARGIN-CAPTURE:nxm:professeur:professor-id:00000106
NEXUS-MARGIN-MARKER-METADATA:nxm:professeur:professor-id:00000106
NEXUS-MARGIN-CAPTURE:nxm:professeur:chrono:00000107
NEXUS-MARGIN-MARKER-METADATA:nxm:professeur:chrono:00000107
NEXUS-MARGIN-CAPTURE:nxm:professeur:professor-id:00000108
NEXUS-MARGIN-MARKER-METADATA:nxm:professeur:professor-id:00000108 [32
warning  (pdf backend): pop empty color page stack 0

warning  (pdf backend): pop empty color page stack 0
NEXUS-MARGIN-ANCHOR:nxm:professeur:chrono:00000101
NEXUS-MARGIN-ANCHOR:nxm:professeur:professor-id:00000102
warning  (pdf backend): pop empty color page stack 0
NEXUS-MARGIN-ANCHOR:nxm:professeur:professor-id:00000103
warning  (pdf backend): pop empty color page stack 0
NEXUS-MARGIN-ANCHOR:nxm:professeur:professor-id:00000104
warning  (pdf backend): pop empty color page stack 0

warning  (pdf backend): pop empty color page stack 0
NEXUS-MARGIN-ANCHOR:nxm:professeur:chrono:00000105
NEXUS-MARGIN-ANCHOR:nxm:professeur:professor-id:00000106])
NEXUS_OBJECT_END:6ebfa1ed457896495872065adb0c62db83789f22
NEXUS_OBJECT_BEGIN:a32083e639e2a047a7d9d7302da1ca10a4e19c68
(./chapitres/TEXP-GRAPHES/remediation/TEXP-GRAPHES-RE-C4.tex
NEXUS-MARGIN-CAPTURE:nxm:professeur:chrono:00000109
NEXUS-MARGIN-MARKER-METADATA:nxm:professeur:chrono:00000109
NEXUS-MARGIN-CAPTURE:nxm:professeur:professor-id:00000110
NEXUS-MARGIN-MARKER-METADATA:nxm:professeur:professor-id:00000110
NEXUS-MARGIN-CAPTURE:nxm:professeur:professor-id:00000111
NEXUS-MARGIN-MARKER-METADATA:nxm:professeur:professor-id:00000111)
NEXUS_OBJECT_END:a32083e639e2a047a7d9d7302da1ca10a4e19c68
NEXUS_OBJECT_BEGIN:5200c5100f149cf6754acc4fc462d7a48805f373
(./chapitres/TEXP-GRAPHES/corriges/TEXP-GRA-CO-001.tex
NEXUS-MARGIN-CAPTURE:nxm:professeur:professor-id:00000112
NEXUS-MARGIN-MARKER-METADATA:nxm:professeur:professor-id:00000112)
NEXUS_OBJECT_END:5200c5100f149cf6754acc4fc462d7a48805f373
NEXUS_OBJECT_BEGIN:bbcd228179a029def02cfcf4bace2bd5762d1a73
(./chapitres/TEXP-GRAPHES/corriges/TEXP-GRA-CO-002.tex
NEXUS-MARGIN-CAPTURE:nxm:professeur:professor-id:00000113
NEXUS-MARGIN-MARKER-METADATA:nxm:professeur:professor-id:00000113 [33
warning  (pdf backend): pop empty color page stack 0

warning  (pdf backend): pop empty color page stack 0
NEXUS-MARGIN-ANCHOR:nxm:professeur:chrono:00000107
NEXUS-MARGIN-ANCHOR:nxm:professeur:professor-id:00000108
warning  (pdf backend): pop empty color page stack 0

warning  (pdf backend): pop empty color page stack 0
NEXUS-MARGIN-ANCHOR:nxm:professeur:chrono:00000109
NEXUS-MARGIN-ANCHOR:nxm:professeur:professor-id:00000110
warning  (pdf backend): pop empty color page stack 0
NEXUS-MARGIN-ANCHOR:nxm:professeur:professor-id:00000111
warning  (pdf backend): pop empty color page stack 0
NEXUS-MARGIN-ANCHOR:nxm:professeur:professor-id:00000112])
NEXUS_OBJECT_END:bbcd228179a029def02cfcf4bace2bd5762d1a73
NEXUS_OBJECT_BEGIN:38dfc8cbe2bccfe12ff7e69cc93fd48503ea1569
(./chapitres/TEXP-GRAPHES/corriges/TEXP-GRA-CO-003.tex
NEXUS-MARGIN-CAPTURE:nxm:professeur:professor-id:00000114
NEXUS-MARGIN-MARKER-METADATA:nxm:professeur:professor-id:00000114)
NEXUS_OBJECT_END:38dfc8cbe2bccfe12ff7e69cc93fd48503ea1569
NEXUS_OBJECT_BEGIN:73ab4833d08667eadaf6e66d468e73efa87f6bbe
(./chapitres/TEXP-GRAPHES/corriges/TEXP-GRA-CO-004.tex
NEXUS-MARGIN-CAPTURE:nxm:professeur:professor-id:00000115
NEXUS-MARGIN-MARKER-METADATA:nxm:professeur:professor-id:00000115)
NEXUS_OBJECT_END:73ab4833d08667eadaf6e66d468e73efa87f6bbe
NEXUS_OBJECT_BEGIN:3f8aa714e211c3b382aad3368b22bff7b89c1400
(./chapitres/TEXP-GRAPHES/corriges/TEXP-GRA-CO-005.tex
NEXUS-MARGIN-CAPTURE:nxm:professeur:professor-id:00000116
NEXUS-MARGIN-MARKER-METADATA:nxm:professeur:professor-id:00000116 [34
warning  (pdf backend): pop empty color page stack 0
NEXUS-MARGIN-ANCHOR:nxm:professeur:professor-id:00000113
warning  (pdf backend): pop empty color page stack 0
NEXUS-MARGIN-ANCHOR:nxm:professeur:professor-id:00000114
warning  (pdf backend): pop empty color page stack 0
NEXUS-MARGIN-ANCHOR:nxm:professeur:professor-id:00000115
warning  (pdf backend): pop empty color page stack 0
NEXUS-MARGIN-ANCHOR:nxm:professeur:professor-id:00000116])
NEXUS_OBJECT_END:3f8aa714e211c3b382aad3368b22bff7b89c1400
[35] [36]
NEXUS_OBJECT_BEGIN:65ed55e446e5dc5aeffcef47eb3ebdcda312676e
(./chapitres/TEXP-MATRICES-MARKOV/cours/10_C1_operations_matrices.tex)
NEXUS_OBJECT_END:65ed55e446e5dc5aeffcef47eb3ebdcda312676e
NEXUS_OBJECT_BEGIN:6dacc5fe75ace4cdcb7bf30a89c459ce56a5c615
(./chapitres/TEXP-MATRICES-MARKOV/cours/11_C2C3_suites_matricielles.tex
[37


])
NEXUS_OBJECT_END:6dacc5fe75ace4cdcb7bf30a89c459ce56a5c615
NEXUS_OBJECT_BEGIN:1b0caac4fd9dde7da02cc8798c33bb90e42877fd
(./chapitres/TEXP-MATRICES-MARKOV/cours/12_C4C5_chaines_markov.tex [38])
NEXUS_OBJECT_END:1b0caac4fd9dde7da02cc8798c33bb90e42877fd
NEXUS_OBJECT_BEGIN:0fbf183bc40d5d4b6c6562579ab29fe0ac5d3f1e

(./chapitres/TEXP-MATRICES-MARKOV/cours/13_C6C7_demonstration_distribution_inva
riante.tex [39])
NEXUS_OBJECT_END:0fbf183bc40d5d4b6c6562579ab29fe0ac5d3f1e
NEXUS_OBJECT_BEGIN:417857e2136300ab820c62ce4ccf08c010ed09a2
(./chapitres/TEXP-MATRICES-MARKOV/exercices/TEXP-MAT-EX-001.tex
NEXUS-MARGIN-CAPTURE:nxm:professeur:chrono:00000117
NEXUS-MARGIN-MARKER-METADATA:nxm:professeur:chrono:00000117
NEXUS-MARGIN-CAPTURE:nxm:professeur:professor-id:00000118
NEXUS-MARGIN-MARKER-METADATA:nxm:professeur:professor-id:00000118)
NEXUS_OBJECT_END:417857e2136300ab820c62ce4ccf08c010ed09a2
NEXUS_OBJECT_BEGIN:d20128e9d0e8752dad21f3e1a33f00d67f2e71ed
(./chapitres/TEXP-MATRICES-MARKOV/exercices/TEXP-MAT-EX-002.tex
NEXUS-MARGIN-CAPTURE:nxm:professeur:chrono:00000119
NEXUS-MARGIN-MARKER-METADATA:nxm:professeur:chrono:00000119
NEXUS-MARGIN-CAPTURE:nxm:professeur:professor-id:00000120
NEXUS-MARGIN-MARKER-METADATA:nxm:professeur:professor-id:00000120)
NEXUS_OBJECT_END:d20128e9d0e8752dad21f3e1a33f00d67f2e71ed
NEXUS_OBJECT_BEGIN:301f799c7ae63d041a5ff4459c8a4bc02cba5ed6
(./chapitres/TEXP-MATRICES-MARKOV/exercices/TEXP-MAT-EX-003.tex
NEXUS-MARGIN-CAPTURE:nxm:professeur:chrono:00000121
NEXUS-MARGIN-MARKER-METADATA:nxm:professeur:chrono:00000121
NEXUS-MARGIN-CAPTURE:nxm:professeur:professor-id:00000122
NEXUS-MARGIN-MARKER-METADATA:nxm:professeur:professor-id:00000122 [40
warning  (pdf backend): pop empty color page stack 0

warning  (pdf backend): pop empty color page stack 0
NEXUS-MARGIN-ANCHOR:nxm:professeur:chrono:00000117
NEXUS-MARGIN-ANCHOR:nxm:professeur:professor-id:00000118
warning  (pdf backend): pop empty color page stack 0

warning  (pdf backend): pop empty color page stack 0
NEXUS-MARGIN-ANCHOR:nxm:professeur:chrono:00000119
NEXUS-MARGIN-ANCHOR:nxm:professeur:professor-id:00000120])
NEXUS_OBJECT_END:301f799c7ae63d041a5ff4459c8a4bc02cba5ed6
NEXUS_OBJECT_BEGIN:48f6dc4900b504bf17595f226b5cb544f1a7deff
(./chapitres/TEXP-MATRICES-MARKOV/exercices/TEXP-MAT-EX-004.tex
NEXUS-MARGIN-CAPTURE:nxm:professeur:chrono:00000123
NEXUS-MARGIN-MARKER-METADATA:nxm:professeur:chrono:00000123
NEXUS-MARGIN-CAPTURE:nxm:professeur:professor-id:00000124
NEXUS-MARGIN-MARKER-METADATA:nxm:professeur:professor-id:00000124)
NEXUS_OBJECT_END:48f6dc4900b504bf17595f226b5cb544f1a7deff
NEXUS_OBJECT_BEGIN:5d173a71eff715abea58fa3e493260a0f4ffa049
(./chapitres/TEXP-MATRICES-MARKOV/exercices/TEXP-MAT-EX-005.tex
NEXUS-MARGIN-CAPTURE:nxm:professeur:chrono:00000125
NEXUS-MARGIN-MARKER-METADATA:nxm:professeur:chrono:00000125
NEXUS-MARGIN-CAPTURE:nxm:professeur:professor-id:00000126
NEXUS-MARGIN-MARKER-METADATA:nxm:professeur:professor-id:00000126)
NEXUS_OBJECT_END:5d173a71eff715abea58fa3e493260a0f4ffa049
NEXUS_OBJECT_BEGIN:4d27d676eedc3ee4cb8dbcb30ef2e65e1c176ae1
(./chapitres/TEXP-MATRICES-MARKOV/exercices/TEXP-MAT-EX-006.tex
NEXUS-MARGIN-CAPTURE:nxm:professeur:chrono:00000127
NEXUS-MARGIN-MARKER-METADATA:nxm:professeur:chrono:00000127
NEXUS-MARGIN-CAPTURE:nxm:professeur:professor-id:00000128
NEXUS-MARGIN-MARKER-METADATA:nxm:professeur:professor-id:00000128)
NEXUS_OBJECT_END:4d27d676eedc3ee4cb8dbcb30ef2e65e1c176ae1
NEXUS_OBJECT_BEGIN:ed9d33e4526f59b42e792aab5c38b71914a0845f
(./chapitres/TEXP-MATRICES-MARKOV/qcm/TEXP-MATRICES-MARKOV-QCM.tex [41
warning  (pdf backend): pop empty color page stack 0

warning  (pdf backend): pop empty color page stack 0
NEXUS-MARGIN-ANCHOR:nxm:professeur:chrono:00000121
NEXUS-MARGIN-ANCHOR:nxm:professeur:professor-id:00000122
warning  (pdf backend): pop empty color page stack 0

warning  (pdf backend): pop empty color page stack 0
NEXUS-MARGIN-ANCHOR:nxm:professeur:chrono:00000123
NEXUS-MARGIN-ANCHOR:nxm:professeur:professor-id:00000124
warning  (pdf backend): pop empty color page stack 0

warning  (pdf backend): pop empty color page stack 0
NEXUS-MARGIN-ANCHOR:nxm:professeur:chrono:00000125
NEXUS-MARGIN-ANCHOR:nxm:professeur:professor-id:00000126
warning  (pdf backend): pop empty color page stack 0

warning  (pdf backend): pop empty color page stack 0
NEXUS-MARGIN-ANCHOR:nxm:professeur:chrono:00000127
NEXUS-MARGIN-ANCHOR:nxm:professeur:professor-id:00000128]
LaTeX Font Info:    Calculating math sizes for size <10.8> on input line 59.
Package microtype Info: Character `ﬆ' is missing
(microtype)             in font `TU/TeXGyrePagella(1)/m/n/10.8'.
(microtype)             Ignoring protrusion settings for this character.
Package microtype Info: Character `ﬅ' is missing
(microtype)             in font `TU/TeXGyrePagella(1)/m/n/10.8'.
(microtype)             Ignoring protrusion settings for this character.
Package microtype Info: Character `‥' is missing
(microtype)             in font `TU/TeXGyrePagella(1)/m/n/10.8'.
(microtype)             Ignoring protrusion settings for this character.
Package microtype Info: Character `‼' is missing
(microtype)             in font `TU/TeXGyrePagella(1)/m/n/10.8'.
(microtype)             Ignoring protrusion settings for this character.
Package microtype Info: Character `⁰' is missing
(microtype)             in font `TU/TeXGyrePagella(1)/m/n/10.8'.
(microtype)             Ignoring protrusion settings for this character.
Package microtype Info: Character `⁴' is missing
(microtype)             in font `TU/TeXGyrePagella(1)/m/n/10.8'.
(microtype)             Ignoring protrusion settings for this character.
Package microtype Info: Character `⁵' is missing
(microtype)             in font `TU/TeXGyrePagella(1)/m/n/10.8'.
(microtype)             Ignoring protrusion settings for this character.
Package microtype Info: Character `⁶' is missing
(microtype)             in font `TU/TeXGyrePagella(1)/m/n/10.8'.
(microtype)             Ignoring protrusion settings for this character.
Package microtype Info: Character `⁷' is missing
(microtype)             in font `TU/TeXGyrePagella(1)/m/n/10.8'.
(microtype)             Ignoring protrusion settings for this character.
Package microtype Info: Character `⁸' is missing
(microtype)             in font `TU/TeXGyrePagella(1)/m/n/10.8'.
(microtype)             Ignoring protrusion settings for this character.
Package microtype Info: Character `⁹' is missing
(microtype)             in font `TU/TeXGyrePagella(1)/m/n/10.8'.
(microtype)             Ignoring protrusion settings for this character.
Package microtype Info: Character `₀' is missing
(microtype)             in font `TU/TeXGyrePagella(1)/m/n/10.8'.
(microtype)             Ignoring protrusion settings for this character.
Package microtype Info: Character `₁' is missing
(microtype)             in font `TU/TeXGyrePagella(1)/m/n/10.8'.
(microtype)             Ignoring protrusion settings for this character.
Package microtype Info: Character `₂' is missing
(microtype)             in font `TU/TeXGyrePagella(1)/m/n/10.8'.
(microtype)             Ignoring protrusion settings for this character.
Package microtype Info: Character `₃' is missing
(microtype)             in font `TU/TeXGyrePagella(1)/m/n/10.8'.
(microtype)             Ignoring protrusion settings for this character.
Package microtype Info: Character `₄' is missing
(microtype)             in font `TU/TeXGyrePagella(1)/m/n/10.8'.
(microtype)             Ignoring protrusion settings for this character.
Package microtype Info: Character `₅' is missing
(microtype)             in font `TU/TeXGyrePagella(1)/m/n/10.8'.
(microtype)             Ignoring protrusion settings for this character.
Package microtype Info: Character `₆' is missing
(microtype)             in font `TU/TeXGyrePagella(1)/m/n/10.8'.
(microtype)             Ignoring protrusion settings for this character.
Package microtype Info: Character `₇' is missing
(microtype)             in font `TU/TeXGyrePagella(1)/m/n/10.8'.
(microtype)             Ignoring protrusion settings for this character.
Package microtype Info: Character `₈' is missing
(microtype)             in font `TU/TeXGyrePagella(1)/m/n/10.8'.
(microtype)             Ignoring protrusion settings for this character.
Package microtype Info: Character `₉' is missing
(microtype)             in font `TU/TeXGyrePagella(1)/m/n/10.8'.
(microtype)             Ignoring protrusion settings for this character.
Package microtype Info: Character `₊' is missing
(microtype)             in font `TU/TeXGyrePagella(1)/m/n/10.8'.
(microtype)             Ignoring protrusion settings for this character.
Package microtype Info: Character `₋' is missing
(microtype)             in font `TU/TeXGyrePagella(1)/m/n/10.8'.
(microtype)             Ignoring protrusion settings for this character.
Package microtype Info: Character `⁺' is missing
(microtype)             in font `TU/TeXGyrePagella(1)/m/n/10.8'.
(microtype)             Ignoring protrusion settings for this character.
Package microtype Info: Character `⁻' is missing
(microtype)             in font `TU/TeXGyrePagella(1)/m/n/10.8'.
(microtype)             Ignoring protrusion settings for this character.
Package microtype Info: Character `ﬆ' is missing
(microtype)             in font `TU/TeXGyrePagella(1)/m/n/7.55997'.
(microtype)             Ignoring protrusion settings for this character.
Package microtype Info: Character `ﬅ' is missing
(microtype)             in font `TU/TeXGyrePagella(1)/m/n/7.55997'.
(microtype)             Ignoring protrusion settings for this character.
Package microtype Info: Character `‥' is missing
(microtype)             in font `TU/TeXGyrePagella(1)/m/n/7.55997'.
(microtype)             Ignoring protrusion settings for this character.
Package microtype Info: Character `‼' is missing
(microtype)             in font `TU/TeXGyrePagella(1)/m/n/7.55997'.
(microtype)             Ignoring protrusion settings for this character.
Package microtype Info: Character `⁰' is missing
(microtype)             in font `TU/TeXGyrePagella(1)/m/n/7.55997'.
(microtype)             Ignoring protrusion settings for this character.
Package microtype Info: Character `⁴' is missing
(microtype)             in font `TU/TeXGyrePagella(1)/m/n/7.55997'.
(microtype)             Ignoring protrusion settings for this character.
Package microtype Info: Character `⁵' is missing
(microtype)             in font `TU/TeXGyrePagella(1)/m/n/7.55997'.
(microtype)             Ignoring protrusion settings for this character.
Package microtype Info: Character `⁶' is missing
(microtype)             in font `TU/TeXGyrePagella(1)/m/n/7.55997'.
(microtype)             Ignoring protrusion settings for this character.
Package microtype Info: Character `⁷' is missing
(microtype)             in font `TU/TeXGyrePagella(1)/m/n/7.55997'.
(microtype)             Ignoring protrusion settings for this character.
Package microtype Info: Character `⁸' is missing
(microtype)             in font `TU/TeXGyrePagella(1)/m/n/7.55997'.
(microtype)             Ignoring protrusion settings for this character.
Package microtype Info: Character `⁹' is missing
(microtype)             in font `TU/TeXGyrePagella(1)/m/n/7.55997'.
(microtype)             Ignoring protrusion settings for this character.
Package microtype Info: Character `₀' is missing
(microtype)             in font `TU/TeXGyrePagella(1)/m/n/7.55997'.
(microtype)             Ignoring protrusion settings for this character.
Package microtype Info: Character `₁' is missing
(microtype)             in font `TU/TeXGyrePagella(1)/m/n/7.55997'.
(microtype)             Ignoring protrusion settings for this character.
Package microtype Info: Character `₂' is missing
(microtype)             in font `TU/TeXGyrePagella(1)/m/n/7.55997'.
(microtype)             Ignoring protrusion settings for this character.
Package microtype Info: Character `₃' is missing
(microtype)             in font `TU/TeXGyrePagella(1)/m/n/7.55997'.
(microtype)             Ignoring protrusion settings for this character.
Package microtype Info: Character `₄' is missing
(microtype)             in font `TU/TeXGyrePagella(1)/m/n/7.55997'.
(microtype)             Ignoring protrusion settings for this character.
Package microtype Info: Character `₅' is missing
(microtype)             in font `TU/TeXGyrePagella(1)/m/n/7.55997'.
(microtype)             Ignoring protrusion settings for this character.
Package microtype Info: Character `₆' is missing
(microtype)             in font `TU/TeXGyrePagella(1)/m/n/7.55997'.
(microtype)             Ignoring protrusion settings for this character.
Package microtype Info: Character `₇' is missing
(microtype)             in font `TU/TeXGyrePagella(1)/m/n/7.55997'.
(microtype)             Ignoring protrusion settings for this character.
Package microtype Info: Character `₈' is missing
(microtype)             in font `TU/TeXGyrePagella(1)/m/n/7.55997'.
(microtype)             Ignoring protrusion settings for this character.
Package microtype Info: Character `₉' is missing
(microtype)             in font `TU/TeXGyrePagella(1)/m/n/7.55997'.
(microtype)             Ignoring protrusion settings for this character.
Package microtype Info: Character `₊' is missing
(microtype)             in font `TU/TeXGyrePagella(1)/m/n/7.55997'.
(microtype)             Ignoring protrusion settings for this character.
Package microtype Info: Character `₋' is missing
(microtype)             in font `TU/TeXGyrePagella(1)/m/n/7.55997'.
(microtype)             Ignoring protrusion settings for this character.
Package microtype Info: Character `⁺' is missing
(microtype)             in font `TU/TeXGyrePagella(1)/m/n/7.55997'.
(microtype)             Ignoring protrusion settings for this character.
Package microtype Info: Character `⁻' is missing
(microtype)             in font `TU/TeXGyrePagella(1)/m/n/7.55997'.
(microtype)             Ignoring protrusion settings for this character.
Package microtype Info: Character `ﬆ' is missing
(microtype)             in font `TU/TeXGyrePagella(1)/m/n/5.4'.
(microtype)             Ignoring protrusion settings for this character.
Package microtype Info: Character `ﬅ' is missing
(microtype)             in font `TU/TeXGyrePagella(1)/m/n/5.4'.
(microtype)             Ignoring protrusion settings for this character.
Package microtype Info: Character `‥' is missing
(microtype)             in font `TU/TeXGyrePagella(1)/m/n/5.4'.
(microtype)             Ignoring protrusion settings for this character.
Package microtype Info: Character `‼' is missing
(microtype)             in font `TU/TeXGyrePagella(1)/m/n/5.4'.
(microtype)             Ignoring protrusion settings for this character.
Package microtype Info: Character `⁰' is missing
(microtype)             in font `TU/TeXGyrePagella(1)/m/n/5.4'.
(microtype)             Ignoring protrusion settings for this character.
Package microtype Info: Character `⁴' is missing
(microtype)             in font `TU/TeXGyrePagella(1)/m/n/5.4'.
(microtype)             Ignoring protrusion settings for this character.
Package microtype Info: Character `⁵' is missing
(microtype)             in font `TU/TeXGyrePagella(1)/m/n/5.4'.
(microtype)             Ignoring protrusion settings for this character.
Package microtype Info: Character `⁶' is missing
(microtype)             in font `TU/TeXGyrePagella(1)/m/n/5.4'.
(microtype)             Ignoring protrusion settings for this character.
Package microtype Info: Character `⁷' is missing
(microtype)             in font `TU/TeXGyrePagella(1)/m/n/5.4'.
(microtype)             Ignoring protrusion settings for this character.
Package microtype Info: Character `⁸' is missing
(microtype)             in font `TU/TeXGyrePagella(1)/m/n/5.4'.
(microtype)             Ignoring protrusion settings for this character.
Package microtype Info: Character `⁹' is missing
(microtype)             in font `TU/TeXGyrePagella(1)/m/n/5.4'.
(microtype)             Ignoring protrusion settings for this character.
Package microtype Info: Character `₀' is missing
(microtype)             in font `TU/TeXGyrePagella(1)/m/n/5.4'.
(microtype)             Ignoring protrusion settings for this character.
Package microtype Info: Character `₁' is missing
(microtype)             in font `TU/TeXGyrePagella(1)/m/n/5.4'.
(microtype)             Ignoring protrusion settings for this character.
Package microtype Info: Character `₂' is missing
(microtype)             in font `TU/TeXGyrePagella(1)/m/n/5.4'.
(microtype)             Ignoring protrusion settings for this character.
Package microtype Info: Character `₃' is missing
(microtype)             in font `TU/TeXGyrePagella(1)/m/n/5.4'.
(microtype)             Ignoring protrusion settings for this character.
Package microtype Info: Character `₄' is missing
(microtype)             in font `TU/TeXGyrePagella(1)/m/n/5.4'.
(microtype)             Ignoring protrusion settings for this character.
Package microtype Info: Character `₅' is missing
(microtype)             in font `TU/TeXGyrePagella(1)/m/n/5.4'.
(microtype)             Ignoring protrusion settings for this character.
Package microtype Info: Character `₆' is missing
(microtype)             in font `TU/TeXGyrePagella(1)/m/n/5.4'.
(microtype)             Ignoring protrusion settings for this character.
Package microtype Info: Character `₇' is missing
(microtype)             in font `TU/TeXGyrePagella(1)/m/n/5.4'.
(microtype)             Ignoring protrusion settings for this character.
Package microtype Info: Character `₈' is missing
(microtype)             in font `TU/TeXGyrePagella(1)/m/n/5.4'.
(microtype)             Ignoring protrusion settings for this character.
Package microtype Info: Character `₉' is missing
(microtype)             in font `TU/TeXGyrePagella(1)/m/n/5.4'.
(microtype)             Ignoring protrusion settings for this character.
Package microtype Info: Character `₊' is missing
(microtype)             in font `TU/TeXGyrePagella(1)/m/n/5.4'.
(microtype)             Ignoring protrusion settings for this character.
Package microtype Info: Character `₋' is missing
(microtype)             in font `TU/TeXGyrePagella(1)/m/n/5.4'.
(microtype)             Ignoring protrusion settings for this character.
Package microtype Info: Character `⁺' is missing
(microtype)             in font `TU/TeXGyrePagella(1)/m/n/5.4'.
(microtype)             Ignoring protrusion settings for this character.
Package microtype Info: Character `⁻' is missing
(microtype)             in font `TU/TeXGyrePagella(1)/m/n/5.4'.
(microtype)             Ignoring protrusion settings for this character.
)
NEXUS_OBJECT_END:ed9d33e4526f59b42e792aab5c38b71914a0845f
NEXUS_OBJECT_BEGIN:3fdd3b6c7af63b4dbcf957af9a64dd99c35f5866
(./chapitres/TEXP-MATRICES-MARKOV/evaluations/TEXP-MAT-EV-A-corrige.tex
NEXUS-MARGIN-CAPTURE:nxm:professeur:professor-id:00000129
NEXUS-MARGIN-MARKER-METADATA:nxm:professeur:professor-id:00000129
NEXUS-MARGIN-CAPTURE:nxm:professeur:professor-id:00000130
NEXUS-MARGIN-MARKER-METADATA:nxm:professeur:professor-id:00000130 [42
warning  (pdf backend): pop empty color page stack 0
NEXUS-MARGIN-ANCHOR:nxm:professeur:professor-id:00000129])
NEXUS_OBJECT_END:3fdd3b6c7af63b4dbcf957af9a64dd99c35f5866
NEXUS_OBJECT_BEGIN:32fd8c250eb93a26d283b0894d23cabfff88285a
(./chapitres/TEXP-MATRICES-MARKOV/evaluations/TEXP-MAT-EV-A.tex
NEXUS-MARGIN-CAPTURE:nxm:professeur:chrono:00000131
NEXUS-MARGIN-MARKER-METADATA:nxm:professeur:chrono:00000131
NEXUS-MARGIN-CAPTURE:nxm:professeur:professor-id:00000132
NEXUS-MARGIN-MARKER-METADATA:nxm:professeur:professor-id:00000132
NEXUS-MARGIN-CAPTURE:nxm:professeur:chrono:00000133
NEXUS-MARGIN-MARKER-METADATA:nxm:professeur:chrono:00000133
NEXUS-MARGIN-CAPTURE:nxm:professeur:professor-id:00000134
NEXUS-MARGIN-MARKER-METADATA:nxm:professeur:professor-id:00000134)
NEXUS_OBJECT_END:32fd8c250eb93a26d283b0894d23cabfff88285a
NEXUS_OBJECT_BEGIN:a800f6c2e86dad2a63fd8ec188ea2d9031fae7af
(./chapitres/TEXP-MATRICES-MARKOV/evaluations/TEXP-MAT-EV-B-corrige.tex
NEXUS-MARGIN-CAPTURE:nxm:professeur:professor-id:00000135
NEXUS-MARGIN-MARKER-METADATA:nxm:professeur:professor-id:00000135
NEXUS-MARGIN-CAPTURE:nxm:professeur:professor-id:00000136
NEXUS-MARGIN-MARKER-METADATA:nxm:professeur:professor-id:00000136 [43
warning  (pdf backend): pop empty color page stack 0
NEXUS-MARGIN-ANCHOR:nxm:professeur:professor-id:00000130
warning  (pdf backend): pop empty color page stack 0

warning  (pdf backend): pop empty color page stack 0
NEXUS-MARGIN-ANCHOR:nxm:professeur:chrono:00000131
NEXUS-MARGIN-ANCHOR:nxm:professeur:professor-id:00000132
warning  (pdf backend): pop empty color page stack 0

warning  (pdf backend): pop empty color page stack 0
NEXUS-MARGIN-ANCHOR:nxm:professeur:chrono:00000133
NEXUS-MARGIN-ANCHOR:nxm:professeur:professor-id:00000134
warning  (pdf backend): pop empty color page stack 0
NEXUS-MARGIN-ANCHOR:nxm:professeur:professor-id:00000135])
NEXUS_OBJECT_END:a800f6c2e86dad2a63fd8ec188ea2d9031fae7af
NEXUS_OBJECT_BEGIN:2a2e29c39e96b396523ba5f597ad6669157d048c
(./chapitres/TEXP-MATRICES-MARKOV/evaluations/TEXP-MAT-EV-B.tex
NEXUS-MARGIN-CAPTURE:nxm:professeur:chrono:00000137
NEXUS-MARGIN-MARKER-METADATA:nxm:professeur:chrono:00000137
NEXUS-MARGIN-CAPTURE:nxm:professeur:professor-id:00000138
NEXUS-MARGIN-MARKER-METADATA:nxm:professeur:professor-id:00000138
NEXUS-MARGIN-CAPTURE:nxm:professeur:chrono:00000139
NEXUS-MARGIN-MARKER-METADATA:nxm:professeur:chrono:00000139
NEXUS-MARGIN-CAPTURE:nxm:professeur:professor-id:00000140
NEXUS-MARGIN-MARKER-METADATA:nxm:professeur:professor-id:00000140)
NEXUS_OBJECT_END:2a2e29c39e96b396523ba5f597ad6669157d048c
NEXUS_OBJECT_BEGIN:aca870b0429d5d30a5fa321f578c0b832211b5aa
(./chapitres/TEXP-MATRICES-MARKOV/remediation/TEXP-MATRICES-MARKOV-RE-C5.tex
NEXUS-MARGIN-CAPTURE:nxm:professeur:chrono:00000141
NEXUS-MARGIN-MARKER-METADATA:nxm:professeur:chrono:00000141
NEXUS-MARGIN-CAPTURE:nxm:professeur:professor-id:00000142
NEXUS-MARGIN-MARKER-METADATA:nxm:professeur:professor-id:00000142
NEXUS-MARGIN-CAPTURE:nxm:professeur:professor-id:00000143
NEXUS-MARGIN-MARKER-METADATA:nxm:professeur:professor-id:00000143 [44
warning  (pdf backend): pop empty color page stack 0
NEXUS-MARGIN-ANCHOR:nxm:professeur:professor-id:00000136
warning  (pdf backend): pop empty color page stack 0

warning  (pdf backend): pop empty color page stack 0
NEXUS-MARGIN-ANCHOR:nxm:professeur:chrono:00000137
NEXUS-MARGIN-ANCHOR:nxm:professeur:professor-id:00000138
warning  (pdf backend): pop empty color page stack 0

warning  (pdf backend): pop empty color page stack 0
NEXUS-MARGIN-ANCHOR:nxm:professeur:chrono:00000139
NEXUS-MARGIN-ANCHOR:nxm:professeur:professor-id:00000140
warning  (pdf backend): pop empty color page stack 0

warning  (pdf backend): pop empty color page stack 0
NEXUS-MARGIN-ANCHOR:nxm:professeur:chrono:00000141
NEXUS-MARGIN-ANCHOR:nxm:professeur:professor-id:00000142])
NEXUS_OBJECT_END:aca870b0429d5d30a5fa321f578c0b832211b5aa
NEXUS_OBJECT_BEGIN:5b698b94e7083ddbafc2de6d39f815ff8e43079d
(./chapitres/TEXP-MATRICES-MARKOV/corriges/TEXP-MAT-CO-001.tex
NEXUS-MARGIN-CAPTURE:nxm:professeur:professor-id:00000144
NEXUS-MARGIN-MARKER-METADATA:nxm:professeur:professor-id:00000144)
NEXUS_OBJECT_END:5b698b94e7083ddbafc2de6d39f815ff8e43079d
NEXUS_OBJECT_BEGIN:ead11051be3666786454b35252354c580ec4e703
(./chapitres/TEXP-MATRICES-MARKOV/corriges/TEXP-MAT-CO-002.tex
NEXUS-MARGIN-CAPTURE:nxm:professeur:professor-id:00000145
NEXUS-MARGIN-MARKER-METADATA:nxm:professeur:professor-id:00000145)
NEXUS_OBJECT_END:ead11051be3666786454b35252354c580ec4e703
NEXUS_OBJECT_BEGIN:9a9513a175c916c00257299db68e19163a4ab654
(./chapitres/TEXP-MATRICES-MARKOV/corriges/TEXP-MAT-CO-003.tex
NEXUS-MARGIN-CAPTURE:nxm:professeur:professor-id:00000146
NEXUS-MARGIN-MARKER-METADATA:nxm:professeur:professor-id:00000146)
NEXUS_OBJECT_END:9a9513a175c916c00257299db68e19163a4ab654
NEXUS_OBJECT_BEGIN:52eb2855fc398c949f6822bfa4d61d18898f2de9
(./chapitres/TEXP-MATRICES-MARKOV/corriges/TEXP-MAT-CO-004.tex
NEXUS-MARGIN-CAPTURE:nxm:professeur:professor-id:00000147
NEXUS-MARGIN-MARKER-METADATA:nxm:professeur:professor-id:00000147)
NEXUS_OBJECT_END:52eb2855fc398c949f6822bfa4d61d18898f2de9
NEXUS_OBJECT_BEGIN:bbd86caa2cae005730a8dd2f5d3b2ee7ac0a944e
(./chapitres/TEXP-MATRICES-MARKOV/corriges/TEXP-MAT-CO-005.tex
NEXUS-MARGIN-CAPTURE:nxm:professeur:professor-id:00000148
NEXUS-MARGIN-MARKER-METADATA:nxm:professeur:professor-id:00000148 [45
warning  (pdf backend): pop empty color page stack 0
NEXUS-MARGIN-ANCHOR:nxm:professeur:professor-id:00000143
warning  (pdf backend): pop empty color page stack 0
NEXUS-MARGIN-ANCHOR:nxm:professeur:professor-id:00000144
warning  (pdf backend): pop empty color page stack 0
NEXUS-MARGIN-ANCHOR:nxm:professeur:professor-id:00000145
warning  (pdf backend): pop empty color page stack 0
NEXUS-MARGIN-ANCHOR:nxm:professeur:professor-id:00000146
warning  (pdf backend): pop empty color page stack 0
NEXUS-MARGIN-ANCHOR:nxm:professeur:professor-id:00000147])
NEXUS_OBJECT_END:bbd86caa2cae005730a8dd2f5d3b2ee7ac0a944e
NEXUS_OBJECT_BEGIN:ceda0b3d80c1c43e2e83ba3b78ba293cabeec89d
(./chapitres/TEXP-MATRICES-MARKOV/corriges/TEXP-MAT-CO-006.tex
NEXUS-MARGIN-CAPTURE:nxm:professeur:professor-id:00000149
NEXUS-MARGIN-MARKER-METADATA:nxm:professeur:professor-id:00000149)
NEXUS_OBJECT_END:ceda0b3d80c1c43e2e83ba3b78ba293cabeec89d
[46
warning  (pdf backend): pop empty color page stack 0
NEXUS-MARGIN-ANCHOR:nxm:professeur:professor-id:00000148
warning  (pdf backend): pop empty color page stack 0
NEXUS-MARGIN-ANCHOR:nxm:professeur:professor-id:00000149]
(/home/alaeddine/Documents/Manuels_Nexus/.worktrees/finalisation-collection-v1/
Mathematiques/manuel-maths/build/MANUEL_TEXPERTES/.MANUEL_TEXPERTES_professeur.
7bed92f2de49168974ec16c41c465687.run/MANUEL_TEXPERTES_professeur.aux)
 ***********
LaTeX2e <2023-11-01> patch level 1
L3 programming layer <2020/03/25>
 ***********
)

Here is how much of LuaTeX's memory you used:
 51458 strings out of 476553
 305220,2848258 words of node,token memory allocated
 118206 words of node memory still in use:
   576 hlist, 17 vlist, 28 rule, 384 disc, 153 local_par, 26 math, 1959 glue, 18
6 kern, 274 penalty, 66 margin_kern, 2696 glyph, 27995 attribute, 69 glue_spec, 
4011 attribute_list, 3 write, 1984 pdf_literal, 577 pdf_colorstack nodes
   avail lists: 1:5,2:9439,3:1340,4:3601,5:3429,6:109,7:6884,8:89,9:8208,10:34,1
1:354,12:1
 71404 multiletter control sequences out of 65536+600000
 246 fonts using 66374983 bytes
 124i,27n,149p,11077b,1493s stack positions out of 10000i,1000n,20000p,200000b,200000s
</home/alaeddine/.local/share/fonts/JetBrainsMono-Regular.otf></usr/share/texmf/
fonts/opentype/public/tex-gyre-math/texgyrepagella-math.otf></usr/share/texmf/fo
nts/opentype/public/tex-gyre/texgyreheros-regular.otf></home/alaeddine/.local/sh
are/fonts/JetBrainsMono-Bold.otf></usr/share/texmf/fonts/opentype/public/tex-gyr
e/texgyrepagella-italic.otf></usr/share/texmf/fonts/opentype/public/tex-gyre/tex
gyrepagella-regular.otf></usr/share/texmf/fonts/opentype/public/tex-gyre/texgyre
heros-italic.otf></usr/share/texmf/fonts/opentype/public/tex-gyre/texgyreheros-b
olditalic.otf></usr/share/texmf/fonts/opentype/public/tex-gyre-math/texgyrepagel
la-math.otf></usr/share/texmf/fonts/opentype/public/tex-gyre/texgyrepagella-bold
.otf></usr/share/texmf/fonts/opentype/public/tex-gyre-math/texgyrepagella-math.o
tf></usr/share/texmf/fonts/opentype/public/tex-gyre/texgyrepagella-regular.otf><
/usr/share/texmf/fonts/opentype/public/tex-gyre/texgyreheros-bold.otf>
Output written on MANUEL_TEXPERTES_professeur.pdf (46 pages, 286155 bytes).

PDF statistics: 279 PDF objects out of 1000 (max. 8388607)
 166 compressed objects within 2 object streams
 0 named destinations out of 1000 (max. 131072)
 256 words of extra memory for PDF output out of 10000 (max. 100000000)

