This is LuaHBTeX, Version 1.17.0 (TeX Live 2023/Debian)  (format=lualatex 2026.7.26)  5 AUG 2026 20:41
 restricted system commands enabled.
**/home/alaeddine/Documents/Manuels_Nexus/.worktrees/finalisation-collection-v1
/Mathematiques/manuel-maths/build/MANUEL_TCOMPL/MANUEL_TCOMPL_eleve.tex

(/home/alaeddine/Documents/Manuels_Nexus/.worktrees/finalisation-collection-v1/
Mathematiques/manuel-maths/build/MANUEL_TCOMPL/MANUEL_TCOMPL_eleve.tex
LaTeX2e <2023-11-01> patch level 1
L3 programming layer <2024-01-22>
Lua module: luaotfload 2023-08-31 3.26 Lua based OpenType font support
Lua module: lualibs 2023-07-13 2.76 ConTeXt Lua standard libraries.
Lua module: lualibs-extended 2023-07-13 2.76 ConTeXt Lua libraries -- extended c
ollection.
luaotfload | conf : Root cache directory is "/home/alaeddine/.texlive2023/texmf-
var/luatex-cache/generic/names".
luaotfload | init : Loading fontloader "fontloader-2023-08-19.lua" from kpse-res
olved path "/usr/share/texlive/texmf-dist/tex/luatex/luaotfload/fontloader-2023-
08-19.lua".
Lua-only attribute luaotfload@noligature = 1
luaotfload | init : Context OpenType loader version 3.133
Inserting `luaotfload.node_processor' in `pre_linebreak_filter'.
Inserting `luaotfload.node_processor' in `hpack_filter'.
Inserting `luaotfload.glyph_stream' in `glyph_stream_provider'.
Inserting `luaotfload.define_font' in `define_font'.
Lua-only attribute luaotfload_color_attribute = 2
luaotfload | conf : Root cache directory is "/home/alaeddine/.texlive2023/texmf-
var/luatex-cache/generic/names".
Inserting `luaotfload.harf.strip_prefix' in `find_opentype_file'.
Inserting `luaotfload.harf.strip_prefix' in `find_truetype_file'.
Removing  `luaotfload.glyph_stream' from `glyph_stream_provider'.
Inserting `luaotfload.harf.glyphstream' in `glyph_stream_provider'.
Inserting `luaotfload.harf.finalize_vlist' in `post_linebreak_filter'.
Inserting `luaotfload.harf.finalize_hlist' in `hpack_filter'.
Inserting `luaotfload.cleanup_files' in `wrapup_run'.
Inserting `luaotfload.harf.finalize_unicode' in `finish_pdffile'.
Inserting `luaotfload.glyphinfo' in `glyph_info'.
Lua-only attribute luaotfload.letterspace_done = 3
Inserting `luaotfload.aux.set_sscale_dimens' in `luaotfload.patch_font'.
Inserting `luaotfload.aux.set_font_index' in `luaotfload.patch_font'.
Inserting `luaotfload.aux.patch_cambria_domh' in `luaotfload.patch_font'.
Inserting `luaotfload.aux.fixup_fontdata' in `luaotfload.patch_font_unsafe'.
Inserting `luaotfload.aux.set_capheight' in `luaotfload.patch_font'.
Inserting `luaotfload.aux.set_xheight' in `luaotfload.patch_font'.
Inserting `luaotfload.rewrite_fontname' in `luaotfload.patch_font'.
Inserting `tracingstacklevels' in `input_level_string'. (./gabarits/nexus-manue
l.cls

LaTeX Warning: You have requested document class `gabarits/nexus-manuel',
               but the document class provides `nexus-manuel'.

Document Class: nexus-manuel 2026/07/16 v4.1 Manuel Nexus Reussite - editorial 
premium
(/usr/share/texlive/texmf-dist/tex/latex/koma-script/scrbook.cls
Document Class: scrbook 2023/07/07 v3.41 KOMA-Script document class (book)
(/usr/share/texlive/texmf-dist/tex/latex/koma-script/scrkbase.sty
Package: scrkbase 2023/07/07 v3.41 KOMA-Script package (KOMA-Script-dependent b
asics and keyval usage)

(/usr/share/texlive/texmf-dist/tex/latex/koma-script/scrbase.sty
Package: scrbase 2023/07/07 v3.41 KOMA-Script package (KOMA-Script-independent 
basics and keyval usage)

(/usr/share/texlive/texmf-dist/tex/latex/koma-script/scrlfile.sty
Package: scrlfile 2023/07/07 v3.41 KOMA-Script package (file load hooks)

(/usr/share/texlive/texmf-dist/tex/latex/koma-script/scrlfile-hook.sty
Package: scrlfile-hook 2023/07/07 v3.41 KOMA-Script package (using LaTeX hooks)


(/usr/share/texlive/texmf-dist/tex/latex/koma-script/scrlogo.sty
Package: scrlogo 2023/07/07 v3.41 KOMA-Script package (logo)
)))
(/usr/share/texlive/texmf-dist/tex/latex/graphics/keyval.sty
Package: keyval 2022/05/29 v1.15 key=value parser (DPC)
\KV@toks@=\toks17
)
Applying: [2021/05/01] Usage of raw or classic option list on input line 252.
Already applied: [0000/00/00] Usage of raw or classic option list on input line
 368.
))
(/usr/share/texlive/texmf-dist/tex/latex/koma-script/tocbasic.sty
Package: tocbasic 2023/07/07 v3.41 KOMA-Script package (handling toc-files)
\scr@dte@tocline@numberwidth=\skip48
\scr@dte@tocline@numbox=\box51
)
Package tocbasic Info: omitting babel extension for `toc'
(tocbasic)             because of feature `nobabel' available
(tocbasic)             for `toc' on input line 135.
luaotfload | db : Font names database loaded from /home/alaeddine/.texlive2023/t
exmf-var/luatex-cache/generic/names/luaotfload-names.luc.gz
(/usr/share/texlive/texmf-dist/tex/latex/koma-script/typearea.sty
Package: typearea 2023/07/07 v3.41 KOMA-Script package (type area)
\ta@bcor=\skip49
\ta@div=\count185
\ta@hblk=\skip50
\ta@vblk=\skip51
\ta@temp=\skip52
\footheight=\skip53


Package typearea Warning: DIV for 9.5pt and used papersize
(typearea)                not defined!
(typearea)                Using DIV=calc.

DIV calculation for typearea with good linewidth.
Package typearea Info: These are the values describing the layout:
(typearea)             DIV  = 6
(typearea)             BCOR = 0.0pt
(typearea)             \paperwidth      = 597.50793pt
(typearea)              \textwidth      = 298.75397pt
(typearea)              DIV departure   = 4%
(typearea)              \evensidemargin = 126.89932pt
(typearea)              \oddsidemargin  = 27.31467pt
(typearea)             \paperheight     = 845.04694pt
(typearea)              \textheight     = 431.29865pt
(typearea)              \topmargin      = 37.22127pt
(typearea)              \headheight     = 14.24995pt
(typearea)              \headsep        = 17.09995pt
(typearea)              \topskip        = 9.5pt
(typearea)              \footskip       = 39.89987pt
(typearea)              \baselineskip   = 11.39996pt
(typearea)              on input line 1799.
)
\c@part=\count186
\c@chapter=\count187
\c@section=\count188
\c@subsection=\count189
\c@subsubsection=\count190
\c@paragraph=\count191
\c@subparagraph=\count192
\scr@dte@chapter@maxnumwidth=\skip54
Class scrbook Info: using compatibility default `afterindent=bysign'
(scrbook)           for `\chapter on input line 5990.
\scr@dte@section@maxnumwidth=\skip55
Class scrbook Info: using compatibility default `runin=bysign'
(scrbook)           for `\section on input line 6001.
Class scrbook Info: using compatibility default `afterindent=bysign'
(scrbook)           for `\section on input line 6001.
\scr@dte@part@maxnumwidth=\skip56
Class scrbook Info: using compatibility default `afterindent=true'
(scrbook)           for `\part on input line 6010.
\scr@dte@subsection@maxnumwidth=\skip57
Class scrbook Info: using compatibility default `runin=bysign'
(scrbook)           for `\subsection on input line 6020.
Class scrbook Info: using compatibility default `afterindent=bysign'
(scrbook)           for `\subsection on input line 6020.
\scr@dte@subsubsection@maxnumwidth=\skip58
Class scrbook Info: using compatibility default `runin=bysign'
(scrbook)           for `\subsubsection on input line 6030.
Class scrbook Info: using compatibility default `afterindent=bysign'
(scrbook)           for `\subsubsection on input line 6030.
\scr@dte@paragraph@maxnumwidth=\skip59
Class scrbook Info: using compatibility default `runin=bysign'
(scrbook)           for `\paragraph on input line 6041.
Class scrbook Info: using compatibility default `afterindent=bysign'
(scrbook)           for `\paragraph on input line 6041.
\scr@dte@subparagraph@maxnumwidth=\skip60
Class scrbook Info: using compatibility default `runin=bysign'
(scrbook)           for `\subparagraph on input line 6051.
Class scrbook Info: using compatibility default `afterindent=bysign'
(scrbook)           for `\subparagraph on input line 6051.
\abovecaptionskip=\skip61
\belowcaptionskip=\skip62
\c@pti@nb@sid@b@x=\box52
Package tocbasic Info: omitting babel extension for `lof'
(tocbasic)             because of feature `nobabel' available
(tocbasic)             for `lof' on input line 7242.
\scr@dte@figure@maxnumwidth=\skip63
\c@figure=\count193
Package tocbasic Info: omitting babel extension for `lot'
(tocbasic)             because of feature `nobabel' available
(tocbasic)             for `lot' on input line 7259.
\scr@dte@table@maxnumwidth=\skip64
\c@table=\count194
Class scrbook Info: Redefining `\numberline' on input line 7430.
\bibindent=\dimen139
) (/usr/share/texlive/texmf-dist/tex/generic/iftex/iftex.sty
Package: iftex 2022/02/03 v1.0f TeX engine tests
)
(/usr/share/texlive/texmf-dist/tex/generic/babel/babel.sty
Package: babel 2024/01/07 v24.1 The Babel package

(/usr/share/texlive/texmf-dist/tex/generic/babel/luababel.def
\bbl@readstream=\read2
\l@dumylang=\language2
Package babel Info: Non-standard hyphenation setup on input line 118.
\l@nohyphenation=\language3
\l@vietnamese=\language4
\l@hebrew=\language5
\l@estonian=\language6
\l@tamil=\language7
\l@nynorsk=\language8
\l@marathi=\language9
\l@galician=\language10
\l@oriya=\language11
\l@icelandic=\language12
\l@afrikaans=\language13
\l@farsi=\language14
\l@russian=\language15
\l@slovak=\language16
\l@mongolianlmc=\language17
\l@german=\language18
\l@assamese=\language19
\l@italian=\language20
\l@friulan=\language21
\l@macedonian=\language22
\l@turkmen=\language23
\l@romansh=\language24
\l@telugu=\language25
\l@ngerman-x-2023-03-06=\language26
\l@belarusian=\language27
\l@kurmanji=\language28
\l@sanskrit=\language29
\l@classiclatin=\language30
\l@romanian=\language31
\l@arabic=\language32
\l@coptic=\language33
\l@panjabi=\language34
\l@greek=\language35
\l@dutch=\language36
\l@swedish=\language37
\l@usenglishmax=\language38
\l@irish=\language39
\l@gujarati=\language40
\l@spanish=\language41
\l@indonesian=\language42
\l@finnish=\language43
\l@esperanto=\language44
\l@hungarian=\language45
\l@welsh=\language46
\l@serbianc=\language47
\l@german-x-2023-03-06=\language48
\l@swissgerman=\language49
\l@czech=\language50
\l@ancientgreek=\language51
\l@monogreek=\language52
\l@georgian=\language53
\l@polish=\language54
\l@bengali=\language55
\l@pinyin=\language56
\l@malayalam=\language57
\l@french=\language58
\l@catalan=\language59
\l@kannada=\language60
\l@ukrainian=\language61
\l@piedmontese=\language62
\l@bokmal=\language63
\l@armenian=\language64
\l@slovenian=\language65
\l@hindi=\language66
\l@croatian=\language67
\l@mongolian=\language68
\l@ethiopic=\language69
\l@latvian=\language70
\l@serbian=\language71
\l@turkish=\language72
\l@occitan=\language73
\l@uppersorbian=\language74
\l@latin=\language75
\l@ukenglish=\language76
\l@danish=\language77
\l@churchslavonic=\language78
\l@ngerman=\language79
\l@interlingua=\language80
\l@ibycus=\language81
\l@bulgarian=\language82
\l@schoolfinnish=\language83
\l@portuguese=\language84
\l@pali=\language85
\l@basque=\language86
\l@lithuanian=\language87
\l@liturgicallatin=\language88
\l@thai=\language89
\babelcatcodetablenum=\catcodetable14
\bbl@pattcodes=\catcodetable15
)
\babel@savecnt=\count195
\U@D=\dimen140
\l@unhyphenated=\language90

(/usr/share/texlive/texmf-dist/tex/generic/babel/luababel.def
\bbl@attr@locale=\attribute4
)
(/usr/share/texlive/texmf-dist/tex/generic/babel-french/french.ldf
Language: french 2023-12-19 v3.5r French support from the babel system
Package babel Info: Hyphen rules for 'acadian' set to \l@french
(babel)             (\language58). Reported on input line 91.
Package babel Info: Hyphen rules for 'canadien' set to \l@french
(babel)             (\language58). Reported on input line 92.
\FB@stdchar=\count196
\FB@spacing=\attribute5
\FB@addDPspace=\attribute6
\FB@addGUILspace=\attribute7
\FB@ucsNBSP=\attribute8
\FB@dialect=\attribute9
Package french.ldf Info: No need for active punctuation characters
(french.ldf)             with this version of LuaTeX!
(french.ldf)             reported on input line 250.
\FBguill@level=\count197
\FBold@everypar=\toks18
\FB@Mht=\dimen141
\mc@charclass=\count198
\mc@charfam=\count199
\mc@charslot=\count266
\std@mcc=\count267
\dec@mcc=\count268
Inserting `frenchb.french_punctuation' in `kerning'.
\FB@parskip=\dimen142
\listindentFB=\dimen143
\descindentFB=\dimen144
\labelindentFB=\dimen145
\labelwidthFB=\dimen146
\leftmarginFB=\dimen147
\parindentFFN=\dimen148
\FBfnindent=\dimen149

(/usr/share/texlive/texmf-dist/tex/generic/hyph-utf8/loadhyph/loadhyph-fr.tex
UTF-8 French hyphenation patterns
(/usr/share/texlive/texmf-dist/tex/generic/hyph-utf8/patterns/tex/hyph-fr.tex)
(/usr/share/texlive/texmf-dist/tex/generic/hyph-utf8/patterns/quote/hyph-quote-
fr.tex))))
(/usr/share/texlive/texmf-dist/tex/generic/babel/locale/fr/babel-french.tex
Package babel Info: Importing font and identification data for french
(babel)             from babel-fr.ini. Reported on input line 11.
)
(/usr/share/texlive/texmf-dist/tex/latex/carlisle/scalefnt.sty)
(/usr/share/texlive/texmf-dist/tex/latex/csquotes/csquotes.sty
Package: csquotes 2022-09-14 v5.2n context-sensitive quotations (JAW)

(/usr/share/texlive/texmf-dist/tex/latex/etoolbox/etoolbox.sty
Package: etoolbox 2020/10/05 v2.5k e-TeX tools for LaTeX (JAW)
\etb@tempcnta=\count269
)
\csq@reset=\count270
\csq@gtype=\count271
\csq@glevel=\count272
\csq@qlevel=\count273
\csq@maxlvl=\count274
\csq@tshold=\count275
\csq@ltx@everypar=\toks19

(/usr/share/texlive/texmf-dist/tex/latex/csquotes/csquotes.def
File: csquotes.def 2022-09-14 v5.2n csquotes generic definitions (JAW)
)
Package csquotes Info: Trying to load configuration file 'csquotes.cfg'...
Package csquotes Info: ... configuration file loaded successfully.

(/usr/share/texlive/texmf-dist/tex/latex/csquotes/csquotes.cfg
File: csquotes.cfg 
))
(/usr/share/texlive/texmf-dist/tex/latex/amsmath/amsmath.sty
Package: amsmath 2023/05/13 v2.17o AMS math features
\@mathmargin=\skip65

For additional information on amsmath, use the `?' option.
(/usr/share/texlive/texmf-dist/tex/latex/amsmath/amstext.sty
Package: amstext 2021/08/26 v2.01 AMS text

(/usr/share/texlive/texmf-dist/tex/latex/amsmath/amsgen.sty
File: amsgen.sty 1999/11/30 v2.0 generic functions
\@emptytoks=\toks20
\ex@=\dimen150
))
(/usr/share/texlive/texmf-dist/tex/latex/amsmath/amsbsy.sty
Package: amsbsy 1999/11/29 v1.2d Bold Symbols
\pmbraise@=\dimen151
)
(/usr/share/texlive/texmf-dist/tex/latex/amsmath/amsopn.sty
Package: amsopn 2022/04/08 v2.04 operator names
)
\inf@bad=\count276
LaTeX Info: Redefining \frac on input line 236.
\uproot@=\count277
\leftroot@=\count278
LaTeX Info: Redefining \overline on input line 399.
LaTeX Info: Redefining \colon on input line 410.
\classnum@=\count279
\DOTSCASE@=\count280
LaTeX Info: Redefining \ldots on input line 496.
LaTeX Info: Redefining \dots on input line 499.
LaTeX Info: Redefining \cdots on input line 620.
\Mathstrutbox@=\box53
\strutbox@=\box54
LaTeX Info: Redefining \big on input line 722.
LaTeX Info: Redefining \Big on input line 723.
LaTeX Info: Redefining \bigg on input line 724.
LaTeX Info: Redefining \Bigg on input line 725.
\big@size=\dimen152
LaTeX Font Info:    Redeclaring font encoding OML on input line 743.
LaTeX Font Info:    Redeclaring font encoding OMS on input line 744.
\macc@depth=\count281
LaTeX Info: Redefining \bmod on input line 905.
LaTeX Info: Redefining \pmod on input line 910.
LaTeX Info: Redefining \smash on input line 940.
LaTeX Info: Redefining \relbar on input line 970.
LaTeX Info: Redefining \Relbar on input line 971.
\c@MaxMatrixCols=\count282
\dotsspace@=\muskip16
\c@parentequation=\count283
\dspbrk@lvl=\count284
\tag@help=\toks21
\row@=\count285
\column@=\count286
\maxfields@=\count287
\andhelp@=\toks22
\eqnshift@=\dimen153
\alignsep@=\dimen154
\tagshift@=\dimen155
\tagwidth@=\dimen156
\totwidth@=\dimen157
\lineht@=\dimen158
\@envbody=\toks23
\multlinegap=\skip66
\multlinetaggap=\skip67
\mathdisplay@stack=\toks24
LaTeX Info: Redefining \[ on input line 2953.
LaTeX Info: Redefining \] on input line 2954.
)
(/usr/share/texlive/texmf-dist/tex/latex/amscls/amsthm.sty
Package: amsthm 2020/05/29 v2.20.6
\thm@style=\toks25
\thm@bodyfont=\toks26
\thm@headfont=\toks27
\thm@notefont=\toks28
\thm@headpunct=\toks29
\thm@preskip=\skip68
\thm@postskip=\skip69
\thm@headsep=\skip70
\dth@everypar=\toks30
)
(/usr/share/texlive/texmf-dist/tex/latex/xpatch/xpatch.sty
(/usr/share/texlive/texmf-dist/tex/latex/l3kernel/expl3.sty
Package: expl3 2024-01-22 L3 programming layer (loader) 

(/usr/share/texlive/texmf-dist/tex/latex/l3backend/l3backend-luatex.def
File: l3backend-luatex.def 2024-01-04 L3 backend support: PDF output (LuaTeX)
\l__color_backend_stack_int=\count288
Inserting `l3color' in `luaotfload.parse_color'.
\l__pdf_internal_box=\box55
))
Package: xpatch 2020/03/25 v0.3a Extending etoolbox patching commands

(/usr/share/texlive/texmf-dist/tex/latex/l3packages/xparse/xparse.sty
Package: xparse 2023-10-10 L3 Experimental document command parser
))
Class scrbook Info: amsthm's \deferred@thm@head patched.

(/usr/share/texlive/texmf-dist/tex/latex/amsfonts/amssymb.sty
Package: amssymb 2013/01/14 v3.01 AMS font symbols

(/usr/share/texlive/texmf-dist/tex/latex/amsfonts/amsfonts.sty
Package: amsfonts 2013/01/14 v3.01 Basic AMSFonts support
\symAMSa=\mathgroup4
\symAMSb=\mathgroup5
LaTeX Font Info:    Redeclaring math symbol \hbar on input line 98.
LaTeX Font Info:    Overwriting math alphabet `\mathfrak' in version `bold'
(Font)                  U/euf/m/n --> U/euf/b/n on input line 106.
))
(/usr/share/texlive/texmf-dist/tex/latex/fontspec/fontspec.sty
Package: fontspec 2022/01/15 v2.8a Font selection for XeLaTeX and LuaLaTeX
Lua module: fontspec 2022/01/15 2.8a Font selection for XeLaTeX and LuaLaTeX
(/usr/share/texlive/texmf-dist/tex/latex/fontspec/fontspec-luatex.sty
Package: fontspec-luatex 2022/01/15 v2.8a Font selection for XeLaTeX and LuaLaT
eX
\l__fontspec_script_int=\count289
\l__fontspec_language_int=\count290
\l__fontspec_strnum_int=\count291
\l__fontspec_tmp_int=\count292
\l__fontspec_tmpa_int=\count293
\l__fontspec_tmpb_int=\count294
\l__fontspec_tmpc_int=\count295
\l__fontspec_em_int=\count296
\l__fontspec_emdef_int=\count297
\l__fontspec_strong_int=\count298
\l__fontspec_strongdef_int=\count299
\l__fontspec_tmpa_dim=\dimen159
\l__fontspec_tmpb_dim=\dimen160
\l__fontspec_tmpc_dim=\dimen161

(/usr/share/texlive/texmf-dist/tex/latex/base/fontenc.sty
Package: fontenc 2021/04/29 v2.0v Standard LaTeX package
)
(/usr/share/texlive/texmf-dist/tex/latex/fontspec/fontspec.cfg)))
(/usr/share/texlive/texmf-dist/tex/latex/unicode-math/unicode-math.sty
Package: unicode-math 2023/08/13 v0.8r Unicode maths in XeLaTeX and LuaLaTeX

(/usr/share/texlive/texmf-dist/tex/latex/unicode-math/unicode-math-luatex.sty
Package: unicode-math-luatex 2023/08/13 v0.8r Unicode maths in XeLaTeX and LuaL
aTeX

(/usr/share/texlive/texmf-dist/tex/latex/l3packages/l3keys2e/l3keys2e.sty
Package: l3keys2e 2023-10-10 LaTeX2e option processing using LaTeX3 keys
)
(/usr/share/texlive/texmf-dist/tex/latex/base/fix-cm.sty
Package: fix-cm 2020/11/24 v1.1t fixes to LaTeX

(/usr/share/texlive/texmf-dist/tex/latex/base/ts1enc.def
File: ts1enc.def 2001/06/05 v3.0e (jk/car/fm) Standard LaTeX file
LaTeX Font Info:    Redeclaring font encoding TS1 on input line 47.
))
(/usr/share/texlive/texmf-dist/tex/lualatex/lualatex-math/lualatex-math.sty
Package: lualatex-math 2022/01/01 v1.12 Patches for mathematics typesetting wit
h LuaLaTeX
Lua module: lualatex-math 2013/08/03 1.3 Patches for mathematics typesetting wit
h LuaLaTeX)
\g__um_fam_int=\count300
\g__um_fonts_used_int=\count301
\l__um_primecount_int=\count302
\g__um_primekern_muskip=\muskip17

(/usr/share/texlive/texmf-dist/tex/latex/unicode-math/unicode-math-table.tex)))
luaotfload | cache : Lookup cache loaded from /home/alaeddine/.texlive2023/texmf
-var/luatex-cache/generic/names/luaotfload-lookup-cache.luc.

Package fontspec Info: Font family 'TeXGyrePagella(0)' created for font 'TeX
(fontspec)             Gyre Pagella' with options
(fontspec)             [Ligatures=TeX,Ligatures=TeX].
(fontspec)              
(fontspec)              This font family consists of the following NFSS
(fontspec)             series/shapes:
(fontspec)              
(fontspec)             - 'normal' (m/n) with NFSS spec.:
(fontspec)             <->"TeXGyrePagella:mode=node;script=latn;language=dflt;+
tlig;"
(fontspec)             - 'small caps'  (m/sc) with NFSS spec.:
(fontspec)             <->"TeXGyrePagella:mode=node;script=latn;language=dflt;+
tlig;+smcp;"
(fontspec)             - 'bold' (b/n) with NFSS spec.:
(fontspec)             <->"TeXGyrePagella/B:mode=node;script=latn;language=dflt
;+tlig;"
(fontspec)             - 'bold small caps'  (b/sc) with NFSS spec.:
(fontspec)             <->"TeXGyrePagella/B:mode=node;script=latn;language=dflt
;+tlig;+smcp;"
(fontspec)             - 'italic' (m/it) with NFSS spec.:
(fontspec)             <->"TeXGyrePagella/I:mode=node;script=latn;language=dflt
;+tlig;"
(fontspec)             - 'italic small caps'  (m/scit) with NFSS spec.:
(fontspec)             <->"TeXGyrePagella/I:mode=node;script=latn;language=dflt
;+tlig;+smcp;"
(fontspec)             - 'bold italic' (b/it) with NFSS spec.:
(fontspec)             <->"TeXGyrePagella/BI:mode=node;script=latn;language=dfl
t;+tlig;"
(fontspec)             - 'bold italic small caps'  (b/scit) with NFSS spec.:
(fontspec)             <->"TeXGyrePagella/BI:mode=node;script=latn;language=dfl
t;+tlig;+smcp;"


Package fontspec Info: Font family 'TeXGyrePagella(1)' created for font 'TeX
(fontspec)             Gyre Pagella' with options
(fontspec)             [Ligatures=TeX,Renderer=Basic].
(fontspec)              
(fontspec)              This font family consists of the following NFSS
(fontspec)             series/shapes:
(fontspec)              
(fontspec)             - 'normal' (m/n) with NFSS spec.:
(fontspec)             <->"TeXGyrePagella:mode=base;script=latn;language=dflt;+
tlig;"
(fontspec)             - 'small caps'  (m/sc) with NFSS spec.:
(fontspec)             <->"TeXGyrePagella:mode=base;script=latn;language=dflt;+
tlig;+smcp;"
(fontspec)             - 'bold' (b/n) with NFSS spec.:
(fontspec)             <->"TeXGyrePagella/B:mode=base;script=latn;language=dflt
;+tlig;"
(fontspec)             - 'bold small caps'  (b/sc) with NFSS spec.:
(fontspec)             <->"TeXGyrePagella/B:mode=base;script=latn;language=dflt
;+tlig;+smcp;"
(fontspec)             - 'italic' (m/it) with NFSS spec.:
(fontspec)             <->"TeXGyrePagella/I:mode=base;script=latn;language=dflt
;+tlig;"
(fontspec)             - 'italic small caps'  (m/scit) with NFSS spec.:
(fontspec)             <->"TeXGyrePagella/I:mode=base;script=latn;language=dflt
;+tlig;+smcp;"
(fontspec)             - 'bold italic' (b/it) with NFSS spec.:
(fontspec)             <->"TeXGyrePagella/BI:mode=base;script=latn;language=dfl
t;+tlig;"
(fontspec)             - 'bold italic small caps'  (b/scit) with NFSS spec.:
(fontspec)             <->"TeXGyrePagella/BI:mode=base;script=latn;language=dfl
t;+tlig;+smcp;"

LaTeX Font Info:    Overwriting math alphabet `\mathrm' in version `normal'
(Font)                  OT1/cmr/m/n --> TU/TeXGyrePagella(1)/m/n on input line 
59.
LaTeX Font Info:    Overwriting math alphabet `\mathit' in version `normal'
(Font)                  OT1/cmr/m/it --> TU/TeXGyrePagella(1)/m/it on input lin
e 59.
LaTeX Font Info:    Overwriting math alphabet `\mathbf' in version `normal'
(Font)                  OT1/cmr/bx/n --> TU/TeXGyrePagella(1)/b/n on input line
 59.
LaTeX Font Info:    Calculating math sizes for size <9.5> on input line 62.

Package fontspec Info: Could not resolve font "TeXGyrePagellaMath/B" (it
(fontspec)             probably doesn't exist).


Package fontspec Info: Font family 'TeXGyrePagellaMath(0)' created for font
(fontspec)             'TeX Gyre Pagella Math' with options
(fontspec)             [Ligatures=TeX,Renderer=Basic,BoldItalicFont={},ItalicFo
nt={},SmallCapsFont={},Script=Math,RawFeature={mathfontdimen=xetex}].
(fontspec)              
(fontspec)              This font family consists of the following NFSS
(fontspec)             series/shapes:
(fontspec)              
(fontspec)             - 'normal' (m/n) with NFSS spec.:
(fontspec)             <->"TeXGyrePagellaMath:mode=base;script=math;language=df
lt;+tlig;mathfontdimen=xetex;"
(fontspec)             - 'small caps'  (m/sc) with NFSS spec.: 


Package fontspec Info: Could not resolve font "TeXGyrePagellaMath/B" (it
(fontspec)             probably doesn't exist).


Package fontspec Info: Font family 'TeXGyrePagellaMath(1)' created for font
(fontspec)             'TeX Gyre Pagella Math' with options
(fontspec)             [Ligatures=TeX,Renderer=Basic,BoldItalicFont={},ItalicFo
nt={},SmallCapsFont={},Script=Math,SizeFeatures={{Size=8.265-},{Size=6.1275-8.2
65,Font=TeX
(fontspec)             Gyre Pagella
(fontspec)             Math,Style=MathScript},{Size=-6.1275,Font=TeX Gyre
(fontspec)             Pagella
(fontspec)             Math,Style=MathScriptScript}},RawFeature={mathfontdimen=
xetex}].
(fontspec)              
(fontspec)              This font family consists of the following NFSS
(fontspec)             series/shapes:
(fontspec)              
(fontspec)             - 'normal' (m/n) with NFSS spec.:
(fontspec)             <8.265->"TeXGyrePagellaMath:mode=base;script=math;langua
ge=dflt;+tlig;mathfontdimen=xetex;"<6.1275-8.265>"TeXGyrePagellaMath:mode=base;
script=math;language=dflt;+tlig;mathfontdimen=xetex;+ssty=0;"<-6.1275>"TeXGyreP
agellaMath:mode=base;script=math;language=dflt;+tlig;mathfontdimen=xetex;+ssty=
1;"
(fontspec)             - 'small caps'  (m/sc) with NFSS spec.: 

LaTeX Font Info:    Encoding `OT1' has changed to `TU' for symbol font
(Font)              `operators' in the math version `normal' on input line 62.
LaTeX Font Info:    Overwriting symbol font `operators' in version `normal'
(Font)                  OT1/cmr/m/n --> TU/TeXGyrePagellaMath(1)/m/n on input l
ine 62.
LaTeX Font Info:    Encoding `OT1' has changed to `TU' for symbol font
(Font)              `operators' in the math version `bold' on input line 62.
LaTeX Font Info:    Overwriting symbol font `operators' in version `bold'
(Font)                  OT1/cmr/bx/n --> TU/TeXGyrePagellaMath(1)/b/n on input 
line 62.

Package fontspec Info: Could not resolve font "TeXGyrePagellaMath/B" (it
(fontspec)             probably doesn't exist).


Package fontspec Info: Font family 'TeXGyrePagellaMath(2)' created for font
(fontspec)             'TeX Gyre Pagella Math' with options
(fontspec)             [Ligatures=TeX,Renderer=Basic,BoldItalicFont={},ItalicFo
nt={},SmallCapsFont={},Script=Math,SizeFeatures={{Size=8.265-},{Size=6.1275-8.2
65,Font=TeX
(fontspec)             Gyre Pagella
(fontspec)             Math,Style=MathScript},{Size=-6.1275,Font=TeX Gyre
(fontspec)             Pagella
(fontspec)             Math,Style=MathScriptScript}},RawFeature={mathfontdimen=
xetex},RawFeature={mathfontdimen=tex2}].
(fontspec)              
(fontspec)              This font family consists of the following NFSS
(fontspec)             series/shapes:
(fontspec)              
(fontspec)             - 'normal' (m/n) with NFSS spec.:
(fontspec)             <8.265->"TeXGyrePagellaMath:mode=base;script=math;langua
ge=dflt;+tlig;mathfontdimen=xetex;mathfontdimen=tex2;"<6.1275-8.265>"TeXGyrePag
ellaMath:mode=base;script=math;language=dflt;+tlig;mathfontdimen=xetex;mathfont
dimen=tex2;+ssty=0;"<-6.1275>"TeXGyrePagellaMath:mode=base;script=math;language
=dflt;+tlig;mathfontdimen=xetex;mathfontdimen=tex2;+ssty=1;"
(fontspec)             - 'small caps'  (m/sc) with NFSS spec.: 

LaTeX Font Info:    Encoding `OMS' has changed to `TU' for symbol font
(Font)              `symbols' in the math version `normal' on input line 62.
LaTeX Font Info:    Overwriting symbol font `symbols' in version `normal'
(Font)                  OMS/cmsy/m/n --> TU/TeXGyrePagellaMath(2)/m/n on input 
line 62.
LaTeX Font Info:    Encoding `OMS' has changed to `TU' for symbol font
(Font)              `symbols' in the math version `bold' on input line 62.
LaTeX Font Info:    Overwriting symbol font `symbols' in version `bold'
(Font)                  OMS/cmsy/b/n --> TU/TeXGyrePagellaMath(2)/b/n on input 
line 62.

Package fontspec Info: Could not resolve font "TeXGyrePagellaMath/B" (it
(fontspec)             probably doesn't exist).


Package fontspec Info: Font family 'TeXGyrePagellaMath(3)' created for font
(fontspec)             'TeX Gyre Pagella Math' with options
(fontspec)             [Ligatures=TeX,Renderer=Basic,BoldItalicFont={},ItalicFo
nt={},SmallCapsFont={},Script=Math,SizeFeatures={{Size=8.265-},{Size=6.1275-8.2
65,Font=TeX
(fontspec)             Gyre Pagella
(fontspec)             Math,Style=MathScript},{Size=-6.1275,Font=TeX Gyre
(fontspec)             Pagella
(fontspec)             Math,Style=MathScriptScript}},RawFeature={mathfontdimen=
xetex},RawFeature={mathfontdimen=tex3}].
(fontspec)              
(fontspec)              This font family consists of the following NFSS
(fontspec)             series/shapes:
(fontspec)              
(fontspec)             - 'normal' (m/n) with NFSS spec.:
(fontspec)             <8.265->"TeXGyrePagellaMath:mode=base;script=math;langua
ge=dflt;+tlig;mathfontdimen=xetex;mathfontdimen=tex3;"<6.1275-8.265>"TeXGyrePag
ellaMath:mode=base;script=math;language=dflt;+tlig;mathfontdimen=xetex;mathfont
dimen=tex3;+ssty=0;"<-6.1275>"TeXGyrePagellaMath:mode=base;script=math;language
=dflt;+tlig;mathfontdimen=xetex;mathfontdimen=tex3;+ssty=1;"
(fontspec)             - 'small caps'  (m/sc) with NFSS spec.: 

LaTeX Font Info:    Encoding `OMX' has changed to `TU' for symbol font
(Font)              `largesymbols' in the math version `normal' on input line 6
2.
LaTeX Font Info:    Overwriting symbol font `largesymbols' in version `normal'
(Font)                  OMX/cmex/m/n --> TU/TeXGyrePagellaMath(3)/m/n on input 
line 62.
LaTeX Font Info:    Encoding `OMX' has changed to `TU' for symbol font
(Font)              `largesymbols' in the math version `bold' on input line 62.

LaTeX Font Info:    Overwriting symbol font `largesymbols' in version `bold'
(Font)                  OMX/cmex/m/n --> TU/TeXGyrePagellaMath(3)/b/n on input 
line 62.
LaTeX Font Info:    Trying to load font information for U+msa on input line 62.

(/usr/share/texlive/texmf-dist/tex/latex/amsfonts/umsa.fd
File: umsa.fd 2013/01/14 v3.01 AMS symbols A
)
LaTeX Font Info:    Trying to load font information for U+msb on input line 62.


(/usr/share/texlive/texmf-dist/tex/latex/amsfonts/umsb.fd
File: umsb.fd 2013/01/14 v3.01 AMS symbols B
)

Package fontspec Info: Font family 'TeXGyreHeros(0)' created for font 'TeX
(fontspec)             Gyre Heros' with options
(fontspec)             [Ligatures=TeX,Ligatures=TeX,Scale=0.94].
(fontspec)              
(fontspec)              This font family consists of the following NFSS
(fontspec)             series/shapes:
(fontspec)              
(fontspec)             - 'normal' (m/n) with NFSS spec.:
(fontspec)             <->s*[0.94]"TeXGyreHeros:mode=node;script=latn;language=
dflt;+tlig;"
(fontspec)             - 'small caps'  (m/sc) with NFSS spec.:
(fontspec)             <->s*[0.94]"TeXGyreHeros:mode=node;script=latn;language=
dflt;+tlig;+smcp;"
(fontspec)             - 'bold' (b/n) with NFSS spec.:
(fontspec)             <->s*[0.94]"TeXGyreHeros/B:mode=node;script=latn;languag
e=dflt;+tlig;"
(fontspec)             - 'bold small caps'  (b/sc) with NFSS spec.:
(fontspec)             <->s*[0.94]"TeXGyreHeros/B:mode=node;script=latn;languag
e=dflt;+tlig;+smcp;"
(fontspec)             - 'italic' (m/it) with NFSS spec.:
(fontspec)             <->s*[0.94]"TeXGyreHeros/I:mode=node;script=latn;languag
e=dflt;+tlig;"
(fontspec)             - 'italic small caps'  (m/scit) with NFSS spec.:
(fontspec)             <->s*[0.94]"TeXGyreHeros/I:mode=node;script=latn;languag
e=dflt;+tlig;+smcp;"
(fontspec)             - 'bold italic' (b/it) with NFSS spec.:
(fontspec)             <->s*[0.94]"TeXGyreHeros/BI:mode=node;script=latn;langua
ge=dflt;+tlig;"
(fontspec)             - 'bold italic small caps'  (b/scit) with NFSS spec.:
(fontspec)             <->s*[0.94]"TeXGyreHeros/BI:mode=node;script=latn;langua
ge=dflt;+tlig;+smcp;"


Package fontspec Info: Font family 'TeXGyreHeros(1)' created for font 'TeX
(fontspec)             Gyre Heros' with options
(fontspec)             [Ligatures=TeX,Renderer=Basic,Scale=0.94].
(fontspec)              
(fontspec)              This font family consists of the following NFSS
(fontspec)             series/shapes:
(fontspec)              
(fontspec)             - 'normal' (m/n) with NFSS spec.:
(fontspec)             <->s*[0.94]"TeXGyreHeros:mode=base;script=latn;language=
dflt;+tlig;"
(fontspec)             - 'small caps'  (m/sc) with NFSS spec.:
(fontspec)             <->s*[0.94]"TeXGyreHeros:mode=base;script=latn;language=
dflt;+tlig;+smcp;"
(fontspec)             - 'bold' (b/n) with NFSS spec.:
(fontspec)             <->s*[0.94]"TeXGyreHeros/B:mode=base;script=latn;languag
e=dflt;+tlig;"
(fontspec)             - 'bold small caps'  (b/sc) with NFSS spec.:
(fontspec)             <->s*[0.94]"TeXGyreHeros/B:mode=base;script=latn;languag
e=dflt;+tlig;+smcp;"
(fontspec)             - 'italic' (m/it) with NFSS spec.:
(fontspec)             <->s*[0.94]"TeXGyreHeros/I:mode=base;script=latn;languag
e=dflt;+tlig;"
(fontspec)             - 'italic small caps'  (m/scit) with NFSS spec.:
(fontspec)             <->s*[0.94]"TeXGyreHeros/I:mode=base;script=latn;languag
e=dflt;+tlig;+smcp;"
(fontspec)             - 'bold italic' (b/it) with NFSS spec.:
(fontspec)             <->s*[0.94]"TeXGyreHeros/BI:mode=base;script=latn;langua
ge=dflt;+tlig;"
(fontspec)             - 'bold italic small caps'  (b/scit) with NFSS spec.:
(fontspec)             <->s*[0.94]"TeXGyreHeros/BI:mode=base;script=latn;langua
ge=dflt;+tlig;+smcp;"

LaTeX Font Info:    Overwriting math alphabet `\mathsf' in version `normal'
(Font)                  OT1/cmss/m/n --> TU/TeXGyreHeros(1)/m/n on input line 6
4.
LaTeX Font Info:    Overwriting math alphabet `\mathsf' in version `bold'
(Font)                  OT1/cmss/bx/n --> TU/TeXGyreHeros(1)/b/n on input line 
64.
luaotfload | aux : font no 86 (nil) does not define feature smcp for script latn
 with language dflt
luaotfload | aux : font no 87 (nil) does not define feature smcp for script latn
 with language dflt
luaotfload | aux : font no 88 (nil) does not define feature smcp for script latn
 with language dflt
luaotfload | aux : font no 89 (nil) does not define feature smcp for script latn
 with language dflt

Package fontspec Info: Font family 'JetBrainsMono(0)' created for font
(fontspec)             'JetBrains Mono' with options
(fontspec)             [Ligatures=TeX,WordSpace={1,0,0},HyphenChar=None,Punctua
tionSpace=WordSpace,Scale=0.89].
(fontspec)              
(fontspec)              This font family consists of the following NFSS
(fontspec)             series/shapes:
(fontspec)              
(fontspec)             - 'normal' (m/n) with NFSS spec.:
(fontspec)             <->s*[0.89]"JetBrainsMono:mode=node;script=latn;language
=dflt;+tlig;"
(fontspec)             - 'small caps'  (m/sc) with NFSS spec.: 
(fontspec)             and font adjustment code:
(fontspec)             \fontdimen 2\font =1\fontdimen 2\font \fontdimen 3\font
(fontspec)             =0\fontdimen 3\font \fontdimen 4\font =0\fontdimen
(fontspec)             4\font \fontdimen 7\font =0\fontdimen 2\font
(fontspec)             \tex_hyphenchar:D \font =-1\scan_stop: 
(fontspec)             - 'bold' (b/n) with NFSS spec.:
(fontspec)             <->s*[0.89]"JetBrainsMono/B:mode=node;script=latn;langua
ge=dflt;+tlig;"
(fontspec)             - 'bold small caps'  (b/sc) with NFSS spec.: 
(fontspec)             and font adjustment code:
(fontspec)             \fontdimen 2\font =1\fontdimen 2\font \fontdimen 3\font
(fontspec)             =0\fontdimen 3\font \fontdimen 4\font =0\fontdimen
(fontspec)             4\font \fontdimen 7\font =0\fontdimen 2\font
(fontspec)             \tex_hyphenchar:D \font =-1\scan_stop: 
(fontspec)             - 'italic' (m/it) with NFSS spec.:
(fontspec)             <->s*[0.89]"JetBrainsMono/I:mode=node;script=latn;langua
ge=dflt;+tlig;"
(fontspec)             - 'italic small caps'  (m/scit) with NFSS spec.: 
(fontspec)             and font adjustment code:
(fontspec)             \fontdimen 2\font =1\fontdimen 2\font \fontdimen 3\font
(fontspec)             =0\fontdimen 3\font \fontdimen 4\font =0\fontdimen
(fontspec)             4\font \fontdimen 7\font =0\fontdimen 2\font
(fontspec)             \tex_hyphenchar:D \font =-1\scan_stop: 
(fontspec)             - 'bold italic' (b/it) with NFSS spec.:
(fontspec)             <->s*[0.89]"JetBrainsMono/BI:mode=node;script=latn;langu
age=dflt;+tlig;"
(fontspec)             - 'bold italic small caps'  (b/scit) with NFSS spec.: 
(fontspec)             and font adjustment code:
(fontspec)             \fontdimen 2\font =1\fontdimen 2\font \fontdimen 3\font
(fontspec)             =0\fontdimen 3\font \fontdimen 4\font =0\fontdimen
(fontspec)             4\font \fontdimen 7\font =0\fontdimen 2\font
(fontspec)             \tex_hyphenchar:D \font =-1\scan_stop: 

luaotfload | aux : font no 96 (nil) does not define feature smcp for script latn
 with language dflt
luaotfload | aux : font no 97 (nil) does not define feature smcp for script latn
 with language dflt
luaotfload | aux : font no 98 (nil) does not define feature smcp for script latn
 with language dflt
luaotfload | aux : font no 99 (nil) does not define feature smcp for script latn
 with language dflt

Package fontspec Info: Font family 'JetBrainsMono(1)' created for font
(fontspec)             'JetBrains Mono' with options
(fontspec)             [Ligatures=TeX,Renderer=Basic,Scale=0.89].
(fontspec)              
(fontspec)              This font family consists of the following NFSS
(fontspec)             series/shapes:
(fontspec)              
(fontspec)             - 'normal' (m/n) with NFSS spec.:
(fontspec)             <->s*[0.89]"JetBrainsMono:mode=base;script=latn;language
=dflt;+tlig;"
(fontspec)             - 'small caps'  (m/sc) with NFSS spec.: 
(fontspec)             - 'bold' (b/n) with NFSS spec.:
(fontspec)             <->s*[0.89]"JetBrainsMono/B:mode=base;script=latn;langua
ge=dflt;+tlig;"
(fontspec)             - 'bold small caps'  (b/sc) with NFSS spec.: 
(fontspec)             - 'italic' (m/it) with NFSS spec.:
(fontspec)             <->s*[0.89]"JetBrainsMono/I:mode=base;script=latn;langua
ge=dflt;+tlig;"
(fontspec)             - 'italic small caps'  (m/scit) with NFSS spec.: 
(fontspec)             - 'bold italic' (b/it) with NFSS spec.:
(fontspec)             <->s*[0.89]"JetBrainsMono/BI:mode=base;script=latn;langu
age=dflt;+tlig;"
(fontspec)             - 'bold italic small caps'  (b/scit) with NFSS spec.: 

LaTeX Font Info:    Overwriting math alphabet `\mathtt' in version `normal'
(Font)                  OT1/cmtt/m/n --> TU/JetBrainsMono(1)/m/n on input line 
70.
LaTeX Font Info:    Overwriting math alphabet `\mathtt' in version `bold'
(Font)                  OT1/cmtt/m/n --> TU/JetBrainsMono(1)/b/n on input line 
70.

(/usr/share/texlive/texmf-dist/tex/latex/microtype/microtype.sty
Package: microtype 2023/03/13 v3.1a Micro-typographical refinements (RS)
\MT@toks=\toks31
\MT@tempbox=\box56
\MT@count=\count303
LaTeX Info: Redefining \noprotrusionifhmode on input line 1059.
LaTeX Info: Redefining \leftprotrusion on input line 1060.
\MT@prot@toks=\toks32
LaTeX Info: Redefining \rightprotrusion on input line 1078.
LaTeX Info: Redefining \textls on input line 1368.
\MT@outer@kern=\dimen162
LaTeX Info: Redefining \textmicrotypecontext on input line 1988.
\MT@listname@count=\count304

(/usr/share/texlive/texmf-dist/tex/latex/microtype/microtype-luatex.def
File: microtype-luatex.def 2023/03/13 v3.1a Definitions specific to luatex (RS)

Lua module: microtype 2023/03/13 3.1a microtype module.
Module microtype Info: overwriting function `keepligature' on input line 63
LaTeX Info: Redefining \lsstyle on input line 688.
LaTeX Info: Redefining \lslig on input line 688.
\MT@outer@space=\skip71
)
Package microtype Info: Loading configuration file microtype.cfg.

(/usr/share/texlive/texmf-dist/tex/latex/microtype/microtype.cfg
File: microtype.cfg 2023/03/13 v3.1a microtype main configuration file (RS)
))
(/usr/share/texlive/texmf-dist/tex/latex/xcolor/xcolor.sty
Package: xcolor 2023/11/15 v3.01 LaTeX color extensions (UK)

(/usr/share/texlive/texmf-dist/tex/latex/graphics-cfg/color.cfg
File: color.cfg 2016/01/02 v1.6 sample color configuration
)
Package xcolor Info: Driver file: luatex.def on input line 274.

(/usr/share/texlive/texmf-dist/tex/latex/graphics-def/luatex.def
File: luatex.def 2022/09/22 v1.2d Graphics/color driver for luatex
)
(/usr/share/texlive/texmf-dist/tex/latex/graphics/mathcolor.ltx)
Package xcolor Info: Model `cmy' substituted by `cmy0' on input line 1350.
Package xcolor Info: Model `hsb' substituted by `rgb' on input line 1354.
Package xcolor Info: Model `RGB' extended on input line 1366.
Package xcolor Info: Model `HTML' substituted by `rgb' on input line 1368.
Package xcolor Info: Model `Hsb' substituted by `hsb' on input line 1369.
Package xcolor Info: Model `tHsb' substituted by `hsb' on input line 1370.
Package xcolor Info: Model `HSB' substituted by `hsb' on input line 1371.
Package xcolor Info: Model `Gray' substituted by `gray' on input line 1372.
Package xcolor Info: Model `wave' substituted by `hsb' on input line 1373.
)
(/usr/share/texlive/texmf-dist/tex/latex/colortbl/colortbl.sty
Package: colortbl 2022/06/20 v1.0f Color table columns (DPC)

(/usr/share/texlive/texmf-dist/tex/latex/tools/array.sty
Package: array 2023/10/16 v2.5g Tabular extension package (FMi)
\col@sep=\dimen163
\ar@mcellbox=\box57
\extrarowheight=\dimen164
\NC@list=\toks33
\extratabsurround=\skip72
\backup@length=\skip73
\ar@cellbox=\box58
)
\everycr=\toks34
\minrowclearance=\skip74
\rownum=\count305
)
(/usr/share/texlive/texmf-dist/tex/latex/geometry/geometry.sty
Package: geometry 2020/01/02 v5.9 Page Geometry

(/usr/share/texlive/texmf-dist/tex/generic/iftex/ifvtex.sty
Package: ifvtex 2019/10/25 v1.7 ifvtex legacy package. Use iftex instead.
)
\Gm@cnth=\count306
\Gm@cntv=\count307
\c@Gm@tempcnt=\count308
\Gm@bindingoffset=\dimen165
\Gm@wd@mp=\dimen166
\Gm@odd@mp=\dimen167
\Gm@even@mp=\dimen168
\Gm@layoutwidth=\dimen169
\Gm@layoutheight=\dimen170
\Gm@layouthoffset=\dimen171
\Gm@layoutvoffset=\dimen172
\Gm@dimlist=\toks35
)
(/usr/share/texlive/texmf-dist/tex/latex/marginnote/marginnote.sty
Package: marginnote 2018/08/09 1.4b non floating margin notes for LaTeX
\c@mn@abspage=\count309
)
(/usr/share/texlive/texmf-dist/tex/latex/mparhack/mparhack.sty
Package: mparhack 2021-05-02 v1.5 (T. Sgouros and S. Ulrich)
)
(/usr/share/texlive/texmf-dist/tex/latex/koma-script/scrlayer-scrpage.sty
Package: scrlayer-scrpage 2023/07/07 v3.41 KOMA-Script package (end user interf
ace for scrlayer)

(/usr/share/texlive/texmf-dist/tex/latex/koma-script/scrlayer.sty
Package: scrlayer 2023/07/07 v3.41 KOMA-Script package (defining layers and pag
e styles)
Package scrlayer Info: patching LaTeX kernel macro \pagestyle on input line 218
3.
)
Package scrlayer-scrpage Info: Makeing stand-alone element `pagehead' from
(scrlayer-scrpage)             alias to `pageheadfoot' on input line 1106.
)
1: section
1: chapter
1: chapter
1: section
(/usr/share/texlive/texmf-dist/tex/latex/enumitem/enumitem.sty
Package: enumitem 2019/06/20 v3.9 Customized lists
\labelindent=\skip75
\enit@outerparindent=\dimen173
\enit@toks=\toks36
\enit@inbox=\box59
\enit@count@id=\count310
\enitdp@description=\count311
)
(/usr/share/texlive/texmf-dist/tex/latex/tcolorbox/tcolorbox.sty
Package: tcolorbox 2024/01/10 version 6.2.0 text color boxes

(/usr/share/texlive/texmf-dist/tex/latex/pgf/basiclayer/pgf.sty
(/usr/share/texlive/texmf-dist/tex/latex/pgf/utilities/pgfrcs.sty
(/usr/share/texlive/texmf-dist/tex/generic/pgf/utilities/pgfutil-common.tex
\pgfutil@everybye=\toks37
\pgfutil@tempdima=\dimen174
\pgfutil@tempdimb=\dimen175
)
(/usr/share/texlive/texmf-dist/tex/generic/pgf/utilities/pgfutil-latex.def
\pgfutil@abb=\box60
)
(/usr/share/texlive/texmf-dist/tex/generic/pgf/utilities/pgfrcs.code.tex
(/usr/share/texlive/texmf-dist/tex/generic/pgf/pgf.revision.tex)
Package: pgfrcs 2023-01-15 v3.1.10 (3.1.10)
))
Package: pgf 2023-01-15 v3.1.10 (3.1.10)

(/usr/share/texlive/texmf-dist/tex/latex/pgf/basiclayer/pgfcore.sty
(/usr/share/texlive/texmf-dist/tex/latex/graphics/graphicx.sty
Package: graphicx 2021/09/16 v1.2d Enhanced LaTeX Graphics (DPC,SPQR)

(/usr/share/texlive/texmf-dist/tex/latex/graphics/graphics.sty
Package: graphics 2022/03/10 v1.4e Standard LaTeX Graphics (DPC,SPQR)

(/usr/share/texlive/texmf-dist/tex/latex/graphics/trig.sty
Package: trig 2021/08/11 v1.11 sin cos tan (DPC)
)
(/usr/share/texlive/texmf-dist/tex/latex/graphics-cfg/graphics.cfg
File: graphics.cfg 2016/06/04 v1.11 sample graphics configuration
)
Package graphics Info: Driver file: luatex.def on input line 107.
)
\Gin@req@height=\dimen176
\Gin@req@width=\dimen177
)
(/usr/share/texlive/texmf-dist/tex/latex/pgf/systemlayer/pgfsys.sty
(/usr/share/texlive/texmf-dist/tex/generic/pgf/systemlayer/pgfsys.code.tex
Package: pgfsys 2023-01-15 v3.1.10 (3.1.10)

(/usr/share/texlive/texmf-dist/tex/generic/pgf/utilities/pgfkeys.code.tex
\pgfkeys@pathtoks=\toks38
\pgfkeys@temptoks=\toks39

(/usr/share/texlive/texmf-dist/tex/generic/pgf/utilities/pgfkeyslibraryfiltered
.code.tex
\pgfkeys@tmptoks=\toks40
))
\pgf@x=\dimen178
\pgf@y=\dimen179
\pgf@xa=\dimen180
\pgf@ya=\dimen181
\pgf@xb=\dimen182
\pgf@yb=\dimen183
\pgf@xc=\dimen184
\pgf@yc=\dimen185
\pgf@xd=\dimen186
\pgf@yd=\dimen187
\w@pgf@writea=\write3
\r@pgf@reada=\read3
\c@pgf@counta=\count312
\c@pgf@countb=\count313
\c@pgf@countc=\count314
\c@pgf@countd=\count315
\t@pgf@toka=\toks41
\t@pgf@tokb=\toks42
\t@pgf@tokc=\toks43
\pgf@sys@id@count=\count316
 (/usr/share/texlive/texmf-dist/tex/generic/pgf/systemlayer/pgf.cfg
File: pgf.cfg 2023-01-15 v3.1.10 (3.1.10)
)
Driver file for pgf: pgfsys-luatex.def
(/usr/share/texlive/texmf-dist/tex/generic/pgf/systemlayer/pgfsys-luatex.def
File: pgfsys-luatex.def 2023-01-15 v3.1.10 (3.1.10)

(/usr/share/texlive/texmf-dist/tex/generic/pgf/systemlayer/pgfsys-common-pdf.de
f
File: pgfsys-common-pdf.def 2023-01-15 v3.1.10 (3.1.10)
)))
(/usr/share/texlive/texmf-dist/tex/generic/pgf/systemlayer/pgfsyssoftpath.code.
tex
File: pgfsyssoftpath.code.tex 2023-01-15 v3.1.10 (3.1.10)
\pgfsyssoftpath@smallbuffer@items=\count317
\pgfsyssoftpath@bigbuffer@items=\count318
)
(/usr/share/texlive/texmf-dist/tex/generic/pgf/systemlayer/pgfsysprotocol.code.
tex
File: pgfsysprotocol.code.tex 2023-01-15 v3.1.10 (3.1.10)
))
(/usr/share/texlive/texmf-dist/tex/generic/pgf/basiclayer/pgfcore.code.tex
Package: pgfcore 2023-01-15 v3.1.10 (3.1.10)

(/usr/share/texlive/texmf-dist/tex/generic/pgf/math/pgfmath.code.tex
(/usr/share/texlive/texmf-dist/tex/generic/pgf/math/pgfmathutil.code.tex)
(/usr/share/texlive/texmf-dist/tex/generic/pgf/math/pgfmathparser.code.tex
\pgfmath@dimen=\dimen188
\pgfmath@count=\count319
\pgfmath@box=\box61
\pgfmath@toks=\toks44
\pgfmath@stack@operand=\toks45
\pgfmath@stack@operation=\toks46
)
(/usr/share/texlive/texmf-dist/tex/generic/pgf/math/pgfmathfunctions.code.tex)
(/usr/share/texlive/texmf-dist/tex/generic/pgf/math/pgfmathfunctions.basic.code
.tex)
(/usr/share/texlive/texmf-dist/tex/generic/pgf/math/pgfmathfunctions.trigonomet
ric.code.tex)
(/usr/share/texlive/texmf-dist/tex/generic/pgf/math/pgfmathfunctions.random.cod
e.tex)
(/usr/share/texlive/texmf-dist/tex/generic/pgf/math/pgfmathfunctions.comparison
.code.tex)
(/usr/share/texlive/texmf-dist/tex/generic/pgf/math/pgfmathfunctions.base.code.
tex)
(/usr/share/texlive/texmf-dist/tex/generic/pgf/math/pgfmathfunctions.round.code
.tex)
(/usr/share/texlive/texmf-dist/tex/generic/pgf/math/pgfmathfunctions.misc.code.
tex)
(/usr/share/texlive/texmf-dist/tex/generic/pgf/math/pgfmathfunctions.integerari
thmetics.code.tex)
(/usr/share/texlive/texmf-dist/tex/generic/pgf/math/pgfmathcalc.code.tex)
(/usr/share/texlive/texmf-dist/tex/generic/pgf/math/pgfmathfloat.code.tex
\c@pgfmathroundto@lastzeros=\count320
))
(/usr/share/texlive/texmf-dist/tex/generic/pgf/math/pgfint.code.tex)
(/usr/share/texlive/texmf-dist/tex/generic/pgf/basiclayer/pgfcorepoints.code.te
x
File: pgfcorepoints.code.tex 2023-01-15 v3.1.10 (3.1.10)
\pgf@picminx=\dimen189
\pgf@picmaxx=\dimen190
\pgf@picminy=\dimen191
\pgf@picmaxy=\dimen192
\pgf@pathminx=\dimen193
\pgf@pathmaxx=\dimen194
\pgf@pathminy=\dimen195
\pgf@pathmaxy=\dimen196
\pgf@xx=\dimen197
\pgf@xy=\dimen198
\pgf@yx=\dimen199
\pgf@yy=\dimen256
\pgf@zx=\dimen257
\pgf@zy=\dimen258
)
(/usr/share/texlive/texmf-dist/tex/generic/pgf/basiclayer/pgfcorepathconstruct.
code.tex
File: pgfcorepathconstruct.code.tex 2023-01-15 v3.1.10 (3.1.10)
\pgf@path@lastx=\dimen259
\pgf@path@lasty=\dimen260
)
(/usr/share/texlive/texmf-dist/tex/generic/pgf/basiclayer/pgfcorepathusage.code
.tex
File: pgfcorepathusage.code.tex 2023-01-15 v3.1.10 (3.1.10)
\pgf@shorten@end@additional=\dimen261
\pgf@shorten@start@additional=\dimen262
)
(/usr/share/texlive/texmf-dist/tex/generic/pgf/basiclayer/pgfcorescopes.code.te
x
File: pgfcorescopes.code.tex 2023-01-15 v3.1.10 (3.1.10)
\pgfpic=\box62
\pgf@hbox=\box63
\pgf@layerbox@main=\box64
\pgf@picture@serial@count=\count321
)
(/usr/share/texlive/texmf-dist/tex/generic/pgf/basiclayer/pgfcoregraphicstate.c
ode.tex
File: pgfcoregraphicstate.code.tex 2023-01-15 v3.1.10 (3.1.10)
\pgflinewidth=\dimen263
)
(/usr/share/texlive/texmf-dist/tex/generic/pgf/basiclayer/pgfcoretransformation
s.code.tex
File: pgfcoretransformations.code.tex 2023-01-15 v3.1.10 (3.1.10)
\pgf@pt@x=\dimen264
\pgf@pt@y=\dimen265
\pgf@pt@temp=\dimen266
)
(/usr/share/texlive/texmf-dist/tex/generic/pgf/basiclayer/pgfcorequick.code.tex
File: pgfcorequick.code.tex 2023-01-15 v3.1.10 (3.1.10)
)
(/usr/share/texlive/texmf-dist/tex/generic/pgf/basiclayer/pgfcoreobjects.code.t
ex
File: pgfcoreobjects.code.tex 2023-01-15 v3.1.10 (3.1.10)
)
(/usr/share/texlive/texmf-dist/tex/generic/pgf/basiclayer/pgfcorepathprocessing
.code.tex
File: pgfcorepathprocessing.code.tex 2023-01-15 v3.1.10 (3.1.10)
)
(/usr/share/texlive/texmf-dist/tex/generic/pgf/basiclayer/pgfcorearrows.code.te
x
File: pgfcorearrows.code.tex 2023-01-15 v3.1.10 (3.1.10)
\pgfarrowsep=\dimen267
)
(/usr/share/texlive/texmf-dist/tex/generic/pgf/basiclayer/pgfcoreshade.code.tex
File: pgfcoreshade.code.tex 2023-01-15 v3.1.10 (3.1.10)
\pgf@max=\dimen268
\pgf@sys@shading@range@num=\count322
\pgf@shadingcount=\count323
)
(/usr/share/texlive/texmf-dist/tex/generic/pgf/basiclayer/pgfcoreimage.code.tex
File: pgfcoreimage.code.tex 2023-01-15 v3.1.10 (3.1.10)
)
(/usr/share/texlive/texmf-dist/tex/generic/pgf/basiclayer/pgfcoreexternal.code.
tex
File: pgfcoreexternal.code.tex 2023-01-15 v3.1.10 (3.1.10)
\pgfexternal@startupbox=\box65
)
(/usr/share/texlive/texmf-dist/tex/generic/pgf/basiclayer/pgfcorelayers.code.te
x
File: pgfcorelayers.code.tex 2023-01-15 v3.1.10 (3.1.10)
)
(/usr/share/texlive/texmf-dist/tex/generic/pgf/basiclayer/pgfcoretransparency.c
ode.tex
File: pgfcoretransparency.code.tex 2023-01-15 v3.1.10 (3.1.10)
)
(/usr/share/texlive/texmf-dist/tex/generic/pgf/basiclayer/pgfcorepatterns.code.
tex
File: pgfcorepatterns.code.tex 2023-01-15 v3.1.10 (3.1.10)
)
(/usr/share/texlive/texmf-dist/tex/generic/pgf/basiclayer/pgfcorerdf.code.tex
File: pgfcorerdf.code.tex 2023-01-15 v3.1.10 (3.1.10)
)))
(/usr/share/texlive/texmf-dist/tex/generic/pgf/modules/pgfmoduleshapes.code.tex
File: pgfmoduleshapes.code.tex 2023-01-15 v3.1.10 (3.1.10)
\pgfnodeparttextbox=\box66
) (/usr/share/texlive/texmf-dist/tex/generic/pgf/modules/pgfmoduleplot.code.tex
File: pgfmoduleplot.code.tex 2023-01-15 v3.1.10 (3.1.10)
)
(/usr/share/texlive/texmf-dist/tex/latex/pgf/compatibility/pgfcomp-version-0-65
.sty
Package: pgfcomp-version-0-65 2023-01-15 v3.1.10 (3.1.10)
\pgf@nodesepstart=\dimen269
\pgf@nodesepend=\dimen270
)
(/usr/share/texlive/texmf-dist/tex/latex/pgf/compatibility/pgfcomp-version-1-18
.sty
Package: pgfcomp-version-1-18 2023-01-15 v3.1.10 (3.1.10)
)) (/usr/share/texlive/texmf-dist/tex/latex/tools/verbatim.sty
Package: verbatim 2023-11-06 v1.5v LaTeX2e package for verbatim enhancements
\every@verbatim=\toks47
\verbatim@line=\toks48
\verbatim@in@stream=\read4
)
(/usr/share/texlive/texmf-dist/tex/latex/environ/environ.sty
Package: environ 2014/05/04 v0.3 A new way to define environments

(/usr/share/texlive/texmf-dist/tex/latex/trimspaces/trimspaces.sty
Package: trimspaces 2009/09/17 v1.1 Trim spaces around a token list
))
\tcb@titlebox=\box67
\tcb@upperbox=\box68
\tcb@lowerbox=\box69
\tcb@phantombox=\box70
\c@tcbbreakpart=\count324
\c@tcblayer=\count325
\c@tcolorbox@number=\count326
\l__tcobox_tmpa_box=\box71
\l__tcobox_tmpa_dim=\dimen271
\tcb@temp=\box72
\tcb@temp=\box73
\tcb@temp=\box74
\tcb@temp=\box75

(/usr/share/texlive/texmf-dist/tex/latex/tcolorbox/tcbraster.code.tex
Library (tcolorbox): 'tcbraster.code.tex' version '6.2.0'
\c@tcbrastercolumn=\count327
\c@tcbrasterrow=\count328
\c@tcbrasternum=\count329
\c@tcbraster=\count330
) (/usr/share/texlive/texmf-dist/tex/latex/tcolorbox/tcbskins.code.tex
Library (tcolorbox): 'tcbskins.code.tex' version '6.2.0'
(/usr/share/texlive/texmf-dist/tex/latex/pgf/frontendlayer/tikz.sty
(/usr/share/texlive/texmf-dist/tex/latex/pgf/utilities/pgffor.sty
(/usr/share/texlive/texmf-dist/tex/latex/pgf/utilities/pgfkeys.sty
(/usr/share/texlive/texmf-dist/tex/generic/pgf/utilities/pgfkeys.code.tex))
(/usr/share/texlive/texmf-dist/tex/latex/pgf/math/pgfmath.sty
(/usr/share/texlive/texmf-dist/tex/generic/pgf/math/pgfmath.code.tex))
(/usr/share/texlive/texmf-dist/tex/generic/pgf/utilities/pgffor.code.tex
Package: pgffor 2023-01-15 v3.1.10 (3.1.10)
\pgffor@iter=\dimen272
\pgffor@skip=\dimen273
\pgffor@stack=\toks49
\pgffor@toks=\toks50
))
(/usr/share/texlive/texmf-dist/tex/generic/pgf/frontendlayer/tikz/tikz.code.tex
Package: tikz 2023-01-15 v3.1.10 (3.1.10)

(/usr/share/texlive/texmf-dist/tex/generic/pgf/libraries/pgflibraryplothandlers
.code.tex
File: pgflibraryplothandlers.code.tex 2023-01-15 v3.1.10 (3.1.10)
\pgf@plot@mark@count=\count331
\pgfplotmarksize=\dimen274
)
\tikz@lastx=\dimen275
\tikz@lasty=\dimen276
\tikz@lastxsaved=\dimen277
\tikz@lastysaved=\dimen278
\tikz@lastmovetox=\dimen279
\tikz@lastmovetoy=\dimen280
\tikzleveldistance=\dimen281
\tikzsiblingdistance=\dimen282
\tikz@figbox=\box76
\tikz@figbox@bg=\box77
\tikz@tempbox=\box78
\tikz@tempbox@bg=\box79
\tikztreelevel=\count332
\tikznumberofchildren=\count333
\tikznumberofcurrentchild=\count334
\tikz@fig@count=\count335

(/usr/share/texlive/texmf-dist/tex/generic/pgf/modules/pgfmodulematrix.code.tex
File: pgfmodulematrix.code.tex 2023-01-15 v3.1.10 (3.1.10)
\pgfmatrixcurrentrow=\count336
\pgfmatrixcurrentcolumn=\count337
\pgf@matrix@numberofcolumns=\count338
)
\tikz@expandcount=\count339

(/usr/share/texlive/texmf-dist/tex/generic/pgf/frontendlayer/tikz/libraries/tik
zlibrarytopaths.code.tex
File: tikzlibrarytopaths.code.tex 2023-01-15 v3.1.10 (3.1.10)
)))
(/usr/share/texlive/texmf-dist/tex/latex/tikzfill/tikzfill.image.sty
Package: tikzfill.image 2023/08/08 v1.0.1 Image filling library for TikZ

(/usr/share/texlive/texmf-dist/tex/latex/tikzfill/tikzfill-common.sty
Package: tikzfill-common 2023/08/08 v1.0.1 Auxiliary code for tikzfill
)
(/usr/share/texlive/texmf-dist/tex/latex/tikzfill/tikzlibraryfill.image.code.te
x
File: tikzlibraryfill.image.code.tex 2023/08/08 v1.0.1 Image filling library
\l__tikzfill_img_box=\box80
)) (/usr/share/texlive/texmf-dist/tex/latex/tcolorbox/tcbskinsjigsaw.code.tex
Library (tcolorbox): 'tcbskinsjigsaw.code.tex' version '6.2.0'
)) (/usr/share/texlive/texmf-dist/tex/latex/tcolorbox/tcbbreakable.code.tex
Library (tcolorbox): 'tcbbreakable.code.tex' version '6.2.0'
(/usr/share/texlive/texmf-dist/tex/latex/pdfcol/pdfcol.sty
Package: pdfcol 2022-09-21 v1.7 Handle new color stacks for pdfTeX (HO)

(/usr/share/texlive/texmf-dist/tex/generic/ltxcmds/ltxcmds.sty
Package: ltxcmds 2023-12-04 v1.26 LaTeX kernel commands for general use (HO)
)
(/usr/share/texlive/texmf-dist/tex/generic/infwarerr/infwarerr.sty
Package: infwarerr 2019/12/03 v1.5 Providing info/warning/error messages (HO)
))
Package pdfcol Info: New color stack `tcb@breakable' = 1 on input line 23.
\tcb@testbox=\box81
\tcb@totalupperbox=\box82
\tcb@totallowerbox=\box83

(/usr/share/texlive/texmf-dist/tex/generic/iftex/ifluatex.sty
Package: ifluatex 2019/10/25 v1.5 ifluatex legacy package. Use iftex instead.
))
(/usr/share/texlive/texmf-dist/tex/latex/tcolorbox/tcbhooks.code.tex
Library (tcolorbox): 'tcbhooks.code.tex' version '6.2.0'
) (/usr/share/texlive/texmf-dist/tex/latex/tcolorbox/tcbtheorems.code.tex
Library (tcolorbox): 'tcbtheorems.code.tex' version '6.2.0'
) (/usr/share/texlive/texmf-dist/tex/latex/tcolorbox/tcbfitting.code.tex
Library (tcolorbox): 'tcbfitting.code.tex' version '6.2.0'
\tcbfitdim=\dimen283
\tcb@lowerfitdim=\dimen284
\tcb@upperfitdim=\dimen285
\tcb@cur@hbadness=\count340
) (/usr/share/texlive/texmf-dist/tex/latex/tcolorbox/tcblistingsutf8.code.tex
Library (tcolorbox): 'tcblistingsutf8.code.tex' version '6.2.0'
(/usr/share/texlive/texmf-dist/tex/latex/tcolorbox/tcblistings.code.tex
Library (tcolorbox): 'tcblistings.code.tex' version '6.2.0'
(/usr/share/texlive/texmf-dist/tex/latex/listings/listings.sty
\lst@mode=\count341
\lst@gtempboxa=\box84
\lst@token=\toks51
\lst@length=\count342
\lst@currlwidth=\dimen286
\lst@column=\count343
\lst@pos=\count344
\lst@lostspace=\dimen287
\lst@width=\dimen288
\lst@newlines=\count345
\lst@lineno=\count346
\lst@maxwidth=\dimen289

(/usr/share/texlive/texmf-dist/tex/latex/listings/lstmisc.sty
File: lstmisc.sty 2023/02/27 1.9 (Carsten Heinz)
\c@lstnumber=\count347
\lst@skipnumbers=\count348
\lst@framebox=\box85
)
(/usr/share/texlive/texmf-dist/tex/latex/listings/listings.cfg
File: listings.cfg 2023/02/27 1.9 listings configuration
))
Package: listings 2023/02/27 1.9 (Carsten Heinz)

(/usr/share/texlive/texmf-dist/tex/latex/tcolorbox/tcblistingscore.code.tex
Library (tcolorbox): 'tcblistingscore.code.tex' version '6.2.0'
(/usr/share/texlive/texmf-dist/tex/latex/tcolorbox/tcbprocessing.code.tex
Library (tcolorbox): 'tcbprocessing.code.tex' version '6.2.0'
)
\c@tcblisting=\count349
))
Package tcolorbox Info: Library `listingsutf8' is compatible with pdftex only. 
Library `listings` is loaded instead. on input line 29.
) (/usr/share/texlive/texmf-dist/tex/latex/tcolorbox/tcbexternal.code.tex
Library (tcolorbox): 'tcbexternal.code.tex' version '6.2.0'
) (/usr/share/texlive/texmf-dist/tex/latex/tcolorbox/tcbmagazine.code.tex
Library (tcolorbox): 'tcbmagazine.code.tex' version '6.2.0'
) (/usr/share/texlive/texmf-dist/tex/latex/tcolorbox/tcbvignette.code.tex
Library (tcolorbox): 'tcbvignette.code.tex' version '6.2.0'

(/usr/share/texlive/texmf-dist/tex/generic/pgf/frontendlayer/tikz/libraries/tik
zlibraryfadings.code.tex
File: tikzlibraryfadings.code.tex 2023-01-15 v3.1.10 (3.1.10)

(/usr/share/texlive/texmf-dist/tex/generic/pgf/libraries/pgflibraryfadings.code
.tex
File: pgflibraryfadings.code.tex 2023-01-15 v3.1.10 (3.1.10)
))) (/usr/share/texlive/texmf-dist/tex/latex/tcolorbox/tcbposter.code.tex
Library (tcolorbox): 'tcbposter.code.tex' version '6.2.0'
)) (/usr/share/texlive/texmf-dist/tex/latex/psnfss/pifont.sty
Package: pifont 2020/03/25 PSNFSS-v9.3 Pi font support (SPQR) 
LaTeX Font Info:    Trying to load font information for U+pzd on input line 63.


(/usr/share/texlive/texmf-dist/tex/latex/psnfss/upzd.fd
File: upzd.fd 2001/06/04 font definitions for U/pzd.
)
LaTeX Font Info:    Trying to load font information for U+psy on input line 64.


(/usr/share/texlive/texmf-dist/tex/latex/psnfss/upsy.fd
File: upsy.fd 2001/06/04 font definitions for U/psy.
))
(/usr/share/texlive/texmf-dist/tex/generic/ulem/ulem.sty
\UL@box=\box86
\UL@hyphenbox=\box87
\UL@skip=\skip76
\UL@hook=\toks52
\UL@height=\dimen290
\UL@pe=\count350
\UL@pixel=\dimen291
\ULC@box=\box88
Package: ulem 2019/11/18
\ULdepth=\dimen292
)
\c@nxDefNum=\count351
\c@exo=\count352

(./gabarits/nexus-margin-rail.tex
(/usr/share/texlive/texmf-dist/tex/luatex/luatexbase/luatexbase.sty
Package: luatexbase 2015/10/04 v1.3 luatexbase interface to LuaTeX 

(/usr/share/texlive/texmf-dist/tex/luatex/ctablestack/ctablestack.sty
Package: ctablestack 2015/10/01 v1.0 Catcode table stable support
\@catcodetablestackcnt=\count353
)
\CatcodeTableOther=\catcodetable16
\CatcodeTableExpl=\catcodetable17
)
\c@nxMarginGlobalOrder=\count354
\nxMarginCaptureBox=\box89
\nxMarginReportDecorationBox=\box90
Custom whatsit anchor = 1
Custom whatsit obstacle = 2
Custom whatsit marker-metadata = 3
Inserting `nexus-margin-compositor.capture-anchors' in `pre_shipout_filter'.)
(/usr/share/texlive/texmf-dist/tex/latex/booktabs/booktabs.sty
Package: booktabs 2020/01/12 v1.61803398 Publication quality tables
\heavyrulewidth=\dimen293
\lightrulewidth=\dimen294
\cmidrulewidth=\dimen295
\belowrulesep=\dimen296
\belowbottomsep=\dimen297
\aboverulesep=\dimen298
\abovetopsep=\dimen299
\cmidrulesep=\dimen300
\cmidrulekern=\dimen301
\defaultaddspace=\dimen302
\@cmidla=\count355
\@cmidlb=\count356
\@aboverulesep=\dimen303
\@belowrulesep=\dimen304
\@thisruleclass=\count357
\@lastruleclass=\count358
\@thisrulewidth=\dimen305
)
(/usr/share/texlive/texmf-dist/tex/latex/eurosym/eurosym.sty
Package: eurosym 1998/08/06 v1.1 European currency symbol ``Euro''
\@eurobox=\box91
)
(/usr/share/texlive/texmf-dist/tex/generic/pgf/libraries/pgflibraryarrows.meta.
code.tex
File: pgflibraryarrows.meta.code.tex 2023-01-15 v3.1.10 (3.1.10)
\pgfarrowinset=\dimen306
\pgfarrowlength=\dimen307
\pgfarrowwidth=\dimen308
\pgfarrowlinewidth=\dimen309
)
(/usr/share/texlive/texmf-dist/tex/generic/pgf/frontendlayer/tikz/libraries/tik
zlibrarypositioning.code.tex
File: tikzlibrarypositioning.code.tex 2023-01-15 v3.1.10 (3.1.10)
)
(/usr/share/texlive/texmf-dist/tex/generic/pgf/frontendlayer/tikz/libraries/tik
zlibrarycalc.code.tex
File: tikzlibrarycalc.code.tex 2023-01-15 v3.1.10 (3.1.10)
)
(/usr/share/texlive/texmf-dist/tex/generic/pgf/frontendlayer/tikz/libraries/tik
zlibrarybackgrounds.code.tex
File: tikzlibrarybackgrounds.code.tex 2023-01-15 v3.1.10 (3.1.10)
\pgf@layerbox@background=\box92
\pgf@layerboxsaved@background=\box93
)
\nxBandHeight=\skip77
\nxTitreChapBox=\box94
\nxTitreChapHeight=\skip78
 (./gabarits/nexus-icons.tex
\nxIconSize=\skip79
)
(./gabarits/nexus-figures.tex
(/usr/share/texlive/texmf-dist/tex/latex/pgfplots/pgfplots.sty
(/usr/share/texlive/texmf-dist/tex/generic/pgfplots/pgfplots.revision.tex)
Package: pgfplots 2021/05/15 v1.18.1 Data Visualization (1.18.1)

(/usr/share/texlive/texmf-dist/tex/generic/pgfplots/pgfplots.code.tex
(/usr/share/texlive/texmf-dist/tex/generic/pgfplots/pgfplotscore.code.tex
Package pgfplots info on input line 124: Initializing with LUA version Lua 5.3
\pgfplots@luabackend@table=\catcodetable18
\t@pgfplots@toka=\toks53
\t@pgfplots@tokb=\toks54
\t@pgfplots@tokc=\toks55
\pgfplots@tmpa=\dimen310
\c@pgfplots@coordindex=\count359
\c@pgfplots@scanlineindex=\count360

(/usr/share/texlive/texmf-dist/tex/generic/pgfplots/sys/pgfplotssysgeneric.code
.tex))
(/usr/share/texlive/texmf-dist/tex/generic/pgfplots/libs/pgfplotslibrary.code.t
ex)
(/usr/share/texlive/texmf-dist/tex/generic/pgfplots/oldpgfcompatib/pgfplotsoldp
gfsupp_loader.code.tex
(/usr/share/texlive/texmf-dist/tex/generic/pgf/libraries/pgflibraryfpu.code.tex
)
Package pgfplots: loading complementary utilities for your pgf version...
\t@pgf@toka=\toks56
\t@pgf@tokb=\toks57
\t@pgf@tokc=\toks58

(/usr/share/texlive/texmf-dist/tex/generic/pgfplots/oldpgfcompatib/pgfplotsoldp
gfsupp_pgfutil-common-lists.tex)
(/usr/share/texlive/texmf-dist/tex/generic/pgf/libraries/luamath/pgflibraryluam
ath.code.tex)
Package pgfplots info on input line 290: luamath library shipped with pgf 3.1.1
0 is up-to-date
)
(/usr/share/texlive/texmf-dist/tex/generic/pgfplots/util/pgfplotsutil.code.tex
Package pgfplots info on input line 82: Found new luatex: initializing lua comm
ands instead of write18 (shell-escape)

(/usr/share/texlive/texmf-dist/tex/generic/pgfplots/liststructure/pgfplotslists
tructure.code.tex)
(/usr/share/texlive/texmf-dist/tex/generic/pgfplots/liststructure/pgfplotslists
tructureext.code.tex)
(/usr/share/texlive/texmf-dist/tex/generic/pgfplots/liststructure/pgfplotsarray
.code.tex
\c@pgfplotsarray@tmp=\count361
)
(/usr/share/texlive/texmf-dist/tex/generic/pgfplots/liststructure/pgfplotsmatri
x.code.tex)
(/usr/share/texlive/texmf-dist/tex/generic/pgfplots/numtable/pgfplotstableshare
d.code.tex
\c@pgfplotstable@counta=\count362
\t@pgfplotstable@a=\toks59
)
(/usr/share/texlive/texmf-dist/tex/generic/pgfplots/liststructure/pgfplotsdeque
.code.tex)
(/usr/share/texlive/texmf-dist/tex/generic/pgfplots/util/pgfplotsbinary.code.te
x
(/usr/share/texlive/texmf-dist/tex/generic/pgfplots/util/pgfplotsbinary.data.co
de.tex))
(/usr/share/texlive/texmf-dist/tex/generic/pgfplots/util/pgfplotsutil.verb.code
.tex)
(/usr/share/texlive/texmf-dist/tex/generic/pgfplots/libs/pgflibrarypgfplots.sur
fshading.code.tex
\c@pgfplotslibrarysurf@no=\count363

(/usr/share/texlive/texmf-dist/tex/generic/pgfplots/sys/pgflibrarypgfplots.surf
shading.pgfsys-luatex.def)))
(/usr/share/texlive/texmf-dist/tex/generic/pgfplots/util/pgfplotscolormap.code.
tex
(/usr/share/texlive/texmf-dist/tex/generic/pgfplots/util/pgfplotscolor.code.tex
))
(/usr/share/texlive/texmf-dist/tex/generic/pgfplots/pgfplotsstackedplots.code.t
ex)
(/usr/share/texlive/texmf-dist/tex/generic/pgfplots/pgfplotsplothandlers.code.t
ex
(/usr/share/texlive/texmf-dist/tex/generic/pgfplots/pgfplotsmeshplothandler.cod
e.tex
(/usr/share/texlive/texmf-dist/tex/generic/pgfplots/pgfplotsmeshplotimage.code.
tex)))
(/usr/share/texlive/texmf-dist/tex/generic/pgfplots/pgfplots.scaling.code.tex)
(/usr/share/texlive/texmf-dist/tex/generic/pgfplots/pgfplotscoordprocessing.cod
e.tex)
(/usr/share/texlive/texmf-dist/tex/generic/pgfplots/pgfplots.errorbars.code.tex
) (/usr/share/texlive/texmf-dist/tex/generic/pgfplots/pgfplots.markers.code.tex
) (/usr/share/texlive/texmf-dist/tex/generic/pgfplots/pgfplotsticks.code.tex)
(/usr/share/texlive/texmf-dist/tex/generic/pgfplots/pgfplots.paths.code.tex)
(/usr/share/texlive/texmf-dist/tex/generic/pgf/frontendlayer/tikz/libraries/tik
zlibrarydecorations.code.tex
(/usr/share/texlive/texmf-dist/tex/generic/pgf/modules/pgfmoduledecorations.cod
e.tex
\pgfdecoratedcompleteddistance=\dimen311
\pgfdecoratedremainingdistance=\dimen312
\pgfdecoratedinputsegmentcompleteddistance=\dimen313
\pgfdecoratedinputsegmentremainingdistance=\dimen314
\pgf@decorate@distancetomove=\dimen315
\pgf@decorate@repeatstate=\count364
\pgfdecorationsegmentamplitude=\dimen316
\pgfdecorationsegmentlength=\dimen317
)
\tikz@lib@dec@box=\box95
)
(/usr/share/texlive/texmf-dist/tex/generic/pgf/frontendlayer/tikz/libraries/tik
zlibrarydecorations.pathmorphing.code.tex
(/usr/share/texlive/texmf-dist/tex/generic/pgf/libraries/decorations/pgflibrary
decorations.pathmorphing.code.tex))
(/usr/share/texlive/texmf-dist/tex/generic/pgf/frontendlayer/tikz/libraries/tik
zlibrarydecorations.pathreplacing.code.tex
(/usr/share/texlive/texmf-dist/tex/generic/pgf/libraries/decorations/pgflibrary
decorations.pathreplacing.code.tex))
(/usr/share/texlive/texmf-dist/tex/generic/pgfplots/libs/tikzlibrarypgfplots.co
ntourlua.code.tex)
\pgfplots@numplots=\count365
\pgfplots@xmin@reg=\dimen318
\pgfplots@xmax@reg=\dimen319
\pgfplots@ymin@reg=\dimen320
\pgfplots@ymax@reg=\dimen321
\pgfplots@zmin@reg=\dimen322
\pgfplots@zmax@reg=\dimen323
)
(/usr/share/texlive/texmf-dist/tex/generic/pgf/frontendlayer/tikz/libraries/tik
zlibraryplotmarks.code.tex
File: tikzlibraryplotmarks.code.tex 2023-01-15 v3.1.10 (3.1.10)

(/usr/share/texlive/texmf-dist/tex/generic/pgf/libraries/pgflibraryplotmarks.co
de.tex
File: pgflibraryplotmarks.code.tex 2023-01-15 v3.1.10 (3.1.10)
)))
(/usr/share/texlive/texmf-dist/tex/generic/pgf/frontendlayer/tikz/libraries/tik
zlibraryintersections.code.tex
(/usr/share/texlive/texmf-dist/tex/generic/pgf/libraries/pgflibraryintersection
s.code.tex
\pgf@intersect@solutions=\count366
))
\c@nxfig=\count367
) (./gabarits/nexus-signatures.tex
(/usr/share/texlive/texmf-dist/tex/generic/pgf/frontendlayer/tikz/libraries/tik
zlibrarydecorations.markings.code.tex
(/usr/share/texlive/texmf-dist/tex/generic/pgf/libraries/decorations/pgflibrary
decorations.markings.code.tex))
\c@nxChapNum=\count368
\nxOngletHauteur=\skip80
\nxOngletLargeur=\skip81
\nxOngletTextBox=\box96
\nxOngletTextHeight=\skip82
\nxOngletHalfTextHeight=\skip83
\nxOngletVerticalShift=\skip84
\nxOngletHalfLargeur=\skip85
) (./gabarits/nexus-code.tex)
(./gabarits/nexus-figures-nsi.tex
(/usr/share/texlive/texmf-dist/tex/generic/pgf/frontendlayer/tikz/libraries/tik
zlibrarymatrix.code.tex
File: tikzlibrarymatrix.code.tex 2023-01-15 v3.1.10 (3.1.10)
)
(/usr/share/texlive/texmf-dist/tex/generic/pgf/frontendlayer/tikz/libraries/tik
zlibraryshapes.multipart.code.tex
File: tikzlibraryshapes.multipart.code.tex 2023-01-15 v3.1.10 (3.1.10)

(/usr/share/texlive/texmf-dist/tex/generic/pgf/libraries/shapes/pgflibraryshape
s.multipart.code.tex
File: pgflibraryshapes.multipart.code.tex 2023-01-15 v3.1.10 (3.1.10)
\pgfnodepartlowerbox=\box97
\pgfnodeparttwobox=\box98
\pgfnodepartthreebox=\box99
\pgfnodepartfourbox=\box100
\pgfnodeparttwentybox=\box101
\pgfnodepartnineteenbox=\box102
\pgfnodeparteighteenbox=\box103
\pgfnodepartseventeenbox=\box104
\pgfnodepartsixteenbox=\box105
\pgfnodepartfifteenbox=\box106
\pgfnodepartfourteenbox=\box107
\pgfnodepartthirteenbox=\box108
\pgfnodeparttwelvebox=\box109
\pgfnodepartelevenbox=\box110
\pgfnodeparttenbox=\box111
\pgfnodepartninebox=\box112
\pgfnodeparteightbox=\box113
\pgfnodepartsevenbox=\box114
\pgfnodepartsixbox=\box115
\pgfnodepartfivebox=\box116
))
(/usr/share/texlive/texmf-dist/tex/generic/pgf/frontendlayer/tikz/libraries/tik
zlibrarytrees.code.tex
File: tikzlibrarytrees.code.tex 2023-01-15 v3.1.10 (3.1.10)
)))
Package csquotes Info: Checking for multilingual support...
Package csquotes Info: ... found 'babel' package.
Package csquotes Info: Adjusting default style.
Package csquotes Info: Redefining alias 'default' -> 'french'.

(/home/alaeddine/Documents/Manuels_Nexus/.worktrees/finalisation-collection-v1/
Mathematiques/manuel-maths/build/MANUEL_TCOMPL/.MANUEL_TCOMPL_eleve.5ffec107c79
b1f62605dd84baa4d6841.run/MANUEL_TCOMPL_eleve.aux)
\openout1 = MANUEL_TCOMPL_eleve.aux

LaTeX Font Info:    Checking defaults for OML/cmm/m/it on input line 9.
LaTeX Font Info:    ... okay on input line 9.
LaTeX Font Info:    Checking defaults for OMS/cmsy/m/n on input line 9.
LaTeX Font Info:    ... okay on input line 9.
LaTeX Font Info:    Checking defaults for OT1/cmr/m/n on input line 9.
LaTeX Font Info:    ... okay on input line 9.
LaTeX Font Info:    Checking defaults for T1/cmr/m/n on input line 9.
LaTeX Font Info:    ... okay on input line 9.
LaTeX Font Info:    Checking defaults for TS1/cmr/m/n on input line 9.
LaTeX Font Info:    ... okay on input line 9.
LaTeX Font Info:    Checking defaults for TU/lmr/m/n on input line 9.
LaTeX Font Info:    ... okay on input line 9.
LaTeX Font Info:    Checking defaults for OMX/cmex/m/n on input line 9.
LaTeX Font Info:    ... okay on input line 9.
LaTeX Font Info:    Checking defaults for U/cmr/m/n on input line 9.
LaTeX Font Info:    ... okay on input line 9.
Package french.ldf Info: Setting StandardItemizeEnv=true for
(french.ldf)             compatibility with enumitem package,
(french.ldf)             reported on input line 9.
Package french.ldf Info: Setting StandardEnumerateEnv=true for
(french.ldf)             compatibility with enumitem package,
(french.ldf)             reported on input line 9.
LaTeX Info: Redefining \up on input line 9.
LaTeX Info: Redefining \microtypecontext on input line 9.
Package microtype Info: Applying patch `item' on input line 9.
Package microtype Info: Applying patch `toc' on input line 9.
Package microtype Info: Applying patch `eqnum' on input line 9.
Package microtype Info: Applying patch `footnote' on input line 9.
Package microtype Info: Applying patch `verbatim' on input line 9.
Package microtype Info: Generating PDF output.
Package microtype Info: Character protrusion enabled (level 2).
Package microtype Info: Using default protrusion set `alltext'.
Package microtype Info: Automatic font expansion enabled (level 2),
(microtype)             stretch: 20, shrink: 20, step: 1, non-selected.
Package microtype Info: Using default expansion set `alltext-nott'.
LaTeX Info: Redefining \showhyphens on input line 9.
Package microtype Info: Tracking enabled.
Package microtype Info: Using default tracking set `smallcaps'.
Package microtype Info: No adjustment of spacing.
Package microtype Info: No adjustment of kerning.

(/usr/share/texlive/texmf-dist/tex/latex/microtype/mt-Palatino.cfg
File: mt-Palatino.cfg 2012/03/10 v1.0 microtype config. file: Palatino and simi
lar fonts (LBD)
)
Package microtype Info: Character `ﬆ' is missing
(microtype)             in font `TU/TeXGyrePagella(0)/m/n/9.5'.
(microtype)             Ignoring protrusion settings for this character.
Package microtype Info: Character `ﬅ' is missing
(microtype)             in font `TU/TeXGyrePagella(0)/m/n/9.5'.
(microtype)             Ignoring protrusion settings for this character.
Package microtype Info: Character `‥' is missing
(microtype)             in font `TU/TeXGyrePagella(0)/m/n/9.5'.
(microtype)             Ignoring protrusion settings for this character.
Package microtype Info: Character `‼' is missing
(microtype)             in font `TU/TeXGyrePagella(0)/m/n/9.5'.
(microtype)             Ignoring protrusion settings for this character.
Package microtype Info: Character `⁰' is missing
(microtype)             in font `TU/TeXGyrePagella(0)/m/n/9.5'.
(microtype)             Ignoring protrusion settings for this character.
Package microtype Info: Character `⁴' is missing
(microtype)             in font `TU/TeXGyrePagella(0)/m/n/9.5'.
(microtype)             Ignoring protrusion settings for this character.
Package microtype Info: Character `⁵' is missing
(microtype)             in font `TU/TeXGyrePagella(0)/m/n/9.5'.
(microtype)             Ignoring protrusion settings for this character.
Package microtype Info: Character `⁶' is missing
(microtype)             in font `TU/TeXGyrePagella(0)/m/n/9.5'.
(microtype)             Ignoring protrusion settings for this character.
Package microtype Info: Character `⁷' is missing
(microtype)             in font `TU/TeXGyrePagella(0)/m/n/9.5'.
(microtype)             Ignoring protrusion settings for this character.
Package microtype Info: Character `⁸' is missing
(microtype)             in font `TU/TeXGyrePagella(0)/m/n/9.5'.
(microtype)             Ignoring protrusion settings for this character.
Package microtype Info: Character `⁹' is missing
(microtype)             in font `TU/TeXGyrePagella(0)/m/n/9.5'.
(microtype)             Ignoring protrusion settings for this character.
Package microtype Info: Character `₀' is missing
(microtype)             in font `TU/TeXGyrePagella(0)/m/n/9.5'.
(microtype)             Ignoring protrusion settings for this character.
Package microtype Info: Character `₁' is missing
(microtype)             in font `TU/TeXGyrePagella(0)/m/n/9.5'.
(microtype)             Ignoring protrusion settings for this character.
Package microtype Info: Character `₂' is missing
(microtype)             in font `TU/TeXGyrePagella(0)/m/n/9.5'.
(microtype)             Ignoring protrusion settings for this character.
Package microtype Info: Character `₃' is missing
(microtype)             in font `TU/TeXGyrePagella(0)/m/n/9.5'.
(microtype)             Ignoring protrusion settings for this character.
Package microtype Info: Character `₄' is missing
(microtype)             in font `TU/TeXGyrePagella(0)/m/n/9.5'.
(microtype)             Ignoring protrusion settings for this character.
Package microtype Info: Character `₅' is missing
(microtype)             in font `TU/TeXGyrePagella(0)/m/n/9.5'.
(microtype)             Ignoring protrusion settings for this character.
Package microtype Info: Character `₆' is missing
(microtype)             in font `TU/TeXGyrePagella(0)/m/n/9.5'.
(microtype)             Ignoring protrusion settings for this character.
Package microtype Info: Character `₇' is missing
(microtype)             in font `TU/TeXGyrePagella(0)/m/n/9.5'.
(microtype)             Ignoring protrusion settings for this character.
Package microtype Info: Character `₈' is missing
(microtype)             in font `TU/TeXGyrePagella(0)/m/n/9.5'.
(microtype)             Ignoring protrusion settings for this character.
Package microtype Info: Character `₉' is missing
(microtype)             in font `TU/TeXGyrePagella(0)/m/n/9.5'.
(microtype)             Ignoring protrusion settings for this character.
Package microtype Info: Character `₊' is missing
(microtype)             in font `TU/TeXGyrePagella(0)/m/n/9.5'.
(microtype)             Ignoring protrusion settings for this character.
Package microtype Info: Character `₋' is missing
(microtype)             in font `TU/TeXGyrePagella(0)/m/n/9.5'.
(microtype)             Ignoring protrusion settings for this character.
Package microtype Info: Character `⁺' is missing
(microtype)             in font `TU/TeXGyrePagella(0)/m/n/9.5'.
(microtype)             Ignoring protrusion settings for this character.
Package microtype Info: Character `⁻' is missing
(microtype)             in font `TU/TeXGyrePagella(0)/m/n/9.5'.
(microtype)             Ignoring protrusion settings for this character.

(/usr/share/texlive/texmf-dist/tex/context/base/mkii/supp-pdf.mkii
[Loading MPS to PDF converter (version 2006.09.02).]
\scratchcounter=\count369
\scratchdimen=\dimen324
\scratchbox=\box117
\nofMPsegments=\count370
\nofMParguments=\count371
\everyMPshowfont=\toks60
\MPscratchCnt=\count372
\MPscratchDim=\dimen325
\MPnumerator=\count373
\makeMPintoPDFobject=\count374
\everyMPtoPDFconversion=\toks61
) (/usr/share/texlive/texmf-dist/tex/latex/epstopdf-pkg/epstopdf-base.sty
Package: epstopdf-base 2020-01-24 v2.11 Base part for package epstopdf
Package epstopdf-base Info: Redefining graphics rule for `.eps' on input line 4
85.

(/usr/share/texlive/texmf-dist/tex/latex/latexconfig/epstopdf-sys.cfg
File: epstopdf-sys.cfg 2010/07/13 v1.3 Configuration of (r)epstopdf for TeX Liv
e
))
*geometry* driver: auto-detecting
*geometry* detected driver: luatex
*geometry* verbose mode - [ preamble ] result:
* driver: luatex
* paper: a4paper
* layout: <same size as paper>
* layoutoffset:(h,v)=(0.0pt,0.0pt)
* modes: twoside 
* h-part:(L,W,R)=(56.9055pt, 415.41043pt, 125.19194pt)
* v-part:(T,H,B)=(68.28644pt, 702.78308pt, 73.97733pt)
* \paperwidth=597.50787pt
* \paperheight=845.04684pt
* \textwidth=415.41043pt
* \textheight=702.78308pt
* \oddsidemargin=-15.36449pt
* \evensidemargin=52.92195pt
* \topmargin=-38.15034pt
* \headheight=14.24995pt
* \headsep=19.91684pt
* \topskip=9.5pt
* \footskip=39.89987pt
* \marginparwidth=79.6678pt
* \marginparsep=12.80365pt
* \columnsep=10.0pt
* \skip\footins=8.54997pt plus 3.79958pt minus 1.90039pt
* \hoffset=0.0pt
* \voffset=0.0pt
* \mag=1000
* \@twocolumnfalse
* \@twosidetrue
* \@mparswitchtrue
* \@reversemarginfalse
* (1in=72.27pt=25.4mm, 1cm=28.453pt)

\c@lstlisting=\count375
LaTeX Font Info:    Font shape `TU/TeXGyreHeros(0)/m/n' will be
(Font)              scaled to size 8.93002pt on input line 9.
Package microtype Info: Loading generic protrusion settings for font family
(microtype)             `TeXGyreHeros' (encoding: TU).
(microtype)             For optimal results, create family-specific settings.
(microtype)             See the microtype manual for details.
LaTeX Font Info:    Font shape `TU/TeXGyreHeros(0)/m/n' will be
(Font)              scaled to size 6.11002pt on input line 9.
NEXUS-MARGIN-REPORT-DECORATION-SP:1170548
Package pgfplots notification 'compat/show suggested version=true': document ha
s been generated with the most recent feature set (\pgfplotsset{compat=1.18}).

NEXUS_BUILD_RUN:5ffec107c79b1f62605dd84baa4d6841
LaTeX Font Info:    Font shape `TU/TeXGyreHeros(0)/b/n' will be
(Font)              scaled to size 8.93002pt on input line 11.
LaTeX Font Info:    Font shape `TU/TeXGyreHeros(0)/b/n' will be
(Font)              scaled to size 15.43105pt on input line 11.
LaTeX Font Info:    Font shape `TU/TeXGyreHeros(0)/b/n' will be
(Font)              scaled to size 20.68005pt on input line 11.
Package tocbasic Info: character protrusion at toc deactivated on input line 11
.

(/home/alaeddine/Documents/Manuels_Nexus/.worktrees/finalisation-collection-v1/
Mathematiques/manuel-maths/build/MANUEL_TCOMPL/.MANUEL_TCOMPL_eleve.5ffec107c79
b1f62605dd84baa4d6841.run/MANUEL_TCOMPL_eleve.toc
Package microtype Info: Loading generic protrusion settings for font family
(microtype)             `TeXGyrePagellaMath' (encoding: TU).
(microtype)             For optimal results, create family-specific settings.
(microtype)             See the microtype manual for details.

(/usr/share/texlive/texmf-dist/tex/latex/microtype/mt-msa.cfg
File: mt-msa.cfg 2006/02/04 v1.1 microtype config. file: AMS symbols (a) (RS)
)
(/usr/share/texlive/texmf-dist/tex/latex/microtype/mt-msb.cfg
File: mt-msb.cfg 2005/06/01 v1.0 microtype config. file: AMS symbols (b) (RS)
))
\tf@toc=\write4

\openout4 = MANUEL_TCOMPL_eleve.toc
LaTeX Font Info:    Font shape `TU/TeXGyrePagella(0)/m/sl' in size <9.5> not av
ailable
(Font)              Font shape `TU/TeXGyrePagella(0)/m/it' tried instead on inp
ut line 12.
Package microtype Info: Character `‥' is missing
(microtype)             in font `TU/TeXGyrePagella(0)/m/it/9.5'.
(microtype)             Ignoring protrusion settings for this character.
Package microtype Info: Character `⁰' is missing
(microtype)             in font `TU/TeXGyrePagella(0)/m/it/9.5'.
(microtype)             Ignoring protrusion settings for this character.
Package microtype Info: Character `⁴' is missing
(microtype)             in font `TU/TeXGyrePagella(0)/m/it/9.5'.
(microtype)             Ignoring protrusion settings for this character.
Package microtype Info: Character `⁵' is missing
(microtype)             in font `TU/TeXGyrePagella(0)/m/it/9.5'.
(microtype)             Ignoring protrusion settings for this character.
Package microtype Info: Character `⁶' is missing
(microtype)             in font `TU/TeXGyrePagella(0)/m/it/9.5'.
(microtype)             Ignoring protrusion settings for this character.
Package microtype Info: Character `⁷' is missing
(microtype)             in font `TU/TeXGyrePagella(0)/m/it/9.5'.
(microtype)             Ignoring protrusion settings for this character.
Package microtype Info: Character `⁸' is missing
(microtype)             in font `TU/TeXGyrePagella(0)/m/it/9.5'.
(microtype)             Ignoring protrusion settings for this character.
Package microtype Info: Character `⁹' is missing
(microtype)             in font `TU/TeXGyrePagella(0)/m/it/9.5'.
(microtype)             Ignoring protrusion settings for this character.
Package microtype Info: Character `₀' is missing
(microtype)             in font `TU/TeXGyrePagella(0)/m/it/9.5'.
(microtype)             Ignoring protrusion settings for this character.
Package microtype Info: Character `₁' is missing
(microtype)             in font `TU/TeXGyrePagella(0)/m/it/9.5'.
(microtype)             Ignoring protrusion settings for this character.
Package microtype Info: Character `₂' is missing
(microtype)             in font `TU/TeXGyrePagella(0)/m/it/9.5'.
(microtype)             Ignoring protrusion settings for this character.
Package microtype Info: Character `₃' is missing
(microtype)             in font `TU/TeXGyrePagella(0)/m/it/9.5'.
(microtype)             Ignoring protrusion settings for this character.
Package microtype Info: Character `₄' is missing
(microtype)             in font `TU/TeXGyrePagella(0)/m/it/9.5'.
(microtype)             Ignoring protrusion settings for this character.
Package microtype Info: Character `₅' is missing
(microtype)             in font `TU/TeXGyrePagella(0)/m/it/9.5'.
(microtype)             Ignoring protrusion settings for this character.
Package microtype Info: Character `₆' is missing
(microtype)             in font `TU/TeXGyrePagella(0)/m/it/9.5'.
(microtype)             Ignoring protrusion settings for this character.
Package microtype Info: Character `₇' is missing
(microtype)             in font `TU/TeXGyrePagella(0)/m/it/9.5'.
(microtype)             Ignoring protrusion settings for this character.
Package microtype Info: Character `₈' is missing
(microtype)             in font `TU/TeXGyrePagella(0)/m/it/9.5'.
(microtype)             Ignoring protrusion settings for this character.
Package microtype Info: Character `₉' is missing
(microtype)             in font `TU/TeXGyrePagella(0)/m/it/9.5'.
(microtype)             Ignoring protrusion settings for this character.
Package microtype Info: Character `₊' is missing
(microtype)             in font `TU/TeXGyrePagella(0)/m/it/9.5'.
(microtype)             Ignoring protrusion settings for this character.
Package microtype Info: Character `₋' is missing
(microtype)             in font `TU/TeXGyrePagella(0)/m/it/9.5'.
(microtype)             Ignoring protrusion settings for this character.
Package microtype Info: Character `⁺' is missing
(microtype)             in font `TU/TeXGyrePagella(0)/m/it/9.5'.
(microtype)             Ignoring protrusion settings for this character.
Package microtype Info: Character `⁻' is missing
(microtype)             in font `TU/TeXGyrePagella(0)/m/it/9.5'.
(microtype)             Ignoring protrusion settings for this character.
 [1


{/var/lib/texmf/fonts/map/pdftex/updmap/pdftex.map}]
LaTeX Font Info:    Font shape `TU/TeXGyreHeros(0)/b/n' will be
(Font)              scaled to size 25.38007pt on input line 23.
LaTeX Font Info:    Font shape `TU/TeXGyreHeros(0)/b/n' will be
(Font)              scaled to size 8.1487pt on input line 23.
LaTeX Font Info:    Calculating math sizes for size <8.66881> on input line 23.

LaTeX Font Info:    Font shape `TU/TeXGyreHeros(0)/b/n' will be
(Font)              scaled to size 197.40051pt on input line 23.
LaTeX Font Info:    Font shape `TU/TeXGyreHeros(0)/b/n' will be
(Font)              scaled to size 14.10004pt on input line 23.
LaTeX Font Info:    Font shape `TU/TeXGyreHeros(0)/b/n' will be
(Font)              scaled to size 10.71599pt on input line 23.
Package microtype Info: Character `ﬆ' is missing
(microtype)             in font `TU/TeXGyrePagella(0)/m/n/8.66881'.
(microtype)             Ignoring protrusion settings for this character.
Package microtype Info: Character `ﬅ' is missing
(microtype)             in font `TU/TeXGyrePagella(0)/m/n/8.66881'.
(microtype)             Ignoring protrusion settings for this character.
Package microtype Info: Character `‥' is missing
(microtype)             in font `TU/TeXGyrePagella(0)/m/n/8.66881'.
(microtype)             Ignoring protrusion settings for this character.
Package microtype Info: Character `‼' is missing
(microtype)             in font `TU/TeXGyrePagella(0)/m/n/8.66881'.
(microtype)             Ignoring protrusion settings for this character.
Package microtype Info: Character `⁰' is missing
(microtype)             in font `TU/TeXGyrePagella(0)/m/n/8.66881'.
(microtype)             Ignoring protrusion settings for this character.
Package microtype Info: Character `⁴' is missing
(microtype)             in font `TU/TeXGyrePagella(0)/m/n/8.66881'.
(microtype)             Ignoring protrusion settings for this character.
Package microtype Info: Character `⁵' is missing
(microtype)             in font `TU/TeXGyrePagella(0)/m/n/8.66881'.
(microtype)             Ignoring protrusion settings for this character.
Package microtype Info: Character `⁶' is missing
(microtype)             in font `TU/TeXGyrePagella(0)/m/n/8.66881'.
(microtype)             Ignoring protrusion settings for this character.
Package microtype Info: Character `⁷' is missing
(microtype)             in font `TU/TeXGyrePagella(0)/m/n/8.66881'.
(microtype)             Ignoring protrusion settings for this character.
Package microtype Info: Character `⁸' is missing
(microtype)             in font `TU/TeXGyrePagella(0)/m/n/8.66881'.
(microtype)             Ignoring protrusion settings for this character.
Package microtype Info: Character `⁹' is missing
(microtype)             in font `TU/TeXGyrePagella(0)/m/n/8.66881'.
(microtype)             Ignoring protrusion settings for this character.
Package microtype Info: Character `₀' is missing
(microtype)             in font `TU/TeXGyrePagella(0)/m/n/8.66881'.
(microtype)             Ignoring protrusion settings for this character.
Package microtype Info: Character `₁' is missing
(microtype)             in font `TU/TeXGyrePagella(0)/m/n/8.66881'.
(microtype)             Ignoring protrusion settings for this character.
Package microtype Info: Character `₂' is missing
(microtype)             in font `TU/TeXGyrePagella(0)/m/n/8.66881'.
(microtype)             Ignoring protrusion settings for this character.
Package microtype Info: Character `₃' is missing
(microtype)             in font `TU/TeXGyrePagella(0)/m/n/8.66881'.
(microtype)             Ignoring protrusion settings for this character.
Package microtype Info: Character `₄' is missing
(microtype)             in font `TU/TeXGyrePagella(0)/m/n/8.66881'.
(microtype)             Ignoring protrusion settings for this character.
Package microtype Info: Character `₅' is missing
(microtype)             in font `TU/TeXGyrePagella(0)/m/n/8.66881'.
(microtype)             Ignoring protrusion settings for this character.
Package microtype Info: Character `₆' is missing
(microtype)             in font `TU/TeXGyrePagella(0)/m/n/8.66881'.
(microtype)             Ignoring protrusion settings for this character.
Package microtype Info: Character `₇' is missing
(microtype)             in font `TU/TeXGyrePagella(0)/m/n/8.66881'.
(microtype)             Ignoring protrusion settings for this character.
Package microtype Info: Character `₈' is missing
(microtype)             in font `TU/TeXGyrePagella(0)/m/n/8.66881'.
(microtype)             Ignoring protrusion settings for this character.
Package microtype Info: Character `₉' is missing
(microtype)             in font `TU/TeXGyrePagella(0)/m/n/8.66881'.
(microtype)             Ignoring protrusion settings for this character.
Package microtype Info: Character `₊' is missing
(microtype)             in font `TU/TeXGyrePagella(0)/m/n/8.66881'.
(microtype)             Ignoring protrusion settings for this character.
Package microtype Info: Character `₋' is missing
(microtype)             in font `TU/TeXGyrePagella(0)/m/n/8.66881'.
(microtype)             Ignoring protrusion settings for this character.
Package microtype Info: Character `⁺' is missing
(microtype)             in font `TU/TeXGyrePagella(0)/m/n/8.66881'.
(microtype)             Ignoring protrusion settings for this character.
Package microtype Info: Character `⁻' is missing
(microtype)             in font `TU/TeXGyrePagella(0)/m/n/8.66881'.
(microtype)             Ignoring protrusion settings for this character.
Package microtype Info: Character `ﬆ' is missing
(microtype)             in font `TU/TeXGyrePagella(0)/b/n/9.5'.
(microtype)             Ignoring protrusion settings for this character.
Package microtype Info: Character `ﬅ' is missing
(microtype)             in font `TU/TeXGyrePagella(0)/b/n/9.5'.
(microtype)             Ignoring protrusion settings for this character.
Package microtype Info: Character `‥' is missing
(microtype)             in font `TU/TeXGyrePagella(0)/b/n/9.5'.
(microtype)             Ignoring protrusion settings for this character.
Package microtype Info: Character `‼' is missing
(microtype)             in font `TU/TeXGyrePagella(0)/b/n/9.5'.
(microtype)             Ignoring protrusion settings for this character.
Package microtype Info: Character `⁰' is missing
(microtype)             in font `TU/TeXGyrePagella(0)/b/n/9.5'.
(microtype)             Ignoring protrusion settings for this character.
Package microtype Info: Character `⁴' is missing
(microtype)             in font `TU/TeXGyrePagella(0)/b/n/9.5'.
(microtype)             Ignoring protrusion settings for this character.
Package microtype Info: Character `⁵' is missing
(microtype)             in font `TU/TeXGyrePagella(0)/b/n/9.5'.
(microtype)             Ignoring protrusion settings for this character.
Package microtype Info: Character `⁶' is missing
(microtype)             in font `TU/TeXGyrePagella(0)/b/n/9.5'.
(microtype)             Ignoring protrusion settings for this character.
Package microtype Info: Character `⁷' is missing
(microtype)             in font `TU/TeXGyrePagella(0)/b/n/9.5'.
(microtype)             Ignoring protrusion settings for this character.
Package microtype Info: Character `⁸' is missing
(microtype)             in font `TU/TeXGyrePagella(0)/b/n/9.5'.
(microtype)             Ignoring protrusion settings for this character.
Package microtype Info: Character `⁹' is missing
(microtype)             in font `TU/TeXGyrePagella(0)/b/n/9.5'.
(microtype)             Ignoring protrusion settings for this character.
Package microtype Info: Character `₀' is missing
(microtype)             in font `TU/TeXGyrePagella(0)/b/n/9.5'.
(microtype)             Ignoring protrusion settings for this character.
Package microtype Info: Character `₁' is missing
(microtype)             in font `TU/TeXGyrePagella(0)/b/n/9.5'.
(microtype)             Ignoring protrusion settings for this character.
Package microtype Info: Character `₂' is missing
(microtype)             in font `TU/TeXGyrePagella(0)/b/n/9.5'.
(microtype)             Ignoring protrusion settings for this character.
Package microtype Info: Character `₃' is missing
(microtype)             in font `TU/TeXGyrePagella(0)/b/n/9.5'.
(microtype)             Ignoring protrusion settings for this character.
Package microtype Info: Character `₄' is missing
(microtype)             in font `TU/TeXGyrePagella(0)/b/n/9.5'.
(microtype)             Ignoring protrusion settings for this character.
Package microtype Info: Character `₅' is missing
(microtype)             in font `TU/TeXGyrePagella(0)/b/n/9.5'.
(microtype)             Ignoring protrusion settings for this character.
Package microtype Info: Character `₆' is missing
(microtype)             in font `TU/TeXGyrePagella(0)/b/n/9.5'.
(microtype)             Ignoring protrusion settings for this character.
Package microtype Info: Character `₇' is missing
(microtype)             in font `TU/TeXGyrePagella(0)/b/n/9.5'.
(microtype)             Ignoring protrusion settings for this character.
Package microtype Info: Character `₈' is missing
(microtype)             in font `TU/TeXGyrePagella(0)/b/n/9.5'.
(microtype)             Ignoring protrusion settings for this character.
Package microtype Info: Character `₉' is missing
(microtype)             in font `TU/TeXGyrePagella(0)/b/n/9.5'.
(microtype)             Ignoring protrusion settings for this character.
Package microtype Info: Character `₊' is missing
(microtype)             in font `TU/TeXGyrePagella(0)/b/n/9.5'.
(microtype)             Ignoring protrusion settings for this character.
Package microtype Info: Character `₋' is missing
(microtype)             in font `TU/TeXGyrePagella(0)/b/n/9.5'.
(microtype)             Ignoring protrusion settings for this character.
Package microtype Info: Character `⁺' is missing
(microtype)             in font `TU/TeXGyrePagella(0)/b/n/9.5'.
(microtype)             Ignoring protrusion settings for this character.
Package microtype Info: Character `⁻' is missing
(microtype)             in font `TU/TeXGyrePagella(0)/b/n/9.5'.
(microtype)             Ignoring protrusion settings for this character.
 [2]
LaTeX Font Info:    Font shape `TU/TeXGyreHeros(0)/m/sl' in size <9.5> not avai
lable
(Font)              Font shape `TU/TeXGyreHeros(0)/m/it' tried instead on input
 line 23.
LaTeX Font Info:    Font shape `TU/TeXGyreHeros(0)/m/it' will be
(Font)              scaled to size 8.93002pt on input line 23.
LaTeX Font Info:    Font shape `TU/TeXGyreHeros(0)/b/sl' in size <9.5> not avai
lable
(Font)              Font shape `TU/TeXGyreHeros(0)/b/it' tried instead on input
 line 23.
LaTeX Font Info:    Font shape `TU/TeXGyreHeros(0)/b/it' will be
(Font)              scaled to size 8.93002pt on input line 23.
LaTeX Font Info:    Font shape `TU/TeXGyreHeros(0)/b/sl' in size <7> not availa
ble
(Font)              Font shape `TU/TeXGyreHeros(0)/b/it' tried instead on input
 line 23.
LaTeX Font Info:    Font shape `TU/TeXGyreHeros(0)/b/it' will be
(Font)              scaled to size 6.58002pt on input line 23.
LaTeX Font Info:    Font shape `TU/TeXGyreHeros(0)/m/sl' in size <7.5> not avai
lable
(Font)              Font shape `TU/TeXGyreHeros(0)/m/it' tried instead on input
 line 23.
LaTeX Font Info:    Font shape `TU/TeXGyreHeros(0)/m/it' will be
(Font)              scaled to size 7.05002pt on input line 23.
LaTeX Font Info:    Font shape `TU/TeXGyreHeros(0)/m/sl' in size <6.5> not avai
lable
(Font)              Font shape `TU/TeXGyreHeros(0)/m/it' tried instead on input
 line 23.
LaTeX Font Info:    Font shape `TU/TeXGyreHeros(0)/m/it' will be
(Font)              scaled to size 6.11002pt on input line 23.

Package fontspec Info: Font family 'TeXGyreHeros(2)' created for font 'TeX
(fontspec)             Gyre Heros' with options
(fontspec)             [Ligatures=TeX,Ligatures=TeX,Scale=0.94,LetterSpace=6].
(fontspec)              
(fontspec)              This font family consists of the following NFSS
(fontspec)             series/shapes:
(fontspec)              
(fontspec)             - 'normal' (m/n) with NFSS spec.:
(fontspec)             <->s*[0.94]"TeXGyreHeros:mode=node;script=latn;language=
dflt;letterspace=6;+tlig;"
(fontspec)             - 'small caps'  (m/sc) with NFSS spec.:
(fontspec)             <->s*[0.94]"TeXGyreHeros:mode=node;script=latn;language=
dflt;letterspace=6;+tlig;+smcp;"
(fontspec)             - 'bold' (b/n) with NFSS spec.:
(fontspec)             <->s*[0.94]"TeXGyreHeros/B:mode=node;script=latn;languag
e=dflt;letterspace=6;+tlig;"
(fontspec)             - 'bold small caps'  (b/sc) with NFSS spec.:
(fontspec)             <->s*[0.94]"TeXGyreHeros/B:mode=node;script=latn;languag
e=dflt;letterspace=6;+tlig;+smcp;"
(fontspec)             - 'italic' (m/it) with NFSS spec.:
(fontspec)             <->s*[0.94]"TeXGyreHeros/I:mode=node;script=latn;languag
e=dflt;letterspace=6;+tlig;"
(fontspec)             - 'italic small caps'  (m/scit) with NFSS spec.:
(fontspec)             <->s*[0.94]"TeXGyreHeros/I:mode=node;script=latn;languag
e=dflt;letterspace=6;+tlig;+smcp;"
(fontspec)             - 'bold italic' (b/it) with NFSS spec.:
(fontspec)             <->s*[0.94]"TeXGyreHeros/BI:mode=node;script=latn;langua
ge=dflt;letterspace=6;+tlig;"
(fontspec)             - 'bold italic small caps'  (b/scit) with NFSS spec.:
(fontspec)             <->s*[0.94]"TeXGyreHeros/BI:mode=node;script=latn;langua
ge=dflt;letterspace=6;+tlig;+smcp;"

LaTeX Font Info:    Font shape `TU/TeXGyreHeros(2)/m/sl' in size <6.5> not avai
lable
(Font)              Font shape `TU/TeXGyreHeros(2)/m/it' tried instead on input
 line 23.
LaTeX Font Info:    Font shape `TU/TeXGyreHeros(2)/m/it' will be
(Font)              scaled to size 6.11002pt on input line 23.
Inserting `luaotfload.letterspace' in `pre_linebreak_filter'.
Inserting `luaotfload.letterspace' in `hpack_filter'.
LaTeX Font Info:    Font shape `TU/TeXGyreHeros(0)/b/sl' in size <8.66881> not 
available
(Font)              Font shape `TU/TeXGyreHeros(0)/b/it' tried instead on input
 line 23.
LaTeX Font Info:    Font shape `TU/TeXGyreHeros(0)/b/it' will be
(Font)              scaled to size 8.1487pt on input line 23.


Package scrlayer-scrpage Warning: \footheight to low.
(scrlayer-scrpage)                At least 21.28098pt needed,
(scrlayer-scrpage)                but only 14.24995pt found.
(scrlayer-scrpage)                I'll enlarge \footheight, for further
(scrlayer-scrpage)                processing, but you should do this yourself,
(scrlayer-scrpage)                e.g., using
(scrlayer-scrpage)                  \setlength{\footheight}{21.28098pt}
(scrlayer-scrpage)                in your preamble.
(scrlayer-scrpage)                I'll also increase \footskip on input line 23
.

[3]
NEXUS_OBJECT_BEGIN:f766fd48b3f9d176ef572b521cefe803267f686a
(./chapitres/TCOMPL-MODELES-FONCTION/cours/10_C1_etude_fonction.tex
LaTeX Font Info:    Font shape `TU/TeXGyreHeros(0)/b/n' will be
(Font)              scaled to size 12.85925pt on input line 3.
LaTeX Font Info:    Font shape `TU/TeXGyreHeros(0)/b/n' will be
(Font)              scaled to size 11.46802pt on input line 3.
LaTeX Font Info:    Font shape `TU/TeXGyreHeros(0)/m/n' will be
(Font)              scaled to size 7.05002pt on input line 36.
LaTeX Font Info:    Calculating math sizes for size <7.5> on input line 36.

Underfull \hbox (badness 3168) in paragraph at lines 36--36
[][] \TU/TeXGyreHeros(0)/m/n/7.5 Ce type de fonc-
 []


Underfull \hbox (badness 10000) in paragraph at lines 36--36
\TU/TeXGyreHeros(0)/m/n/7.5 pro-por-tion-nel et d’un
 []


Underfull \hbox (badness 4454) in paragraph at lines 36--36
\TU/TeXGyreHeros(0)/m/n/7.5 terme in-ver-se-ment pro-
 []


Underfull \hbox (badness 1466) in paragraph at lines 36--36
\TU/TeXGyreHeros(0)/m/n/7.5 por-tion-nel) mo-dé-lise de
 []

NEXUS-MARGIN-CAPTURE:nxm:eleve:appui:00000001
NEXUS-MARGIN-MARKER-METADATA:nxm:eleve:appui:00000001
(/usr/share/texlive/texmf-dist/tex/latex/listings/lstlang1.sty
File: lstlang1.sty 2023/02/27 1.9 listings language file
)
LaTeX Font Info:    Font shape `TU/JetBrainsMono(0)/m/n' will be
(Font)              scaled to size 8.45499pt on input line 64.
Package microtype Info: Loading generic protrusion settings for font family
(microtype)             `JetBrainsMono' (encoding: TU).
(microtype)             For optimal results, create family-specific settings.
(microtype)             See the microtype manual for details.
LaTeX Font Info:    Font shape `TU/JetBrainsMono(0)/m/n' will be
(Font)              scaled to size 7.56499pt on input line 64.
Package microtype Info: Character `ﬆ' is missing
(microtype)             in font `TU/TeXGyrePagella(0)/m/n/8.5'.
(microtype)             Ignoring protrusion settings for this character.
Package microtype Info: Character `ﬅ' is missing
(microtype)             in font `TU/TeXGyrePagella(0)/m/n/8.5'.
(microtype)             Ignoring protrusion settings for this character.
Package microtype Info: Character `‥' is missing
(microtype)             in font `TU/TeXGyrePagella(0)/m/n/8.5'.
(microtype)             Ignoring protrusion settings for this character.
Package microtype Info: Character `‼' is missing
(microtype)             in font `TU/TeXGyrePagella(0)/m/n/8.5'.
(microtype)             Ignoring protrusion settings for this character.
Package microtype Info: Character `⁰' is missing
(microtype)             in font `TU/TeXGyrePagella(0)/m/n/8.5'.
(microtype)             Ignoring protrusion settings for this character.
Package microtype Info: Character `⁴' is missing
(microtype)             in font `TU/TeXGyrePagella(0)/m/n/8.5'.
(microtype)             Ignoring protrusion settings for this character.
Package microtype Info: Character `⁵' is missing
(microtype)             in font `TU/TeXGyrePagella(0)/m/n/8.5'.
(microtype)             Ignoring protrusion settings for this character.
Package microtype Info: Character `⁶' is missing
(microtype)             in font `TU/TeXGyrePagella(0)/m/n/8.5'.
(microtype)             Ignoring protrusion settings for this character.
Package microtype Info: Character `⁷' is missing
(microtype)             in font `TU/TeXGyrePagella(0)/m/n/8.5'.
(microtype)             Ignoring protrusion settings for this character.
Package microtype Info: Character `⁸' is missing
(microtype)             in font `TU/TeXGyrePagella(0)/m/n/8.5'.
(microtype)             Ignoring protrusion settings for this character.
Package microtype Info: Character `⁹' is missing
(microtype)             in font `TU/TeXGyrePagella(0)/m/n/8.5'.
(microtype)             Ignoring protrusion settings for this character.
Package microtype Info: Character `₀' is missing
(microtype)             in font `TU/TeXGyrePagella(0)/m/n/8.5'.
(microtype)             Ignoring protrusion settings for this character.
Package microtype Info: Character `₁' is missing
(microtype)             in font `TU/TeXGyrePagella(0)/m/n/8.5'.
(microtype)             Ignoring protrusion settings for this character.
Package microtype Info: Character `₂' is missing
(microtype)             in font `TU/TeXGyrePagella(0)/m/n/8.5'.
(microtype)             Ignoring protrusion settings for this character.
Package microtype Info: Character `₃' is missing
(microtype)             in font `TU/TeXGyrePagella(0)/m/n/8.5'.
(microtype)             Ignoring protrusion settings for this character.
Package microtype Info: Character `₄' is missing
(microtype)             in font `TU/TeXGyrePagella(0)/m/n/8.5'.
(microtype)             Ignoring protrusion settings for this character.
Package microtype Info: Character `₅' is missing
(microtype)             in font `TU/TeXGyrePagella(0)/m/n/8.5'.
(microtype)             Ignoring protrusion settings for this character.
Package microtype Info: Character `₆' is missing
(microtype)             in font `TU/TeXGyrePagella(0)/m/n/8.5'.
(microtype)             Ignoring protrusion settings for this character.
Package microtype Info: Character `₇' is missing
(microtype)             in font `TU/TeXGyrePagella(0)/m/n/8.5'.
(microtype)             Ignoring protrusion settings for this character.
Package microtype Info: Character `₈' is missing
(microtype)             in font `TU/TeXGyrePagella(0)/m/n/8.5'.
(microtype)             Ignoring protrusion settings for this character.
Package microtype Info: Character `₉' is missing
(microtype)             in font `TU/TeXGyrePagella(0)/m/n/8.5'.
(microtype)             Ignoring protrusion settings for this character.
Package microtype Info: Character `₊' is missing
(microtype)             in font `TU/TeXGyrePagella(0)/m/n/8.5'.
(microtype)             Ignoring protrusion settings for this character.
Package microtype Info: Character `₋' is missing
(microtype)             in font `TU/TeXGyrePagella(0)/m/n/8.5'.
(microtype)             Ignoring protrusion settings for this character.
Package microtype Info: Character `⁺' is missing
(microtype)             in font `TU/TeXGyrePagella(0)/m/n/8.5'.
(microtype)             Ignoring protrusion settings for this character.
Package microtype Info: Character `⁻' is missing
(microtype)             in font `TU/TeXGyrePagella(0)/m/n/8.5'.
(microtype)             Ignoring protrusion settings for this character.
LaTeX Font Info:    Font shape `TU/JetBrainsMono(0)/m/n' will be
(Font)              scaled to size 5.34pt on input line 65.
LaTeX Font Info:    Font shape `TU/JetBrainsMono(0)/b/n' will be
(Font)              scaled to size 7.56499pt on input line 65.
LaTeX Font Info:    Font shape `TU/JetBrainsMono(0)/m/it' will be
(Font)              scaled to size 7.56499pt on input line 66.
LaTeX Font Info:    Font shape `TU/TeXGyreHeros(0)/b/n' will be
(Font)              scaled to size 7.52002pt on input line 96.

Package fontspec Info: Font family 'TeXGyreHeros(3)' created for font 'TeX
(fontspec)             Gyre Heros' with options
(fontspec)             [Ligatures=TeX,Ligatures=TeX,Scale=0.94,LetterSpace=8].
(fontspec)              
(fontspec)              This font family consists of the following NFSS
(fontspec)             series/shapes:
(fontspec)              
(fontspec)             - 'normal' (m/n) with NFSS spec.:
(fontspec)             <->s*[0.94]"TeXGyreHeros:mode=node;script=latn;language=
dflt;letterspace=8;+tlig;"
(fontspec)             - 'small caps'  (m/sc) with NFSS spec.:
(fontspec)             <->s*[0.94]"TeXGyreHeros:mode=node;script=latn;language=
dflt;letterspace=8;+tlig;+smcp;"
(fontspec)             - 'bold' (b/n) with NFSS spec.:
(fontspec)             <->s*[0.94]"TeXGyreHeros/B:mode=node;script=latn;languag
e=dflt;letterspace=8;+tlig;"
(fontspec)             - 'bold small caps'  (b/sc) with NFSS spec.:
(fontspec)             <->s*[0.94]"TeXGyreHeros/B:mode=node;script=latn;languag
e=dflt;letterspace=8;+tlig;+smcp;"
(fontspec)             - 'italic' (m/it) with NFSS spec.:
(fontspec)             <->s*[0.94]"TeXGyreHeros/I:mode=node;script=latn;languag
e=dflt;letterspace=8;+tlig;"
(fontspec)             - 'italic small caps'  (m/scit) with NFSS spec.:
(fontspec)             <->s*[0.94]"TeXGyreHeros/I:mode=node;script=latn;languag
e=dflt;letterspace=8;+tlig;+smcp;"
(fontspec)             - 'bold italic' (b/it) with NFSS spec.:
(fontspec)             <->s*[0.94]"TeXGyreHeros/BI:mode=node;script=latn;langua
ge=dflt;letterspace=8;+tlig;"
(fontspec)             - 'bold italic small caps'  (b/scit) with NFSS spec.:
(fontspec)             <->s*[0.94]"TeXGyreHeros/BI:mode=node;script=latn;langua
ge=dflt;letterspace=8;+tlig;+smcp;"

LaTeX Font Info:    Font shape `TU/TeXGyreHeros(3)/b/n' will be
(Font)              scaled to size 7.52002pt on input line 96.
)
NEXUS_OBJECT_END:f766fd48b3f9d176ef572b521cefe803267f686a
NEXUS_OBJECT_BEGIN:d850496d74af8d48d9f8a30f43bf37089605af11
(./chapitres/TCOMPL-MODELES-FONCTION/cours/11_C2_convexite.tex [4



warning  (pdf backend): pop empty color page stack 0
NEXUS-MARGIN-ANCHOR:nxm:eleve:appui:00000001]
Underfull \hbox (badness 10000) in paragraph at lines 15--15
[][] \TU/TeXGyreHeros(0)/m/n/7.5 Gra-phi-que-ment :
 []


Underfull \hbox (badness 10000) in paragraph at lines 15--15
\TU/TeXGyreHeros(0)/m/n/7.5 creuse vers le haut »
 []


Underfull \hbox (badness 10000) in paragraph at lines 15--15
\TU/TeXGyreHeros(0)/m/n/7.5 (comme un bol), une
 []


Underfull \hbox (badness 10000) in paragraph at lines 15--15
\TU/TeXGyreHeros(0)/m/n/7.5 courbe concave « se
 []


Underfull \hbox (badness 10000) in paragraph at lines 15--15
\TU/TeXGyreHeros(0)/m/n/7.5 creuse vers le bas »
 []

NEXUS-MARGIN-CAPTURE:nxm:eleve:appui:00000002
NEXUS-MARGIN-MARKER-METADATA:nxm:eleve:appui:00000002)
NEXUS_OBJECT_END:d850496d74af8d48d9f8a30f43bf37089605af11
NEXUS_OBJECT_BEGIN:e50f6577ea9dd7bf44c9479dd642742618ea26cf

(./chapitres/TCOMPL-MODELES-FONCTION/cours/12_C3_statistique_deux_variables.tex

Overfull \hbox (4.0049pt too wide) in paragraph at lines 19--19
\TU/TeXGyrePagella(0)/m/n/9.5 La moyenne des $\TU/TeXGyrePagellaMath(1)/m/n/9.5
 𝑥[]$ \TU/TeXGyrePagella(0)/m/n/9.5 est $[] \TU/TeXGyrePagellaMath(1)/m/n/9.
5 = [] = 5[]2$\TU/TeXGyrePagella(0)/m/n/9.5 , et la moyenne des $\TU/TeXGyrePag
ellaMath(1)/m/n/9.5 𝑦[]$ \TU/TeXGyrePagella(0)/m/n/9.5 est $[] \TU/TeXGyrePa
gellaMath(1)/m/n/9.5 = [] =
 []


Underfull \hbox (badness 10000) in paragraph at lines 62--62
\TU/TeXGyreHeros(0)/m/n/7.5 des moindres car-rés
 []


Underfull \hbox (badness 10000) in paragraph at lines 62--62
\TU/TeXGyreHeros(0)/m/n/7.5 passe tou-jours exac-te-
 []


Underfull \hbox (badness 5203) in paragraph at lines 62--62
\TU/TeXGyreHeros(0)/m/n/7.5 elle per-met de vé-ri-fier
 []

NEXUS-MARGIN-CAPTURE:nxm:eleve:appui:00000003
NEXUS-MARGIN-MARKER-METADATA:nxm:eleve:appui:00000003 [5
warning  (pdf backend): pop empty color page stack 0
NEXUS-MARGIN-ANCHOR:nxm:eleve:appui:00000002])
NEXUS_OBJECT_END:e50f6577ea9dd7bf44c9479dd642742618ea26cf
NEXUS_OBJECT_BEGIN:e19277addd372d238dffcac479c65228f7d2cdc1
(./chapitres/TCOMPL-MODELES-FONCTION/exercices/TCOMPL-MF-EX-001.tex
NEXUS-MARGIN-CAPTURE:nxm:eleve:chrono:00000004
NEXUS-MARGIN-MARKER-METADATA:nxm:eleve:chrono:00000004)
NEXUS_OBJECT_END:e19277addd372d238dffcac479c65228f7d2cdc1
NEXUS_OBJECT_BEGIN:1af553df3952d1bb6e08df3ddb37c7d87a9f7d3e
(./chapitres/TCOMPL-MODELES-FONCTION/exercices/TCOMPL-MF-EX-002.tex
NEXUS-MARGIN-CAPTURE:nxm:eleve:chrono:00000005
NEXUS-MARGIN-MARKER-METADATA:nxm:eleve:chrono:00000005)
NEXUS_OBJECT_END:1af553df3952d1bb6e08df3ddb37c7d87a9f7d3e
NEXUS_OBJECT_BEGIN:4f71075418d0478b7b10f3f1ee9c89decf4c4d2c
(./chapitres/TCOMPL-MODELES-FONCTION/exercices/TCOMPL-MF-EX-003.tex
NEXUS-MARGIN-CAPTURE:nxm:eleve:chrono:00000006
NEXUS-MARGIN-MARKER-METADATA:nxm:eleve:chrono:00000006)
NEXUS_OBJECT_END:4f71075418d0478b7b10f3f1ee9c89decf4c4d2c
NEXUS_OBJECT_BEGIN:30afc12651dc9087b53ba70d074ca44eec3b31de
(./chapitres/TCOMPL-MODELES-FONCTION/exercices/TCOMPL-MF-EX-004.tex
NEXUS-MARGIN-CAPTURE:nxm:eleve:chrono:00000007
NEXUS-MARGIN-MARKER-METADATA:nxm:eleve:chrono:00000007)
NEXUS_OBJECT_END:30afc12651dc9087b53ba70d074ca44eec3b31de
NEXUS_OBJECT_BEGIN:bd5f3b22c5bad830b99a18a8709e74002054af23
(./chapitres/TCOMPL-MODELES-FONCTION/qcm/TCOMPL-MODELES-FONCTION-QCM.tex
LaTeX Font Info:    Font shape `TU/TeXGyreHeros(0)/b/n' will be
(Font)              scaled to size 10.15202pt on input line 11.

[6
warning  (pdf backend): pop empty color page stack 0
NEXUS-MARGIN-ANCHOR:nxm:eleve:appui:00000003
warning  (pdf backend): pop empty color page stack 0
NEXUS-MARGIN-ANCHOR:nxm:eleve:chrono:00000004
warning  (pdf backend): pop empty color page stack 0
NEXUS-MARGIN-ANCHOR:nxm:eleve:chrono:00000005
warning  (pdf backend): pop empty color page stack 0
NEXUS-MARGIN-ANCHOR:nxm:eleve:chrono:00000006
warning  (pdf backend): pop empty color page stack 0
NEXUS-MARGIN-ANCHOR:nxm:eleve:chrono:00000007])
NEXUS_OBJECT_END:bd5f3b22c5bad830b99a18a8709e74002054af23
NEXUS_OBJECT_BEGIN:2bc0a336685e0055efa3a862085ad39f683a8746
(./chapitres/TCOMPL-MODELES-FONCTION/evaluations/TCOMPL-MF-EV-A.tex
Package microtype Info: Character `ﬆ' is missing
(microtype)             in font `TU/TeXGyrePagella(0)/b/n/11.39996'.
(microtype)             Ignoring protrusion settings for this character.
Package microtype Info: Character `ﬅ' is missing
(microtype)             in font `TU/TeXGyrePagella(0)/b/n/11.39996'.
(microtype)             Ignoring protrusion settings for this character.
Package microtype Info: Character `‥' is missing
(microtype)             in font `TU/TeXGyrePagella(0)/b/n/11.39996'.
(microtype)             Ignoring protrusion settings for this character.
Package microtype Info: Character `‼' is missing
(microtype)             in font `TU/TeXGyrePagella(0)/b/n/11.39996'.
(microtype)             Ignoring protrusion settings for this character.
Package microtype Info: Character `⁰' is missing
(microtype)             in font `TU/TeXGyrePagella(0)/b/n/11.39996'.
(microtype)             Ignoring protrusion settings for this character.
Package microtype Info: Character `⁴' is missing
(microtype)             in font `TU/TeXGyrePagella(0)/b/n/11.39996'.
(microtype)             Ignoring protrusion settings for this character.
Package microtype Info: Character `⁵' is missing
(microtype)             in font `TU/TeXGyrePagella(0)/b/n/11.39996'.
(microtype)             Ignoring protrusion settings for this character.
Package microtype Info: Character `⁶' is missing
(microtype)             in font `TU/TeXGyrePagella(0)/b/n/11.39996'.
(microtype)             Ignoring protrusion settings for this character.
Package microtype Info: Character `⁷' is missing
(microtype)             in font `TU/TeXGyrePagella(0)/b/n/11.39996'.
(microtype)             Ignoring protrusion settings for this character.
Package microtype Info: Character `⁸' is missing
(microtype)             in font `TU/TeXGyrePagella(0)/b/n/11.39996'.
(microtype)             Ignoring protrusion settings for this character.
Package microtype Info: Character `⁹' is missing
(microtype)             in font `TU/TeXGyrePagella(0)/b/n/11.39996'.
(microtype)             Ignoring protrusion settings for this character.
Package microtype Info: Character `₀' is missing
(microtype)             in font `TU/TeXGyrePagella(0)/b/n/11.39996'.
(microtype)             Ignoring protrusion settings for this character.
Package microtype Info: Character `₁' is missing
(microtype)             in font `TU/TeXGyrePagella(0)/b/n/11.39996'.
(microtype)             Ignoring protrusion settings for this character.
Package microtype Info: Character `₂' is missing
(microtype)             in font `TU/TeXGyrePagella(0)/b/n/11.39996'.
(microtype)             Ignoring protrusion settings for this character.
Package microtype Info: Character `₃' is missing
(microtype)             in font `TU/TeXGyrePagella(0)/b/n/11.39996'.
(microtype)             Ignoring protrusion settings for this character.
Package microtype Info: Character `₄' is missing
(microtype)             in font `TU/TeXGyrePagella(0)/b/n/11.39996'.
(microtype)             Ignoring protrusion settings for this character.
Package microtype Info: Character `₅' is missing
(microtype)             in font `TU/TeXGyrePagella(0)/b/n/11.39996'.
(microtype)             Ignoring protrusion settings for this character.
Package microtype Info: Character `₆' is missing
(microtype)             in font `TU/TeXGyrePagella(0)/b/n/11.39996'.
(microtype)             Ignoring protrusion settings for this character.
Package microtype Info: Character `₇' is missing
(microtype)             in font `TU/TeXGyrePagella(0)/b/n/11.39996'.
(microtype)             Ignoring protrusion settings for this character.
Package microtype Info: Character `₈' is missing
(microtype)             in font `TU/TeXGyrePagella(0)/b/n/11.39996'.
(microtype)             Ignoring protrusion settings for this character.
Package microtype Info: Character `₉' is missing
(microtype)             in font `TU/TeXGyrePagella(0)/b/n/11.39996'.
(microtype)             Ignoring protrusion settings for this character.
Package microtype Info: Character `₊' is missing
(microtype)             in font `TU/TeXGyrePagella(0)/b/n/11.39996'.
(microtype)             Ignoring protrusion settings for this character.
Package microtype Info: Character `₋' is missing
(microtype)             in font `TU/TeXGyrePagella(0)/b/n/11.39996'.
(microtype)             Ignoring protrusion settings for this character.
Package microtype Info: Character `⁺' is missing
(microtype)             in font `TU/TeXGyrePagella(0)/b/n/11.39996'.
(microtype)             Ignoring protrusion settings for this character.
Package microtype Info: Character `⁻' is missing
(microtype)             in font `TU/TeXGyrePagella(0)/b/n/11.39996'.
(microtype)             Ignoring protrusion settings for this character.
LaTeX Font Info:    Font shape `TU/TeXGyreHeros(0)/m/n' will be
(Font)              scaled to size 7.52002pt on input line 17.

NEXUS-MARGIN-CAPTURE:nxm:eleve:chrono:00000008
NEXUS-MARGIN-MARKER-METADATA:nxm:eleve:chrono:00000008 [7
warning  (pdf backend): pop empty color page stack 0
NEXUS-MARGIN-ANCHOR:nxm:eleve:chrono:00000008]
NEXUS-MARGIN-CAPTURE:nxm:eleve:chrono:00000009
NEXUS-MARGIN-MARKER-METADATA:nxm:eleve:chrono:00000009)
NEXUS_OBJECT_END:2bc0a336685e0055efa3a862085ad39f683a8746
NEXUS_OBJECT_BEGIN:b06354862d92f518302ce90e36abf7336caa4ffa
(./chapitres/TCOMPL-MODELES-FONCTION/evaluations/TCOMPL-MF-EV-B.tex
NEXUS-MARGIN-CAPTURE:nxm:eleve:chrono:00000010
NEXUS-MARGIN-MARKER-METADATA:nxm:eleve:chrono:00000010
NEXUS-MARGIN-CAPTURE:nxm:eleve:chrono:00000011
NEXUS-MARGIN-MARKER-METADATA:nxm:eleve:chrono:00000011)
NEXUS_OBJECT_END:b06354862d92f518302ce90e36abf7336caa4ffa
NEXUS_OBJECT_BEGIN:cce9c8109d3b2bdcee82a1dff811a51a06dfc206

(./chapitres/TCOMPL-MODELES-FONCTION/remediation/TCOMPL-MODELES-FONCTION-RE-C5.
tex
NEXUS-MARGIN-CAPTURE:nxm:eleve:chrono:00000012
NEXUS-MARGIN-MARKER-METADATA:nxm:eleve:chrono:00000012)
NEXUS_OBJECT_END:cce9c8109d3b2bdcee82a1dff811a51a06dfc206
[8
warning  (pdf backend): pop empty color page stack 0
NEXUS-MARGIN-ANCHOR:nxm:eleve:chrono:00000009
warning  (pdf backend): pop empty color page stack 0
NEXUS-MARGIN-ANCHOR:nxm:eleve:chrono:00000010
warning  (pdf backend): pop empty color page stack 0
NEXUS-MARGIN-ANCHOR:nxm:eleve:chrono:00000011
warning  (pdf backend): pop empty color page stack 0
NEXUS-MARGIN-ANCHOR:nxm:eleve:chrono:00000012] [9]
NEXUS_OBJECT_BEGIN:8b7707a4a70ccc635ea0dd4e955e64e6214d82b4
(./chapitres/TCOMPL-MODELES-EVOLUTION/cours/10_C1_suites_geometriques.tex
Package microtype Info: Character `ﬆ' is missing
(microtype)             in font `TU/TeXGyrePagella(1)/m/n/9.5'.
(microtype)             Ignoring protrusion settings for this character.
Package microtype Info: Character `ﬅ' is missing
(microtype)             in font `TU/TeXGyrePagella(1)/m/n/9.5'.
(microtype)             Ignoring protrusion settings for this character.
Package microtype Info: Character `‥' is missing
(microtype)             in font `TU/TeXGyrePagella(1)/m/n/9.5'.
(microtype)             Ignoring protrusion settings for this character.
Package microtype Info: Character `‼' is missing
(microtype)             in font `TU/TeXGyrePagella(1)/m/n/9.5'.
(microtype)             Ignoring protrusion settings for this character.
Package microtype Info: Character `⁰' is missing
(microtype)             in font `TU/TeXGyrePagella(1)/m/n/9.5'.
(microtype)             Ignoring protrusion settings for this character.
Package microtype Info: Character `⁴' is missing
(microtype)             in font `TU/TeXGyrePagella(1)/m/n/9.5'.
(microtype)             Ignoring protrusion settings for this character.
Package microtype Info: Character `⁵' is missing
(microtype)             in font `TU/TeXGyrePagella(1)/m/n/9.5'.
(microtype)             Ignoring protrusion settings for this character.
Package microtype Info: Character `⁶' is missing
(microtype)             in font `TU/TeXGyrePagella(1)/m/n/9.5'.
(microtype)             Ignoring protrusion settings for this character.
Package microtype Info: Character `⁷' is missing
(microtype)             in font `TU/TeXGyrePagella(1)/m/n/9.5'.
(microtype)             Ignoring protrusion settings for this character.
Package microtype Info: Character `⁸' is missing
(microtype)             in font `TU/TeXGyrePagella(1)/m/n/9.5'.
(microtype)             Ignoring protrusion settings for this character.
Package microtype Info: Character `⁹' is missing
(microtype)             in font `TU/TeXGyrePagella(1)/m/n/9.5'.
(microtype)             Ignoring protrusion settings for this character.
Package microtype Info: Character `₀' is missing
(microtype)             in font `TU/TeXGyrePagella(1)/m/n/9.5'.
(microtype)             Ignoring protrusion settings for this character.
Package microtype Info: Character `₁' is missing
(microtype)             in font `TU/TeXGyrePagella(1)/m/n/9.5'.
(microtype)             Ignoring protrusion settings for this character.
Package microtype Info: Character `₂' is missing
(microtype)             in font `TU/TeXGyrePagella(1)/m/n/9.5'.
(microtype)             Ignoring protrusion settings for this character.
Package microtype Info: Character `₃' is missing
(microtype)             in font `TU/TeXGyrePagella(1)/m/n/9.5'.
(microtype)             Ignoring protrusion settings for this character.
Package microtype Info: Character `₄' is missing
(microtype)             in font `TU/TeXGyrePagella(1)/m/n/9.5'.
(microtype)             Ignoring protrusion settings for this character.
Package microtype Info: Character `₅' is missing
(microtype)             in font `TU/TeXGyrePagella(1)/m/n/9.5'.
(microtype)             Ignoring protrusion settings for this character.
Package microtype Info: Character `₆' is missing
(microtype)             in font `TU/TeXGyrePagella(1)/m/n/9.5'.
(microtype)             Ignoring protrusion settings for this character.
Package microtype Info: Character `₇' is missing
(microtype)             in font `TU/TeXGyrePagella(1)/m/n/9.5'.
(microtype)             Ignoring protrusion settings for this character.
Package microtype Info: Character `₈' is missing
(microtype)             in font `TU/TeXGyrePagella(1)/m/n/9.5'.
(microtype)             Ignoring protrusion settings for this character.
Package microtype Info: Character `₉' is missing
(microtype)             in font `TU/TeXGyrePagella(1)/m/n/9.5'.
(microtype)             Ignoring protrusion settings for this character.
Package microtype Info: Character `₊' is missing
(microtype)             in font `TU/TeXGyrePagella(1)/m/n/9.5'.
(microtype)             Ignoring protrusion settings for this character.
Package microtype Info: Character `₋' is missing
(microtype)             in font `TU/TeXGyrePagella(1)/m/n/9.5'.
(microtype)             Ignoring protrusion settings for this character.
Package microtype Info: Character `⁺' is missing
(microtype)             in font `TU/TeXGyrePagella(1)/m/n/9.5'.
(microtype)             Ignoring protrusion settings for this character.
Package microtype Info: Character `⁻' is missing
(microtype)             in font `TU/TeXGyrePagella(1)/m/n/9.5'.
(microtype)             Ignoring protrusion settings for this character.
Package microtype Info: Character `ﬆ' is missing
(microtype)             in font `TU/TeXGyrePagella(1)/m/n/7.03'.
(microtype)             Ignoring protrusion settings for this character.
Package microtype Info: Character `ﬅ' is missing
(microtype)             in font `TU/TeXGyrePagella(1)/m/n/7.03'.
(microtype)             Ignoring protrusion settings for this character.
Package microtype Info: Character `‥' is missing
(microtype)             in font `TU/TeXGyrePagella(1)/m/n/7.03'.
(microtype)             Ignoring protrusion settings for this character.
Package microtype Info: Character `‼' is missing
(microtype)             in font `TU/TeXGyrePagella(1)/m/n/7.03'.
(microtype)             Ignoring protrusion settings for this character.
Package microtype Info: Character `⁰' is missing
(microtype)             in font `TU/TeXGyrePagella(1)/m/n/7.03'.
(microtype)             Ignoring protrusion settings for this character.
Package microtype Info: Character `⁴' is missing
(microtype)             in font `TU/TeXGyrePagella(1)/m/n/7.03'.
(microtype)             Ignoring protrusion settings for this character.
Package microtype Info: Character `⁵' is missing
(microtype)             in font `TU/TeXGyrePagella(1)/m/n/7.03'.
(microtype)             Ignoring protrusion settings for this character.
Package microtype Info: Character `⁶' is missing
(microtype)             in font `TU/TeXGyrePagella(1)/m/n/7.03'.
(microtype)             Ignoring protrusion settings for this character.
Package microtype Info: Character `⁷' is missing
(microtype)             in font `TU/TeXGyrePagella(1)/m/n/7.03'.
(microtype)             Ignoring protrusion settings for this character.
Package microtype Info: Character `⁸' is missing
(microtype)             in font `TU/TeXGyrePagella(1)/m/n/7.03'.
(microtype)             Ignoring protrusion settings for this character.
Package microtype Info: Character `⁹' is missing
(microtype)             in font `TU/TeXGyrePagella(1)/m/n/7.03'.
(microtype)             Ignoring protrusion settings for this character.
Package microtype Info: Character `₀' is missing
(microtype)             in font `TU/TeXGyrePagella(1)/m/n/7.03'.
(microtype)             Ignoring protrusion settings for this character.
Package microtype Info: Character `₁' is missing
(microtype)             in font `TU/TeXGyrePagella(1)/m/n/7.03'.
(microtype)             Ignoring protrusion settings for this character.
Package microtype Info: Character `₂' is missing
(microtype)             in font `TU/TeXGyrePagella(1)/m/n/7.03'.
(microtype)             Ignoring protrusion settings for this character.
Package microtype Info: Character `₃' is missing
(microtype)             in font `TU/TeXGyrePagella(1)/m/n/7.03'.
(microtype)             Ignoring protrusion settings for this character.
Package microtype Info: Character `₄' is missing
(microtype)             in font `TU/TeXGyrePagella(1)/m/n/7.03'.
(microtype)             Ignoring protrusion settings for this character.
Package microtype Info: Character `₅' is missing
(microtype)             in font `TU/TeXGyrePagella(1)/m/n/7.03'.
(microtype)             Ignoring protrusion settings for this character.
Package microtype Info: Character `₆' is missing
(microtype)             in font `TU/TeXGyrePagella(1)/m/n/7.03'.
(microtype)             Ignoring protrusion settings for this character.
Package microtype Info: Character `₇' is missing
(microtype)             in font `TU/TeXGyrePagella(1)/m/n/7.03'.
(microtype)             Ignoring protrusion settings for this character.
Package microtype Info: Character `₈' is missing
(microtype)             in font `TU/TeXGyrePagella(1)/m/n/7.03'.
(microtype)             Ignoring protrusion settings for this character.
Package microtype Info: Character `₉' is missing
(microtype)             in font `TU/TeXGyrePagella(1)/m/n/7.03'.
(microtype)             Ignoring protrusion settings for this character.
Package microtype Info: Character `₊' is missing
(microtype)             in font `TU/TeXGyrePagella(1)/m/n/7.03'.
(microtype)             Ignoring protrusion settings for this character.
Package microtype Info: Character `₋' is missing
(microtype)             in font `TU/TeXGyrePagella(1)/m/n/7.03'.
(microtype)             Ignoring protrusion settings for this character.
Package microtype Info: Character `⁺' is missing
(microtype)             in font `TU/TeXGyrePagella(1)/m/n/7.03'.
(microtype)             Ignoring protrusion settings for this character.
Package microtype Info: Character `⁻' is missing
(microtype)             in font `TU/TeXGyrePagella(1)/m/n/7.03'.
(microtype)             Ignoring protrusion settings for this character.
Package microtype Info: Character `ﬆ' is missing
(microtype)             in font `TU/TeXGyrePagella(1)/m/n/5.225'.
(microtype)             Ignoring protrusion settings for this character.
Package microtype Info: Character `ﬅ' is missing
(microtype)             in font `TU/TeXGyrePagella(1)/m/n/5.225'.
(microtype)             Ignoring protrusion settings for this character.
Package microtype Info: Character `‥' is missing
(microtype)             in font `TU/TeXGyrePagella(1)/m/n/5.225'.
(microtype)             Ignoring protrusion settings for this character.
Package microtype Info: Character `‼' is missing
(microtype)             in font `TU/TeXGyrePagella(1)/m/n/5.225'.
(microtype)             Ignoring protrusion settings for this character.
Package microtype Info: Character `⁰' is missing
(microtype)             in font `TU/TeXGyrePagella(1)/m/n/5.225'.
(microtype)             Ignoring protrusion settings for this character.
Package microtype Info: Character `⁴' is missing
(microtype)             in font `TU/TeXGyrePagella(1)/m/n/5.225'.
(microtype)             Ignoring protrusion settings for this character.
Package microtype Info: Character `⁵' is missing
(microtype)             in font `TU/TeXGyrePagella(1)/m/n/5.225'.
(microtype)             Ignoring protrusion settings for this character.
Package microtype Info: Character `⁶' is missing
(microtype)             in font `TU/TeXGyrePagella(1)/m/n/5.225'.
(microtype)             Ignoring protrusion settings for this character.
Package microtype Info: Character `⁷' is missing
(microtype)             in font `TU/TeXGyrePagella(1)/m/n/5.225'.
(microtype)             Ignoring protrusion settings for this character.
Package microtype Info: Character `⁸' is missing
(microtype)             in font `TU/TeXGyrePagella(1)/m/n/5.225'.
(microtype)             Ignoring protrusion settings for this character.
Package microtype Info: Character `⁹' is missing
(microtype)             in font `TU/TeXGyrePagella(1)/m/n/5.225'.
(microtype)             Ignoring protrusion settings for this character.
Package microtype Info: Character `₀' is missing
(microtype)             in font `TU/TeXGyrePagella(1)/m/n/5.225'.
(microtype)             Ignoring protrusion settings for this character.
Package microtype Info: Character `₁' is missing
(microtype)             in font `TU/TeXGyrePagella(1)/m/n/5.225'.
(microtype)             Ignoring protrusion settings for this character.
Package microtype Info: Character `₂' is missing
(microtype)             in font `TU/TeXGyrePagella(1)/m/n/5.225'.
(microtype)             Ignoring protrusion settings for this character.
Package microtype Info: Character `₃' is missing
(microtype)             in font `TU/TeXGyrePagella(1)/m/n/5.225'.
(microtype)             Ignoring protrusion settings for this character.
Package microtype Info: Character `₄' is missing
(microtype)             in font `TU/TeXGyrePagella(1)/m/n/5.225'.
(microtype)             Ignoring protrusion settings for this character.
Package microtype Info: Character `₅' is missing
(microtype)             in font `TU/TeXGyrePagella(1)/m/n/5.225'.
(microtype)             Ignoring protrusion settings for this character.
Package microtype Info: Character `₆' is missing
(microtype)             in font `TU/TeXGyrePagella(1)/m/n/5.225'.
(microtype)             Ignoring protrusion settings for this character.
Package microtype Info: Character `₇' is missing
(microtype)             in font `TU/TeXGyrePagella(1)/m/n/5.225'.
(microtype)             Ignoring protrusion settings for this character.
Package microtype Info: Character `₈' is missing
(microtype)             in font `TU/TeXGyrePagella(1)/m/n/5.225'.
(microtype)             Ignoring protrusion settings for this character.
Package microtype Info: Character `₉' is missing
(microtype)             in font `TU/TeXGyrePagella(1)/m/n/5.225'.
(microtype)             Ignoring protrusion settings for this character.
Package microtype Info: Character `₊' is missing
(microtype)             in font `TU/TeXGyrePagella(1)/m/n/5.225'.
(microtype)             Ignoring protrusion settings for this character.
Package microtype Info: Character `₋' is missing
(microtype)             in font `TU/TeXGyrePagella(1)/m/n/5.225'.
(microtype)             Ignoring protrusion settings for this character.
Package microtype Info: Character `⁺' is missing
(microtype)             in font `TU/TeXGyrePagella(1)/m/n/5.225'.
(microtype)             Ignoring protrusion settings for this character.
Package microtype Info: Character `⁻' is missing
(microtype)             in font `TU/TeXGyrePagella(1)/m/n/5.225'.
(microtype)             Ignoring protrusion settings for this character.
Package microtype Info: Character `ﬆ' is missing
(microtype)             in font `TU/TeXGyrePagella(1)/m/n/8.66881'.
(microtype)             Ignoring protrusion settings for this character.
Package microtype Info: Character `ﬅ' is missing
(microtype)             in font `TU/TeXGyrePagella(1)/m/n/8.66881'.
(microtype)             Ignoring protrusion settings for this character.
Package microtype Info: Character `‥' is missing
(microtype)             in font `TU/TeXGyrePagella(1)/m/n/8.66881'.
(microtype)             Ignoring protrusion settings for this character.
Package microtype Info: Character `‼' is missing
(microtype)             in font `TU/TeXGyrePagella(1)/m/n/8.66881'.
(microtype)             Ignoring protrusion settings for this character.
Package microtype Info: Character `⁰' is missing
(microtype)             in font `TU/TeXGyrePagella(1)/m/n/8.66881'.
(microtype)             Ignoring protrusion settings for this character.
Package microtype Info: Character `⁴' is missing
(microtype)             in font `TU/TeXGyrePagella(1)/m/n/8.66881'.
(microtype)             Ignoring protrusion settings for this character.
Package microtype Info: Character `⁵' is missing
(microtype)             in font `TU/TeXGyrePagella(1)/m/n/8.66881'.
(microtype)             Ignoring protrusion settings for this character.
Package microtype Info: Character `⁶' is missing
(microtype)             in font `TU/TeXGyrePagella(1)/m/n/8.66881'.
(microtype)             Ignoring protrusion settings for this character.
Package microtype Info: Character `⁷' is missing
(microtype)             in font `TU/TeXGyrePagella(1)/m/n/8.66881'.
(microtype)             Ignoring protrusion settings for this character.
Package microtype Info: Character `⁸' is missing
(microtype)             in font `TU/TeXGyrePagella(1)/m/n/8.66881'.
(microtype)             Ignoring protrusion settings for this character.
Package microtype Info: Character `⁹' is missing
(microtype)             in font `TU/TeXGyrePagella(1)/m/n/8.66881'.
(microtype)             Ignoring protrusion settings for this character.
Package microtype Info: Character `₀' is missing
(microtype)             in font `TU/TeXGyrePagella(1)/m/n/8.66881'.
(microtype)             Ignoring protrusion settings for this character.
Package microtype Info: Character `₁' is missing
(microtype)             in font `TU/TeXGyrePagella(1)/m/n/8.66881'.
(microtype)             Ignoring protrusion settings for this character.
Package microtype Info: Character `₂' is missing
(microtype)             in font `TU/TeXGyrePagella(1)/m/n/8.66881'.
(microtype)             Ignoring protrusion settings for this character.
Package microtype Info: Character `₃' is missing
(microtype)             in font `TU/TeXGyrePagella(1)/m/n/8.66881'.
(microtype)             Ignoring protrusion settings for this character.
Package microtype Info: Character `₄' is missing
(microtype)             in font `TU/TeXGyrePagella(1)/m/n/8.66881'.
(microtype)             Ignoring protrusion settings for this character.
Package microtype Info: Character `₅' is missing
(microtype)             in font `TU/TeXGyrePagella(1)/m/n/8.66881'.
(microtype)             Ignoring protrusion settings for this character.
Package microtype Info: Character `₆' is missing
(microtype)             in font `TU/TeXGyrePagella(1)/m/n/8.66881'.
(microtype)             Ignoring protrusion settings for this character.
Package microtype Info: Character `₇' is missing
(microtype)             in font `TU/TeXGyrePagella(1)/m/n/8.66881'.
(microtype)             Ignoring protrusion settings for this character.
Package microtype Info: Character `₈' is missing
(microtype)             in font `TU/TeXGyrePagella(1)/m/n/8.66881'.
(microtype)             Ignoring protrusion settings for this character.
Package microtype Info: Character `₉' is missing
(microtype)             in font `TU/TeXGyrePagella(1)/m/n/8.66881'.
(microtype)             Ignoring protrusion settings for this character.
Package microtype Info: Character `₊' is missing
(microtype)             in font `TU/TeXGyrePagella(1)/m/n/8.66881'.
(microtype)             Ignoring protrusion settings for this character.
Package microtype Info: Character `₋' is missing
(microtype)             in font `TU/TeXGyrePagella(1)/m/n/8.66881'.
(microtype)             Ignoring protrusion settings for this character.
Package microtype Info: Character `⁺' is missing
(microtype)             in font `TU/TeXGyrePagella(1)/m/n/8.66881'.
(microtype)             Ignoring protrusion settings for this character.
Package microtype Info: Character `⁻' is missing
(microtype)             in font `TU/TeXGyrePagella(1)/m/n/8.66881'.
(microtype)             Ignoring protrusion settings for this character.
Package microtype Info: Character `ﬆ' is missing
(microtype)             in font `TU/TeXGyrePagella(1)/m/n/6.06813'.
(microtype)             Ignoring protrusion settings for this character.
Package microtype Info: Character `ﬅ' is missing
(microtype)             in font `TU/TeXGyrePagella(1)/m/n/6.06813'.
(microtype)             Ignoring protrusion settings for this character.
Package microtype Info: Character `‥' is missing
(microtype)             in font `TU/TeXGyrePagella(1)/m/n/6.06813'.
(microtype)             Ignoring protrusion settings for this character.
Package microtype Info: Character `‼' is missing
(microtype)             in font `TU/TeXGyrePagella(1)/m/n/6.06813'.
(microtype)             Ignoring protrusion settings for this character.
Package microtype Info: Character `⁰' is missing
(microtype)             in font `TU/TeXGyrePagella(1)/m/n/6.06813'.
(microtype)             Ignoring protrusion settings for this character.
Package microtype Info: Character `⁴' is missing
(microtype)             in font `TU/TeXGyrePagella(1)/m/n/6.06813'.
(microtype)             Ignoring protrusion settings for this character.
Package microtype Info: Character `⁵' is missing
(microtype)             in font `TU/TeXGyrePagella(1)/m/n/6.06813'.
(microtype)             Ignoring protrusion settings for this character.
Package microtype Info: Character `⁶' is missing
(microtype)             in font `TU/TeXGyrePagella(1)/m/n/6.06813'.
(microtype)             Ignoring protrusion settings for this character.
Package microtype Info: Character `⁷' is missing
(microtype)             in font `TU/TeXGyrePagella(1)/m/n/6.06813'.
(microtype)             Ignoring protrusion settings for this character.
Package microtype Info: Character `⁸' is missing
(microtype)             in font `TU/TeXGyrePagella(1)/m/n/6.06813'.
(microtype)             Ignoring protrusion settings for this character.
Package microtype Info: Character `⁹' is missing
(microtype)             in font `TU/TeXGyrePagella(1)/m/n/6.06813'.
(microtype)             Ignoring protrusion settings for this character.
Package microtype Info: Character `₀' is missing
(microtype)             in font `TU/TeXGyrePagella(1)/m/n/6.06813'.
(microtype)             Ignoring protrusion settings for this character.
Package microtype Info: Character `₁' is missing
(microtype)             in font `TU/TeXGyrePagella(1)/m/n/6.06813'.
(microtype)             Ignoring protrusion settings for this character.
Package microtype Info: Character `₂' is missing
(microtype)             in font `TU/TeXGyrePagella(1)/m/n/6.06813'.
(microtype)             Ignoring protrusion settings for this character.
Package microtype Info: Character `₃' is missing
(microtype)             in font `TU/TeXGyrePagella(1)/m/n/6.06813'.
(microtype)             Ignoring protrusion settings for this character.
Package microtype Info: Character `₄' is missing
(microtype)             in font `TU/TeXGyrePagella(1)/m/n/6.06813'.
(microtype)             Ignoring protrusion settings for this character.
Package microtype Info: Character `₅' is missing
(microtype)             in font `TU/TeXGyrePagella(1)/m/n/6.06813'.
(microtype)             Ignoring protrusion settings for this character.
Package microtype Info: Character `₆' is missing
(microtype)             in font `TU/TeXGyrePagella(1)/m/n/6.06813'.
(microtype)             Ignoring protrusion settings for this character.
Package microtype Info: Character `₇' is missing
(microtype)             in font `TU/TeXGyrePagella(1)/m/n/6.06813'.
(microtype)             Ignoring protrusion settings for this character.
Package microtype Info: Character `₈' is missing
(microtype)             in font `TU/TeXGyrePagella(1)/m/n/6.06813'.
(microtype)             Ignoring protrusion settings for this character.
Package microtype Info: Character `₉' is missing
(microtype)             in font `TU/TeXGyrePagella(1)/m/n/6.06813'.
(microtype)             Ignoring protrusion settings for this character.
Package microtype Info: Character `₊' is missing
(microtype)             in font `TU/TeXGyrePagella(1)/m/n/6.06813'.
(microtype)             Ignoring protrusion settings for this character.
Package microtype Info: Character `₋' is missing
(microtype)             in font `TU/TeXGyrePagella(1)/m/n/6.06813'.
(microtype)             Ignoring protrusion settings for this character.
Package microtype Info: Character `⁺' is missing
(microtype)             in font `TU/TeXGyrePagella(1)/m/n/6.06813'.
(microtype)             Ignoring protrusion settings for this character.
Package microtype Info: Character `⁻' is missing
(microtype)             in font `TU/TeXGyrePagella(1)/m/n/6.06813'.
(microtype)             Ignoring protrusion settings for this character.
Package microtype Info: Character `ﬆ' is missing
(microtype)             in font `TU/TeXGyrePagella(1)/m/n/4.3344'.
(microtype)             Ignoring protrusion settings for this character.
Package microtype Info: Character `ﬅ' is missing
(microtype)             in font `TU/TeXGyrePagella(1)/m/n/4.3344'.
(microtype)             Ignoring protrusion settings for this character.
Package microtype Info: Character `‥' is missing
(microtype)             in font `TU/TeXGyrePagella(1)/m/n/4.3344'.
(microtype)             Ignoring protrusion settings for this character.
Package microtype Info: Character `‼' is missing
(microtype)             in font `TU/TeXGyrePagella(1)/m/n/4.3344'.
(microtype)             Ignoring protrusion settings for this character.
Package microtype Info: Character `⁰' is missing
(microtype)             in font `TU/TeXGyrePagella(1)/m/n/4.3344'.
(microtype)             Ignoring protrusion settings for this character.
Package microtype Info: Character `⁴' is missing
(microtype)             in font `TU/TeXGyrePagella(1)/m/n/4.3344'.
(microtype)             Ignoring protrusion settings for this character.
Package microtype Info: Character `⁵' is missing
(microtype)             in font `TU/TeXGyrePagella(1)/m/n/4.3344'.
(microtype)             Ignoring protrusion settings for this character.
Package microtype Info: Character `⁶' is missing
(microtype)             in font `TU/TeXGyrePagella(1)/m/n/4.3344'.
(microtype)             Ignoring protrusion settings for this character.
Package microtype Info: Character `⁷' is missing
(microtype)             in font `TU/TeXGyrePagella(1)/m/n/4.3344'.
(microtype)             Ignoring protrusion settings for this character.
Package microtype Info: Character `⁸' is missing
(microtype)             in font `TU/TeXGyrePagella(1)/m/n/4.3344'.
(microtype)             Ignoring protrusion settings for this character.
Package microtype Info: Character `⁹' is missing
(microtype)             in font `TU/TeXGyrePagella(1)/m/n/4.3344'.
(microtype)             Ignoring protrusion settings for this character.
Package microtype Info: Character `₀' is missing
(microtype)             in font `TU/TeXGyrePagella(1)/m/n/4.3344'.
(microtype)             Ignoring protrusion settings for this character.
Package microtype Info: Character `₁' is missing
(microtype)             in font `TU/TeXGyrePagella(1)/m/n/4.3344'.
(microtype)             Ignoring protrusion settings for this character.
Package microtype Info: Character `₂' is missing
(microtype)             in font `TU/TeXGyrePagella(1)/m/n/4.3344'.
(microtype)             Ignoring protrusion settings for this character.
Package microtype Info: Character `₃' is missing
(microtype)             in font `TU/TeXGyrePagella(1)/m/n/4.3344'.
(microtype)             Ignoring protrusion settings for this character.
Package microtype Info: Character `₄' is missing
(microtype)             in font `TU/TeXGyrePagella(1)/m/n/4.3344'.
(microtype)             Ignoring protrusion settings for this character.
Package microtype Info: Character `₅' is missing
(microtype)             in font `TU/TeXGyrePagella(1)/m/n/4.3344'.
(microtype)             Ignoring protrusion settings for this character.
Package microtype Info: Character `₆' is missing
(microtype)             in font `TU/TeXGyrePagella(1)/m/n/4.3344'.
(microtype)             Ignoring protrusion settings for this character.
Package microtype Info: Character `₇' is missing
(microtype)             in font `TU/TeXGyrePagella(1)/m/n/4.3344'.
(microtype)             Ignoring protrusion settings for this character.
Package microtype Info: Character `₈' is missing
(microtype)             in font `TU/TeXGyrePagella(1)/m/n/4.3344'.
(microtype)             Ignoring protrusion settings for this character.
Package microtype Info: Character `₉' is missing
(microtype)             in font `TU/TeXGyrePagella(1)/m/n/4.3344'.
(microtype)             Ignoring protrusion settings for this character.
Package microtype Info: Character `₊' is missing
(microtype)             in font `TU/TeXGyrePagella(1)/m/n/4.3344'.
(microtype)             Ignoring protrusion settings for this character.
Package microtype Info: Character `₋' is missing
(microtype)             in font `TU/TeXGyrePagella(1)/m/n/4.3344'.
(microtype)             Ignoring protrusion settings for this character.
Package microtype Info: Character `⁺' is missing
(microtype)             in font `TU/TeXGyrePagella(1)/m/n/4.3344'.
(microtype)             Ignoring protrusion settings for this character.
Package microtype Info: Character `⁻' is missing
(microtype)             in font `TU/TeXGyrePagella(1)/m/n/4.3344'.
(microtype)             Ignoring protrusion settings for this character.
)
NEXUS_OBJECT_END:8b7707a4a70ccc635ea0dd4e955e64e6214d82b4
NEXUS_OBJECT_BEGIN:a569467d9c89a5d15431d930ff9d4c8be959ee52

(./chapitres/TCOMPL-MODELES-EVOLUTION/cours/11_C2_recurrence_arithmetico_geomet
rique.tex

Package scrlayer-scrpage Warning: \footheight to low.
(scrlayer-scrpage)                At least 24.54416pt needed,
(scrlayer-scrpage)                but only 21.28098pt found.
(scrlayer-scrpage)                I'll enlarge \footheight, for further
(scrlayer-scrpage)                processing, but you should do this yourself,
(scrlayer-scrpage)                e.g., using
(scrlayer-scrpage)                  \setlength{\footheight}{24.54416pt}
(scrlayer-scrpage)                in your preamble.
(scrlayer-scrpage)                I'll also increase \footskip on input line 11
.

[10


]
LaTeX Font Info:    Font shape `TU/TeXGyreHeros(0)/b/n' will be
(Font)              scaled to size 7.05002pt on input line 15.
Package microtype Info: Character `ﬆ' is missing
(microtype)             in font `TU/TeXGyrePagella(1)/m/n/7.5'.
(microtype)             Ignoring protrusion settings for this character.
Package microtype Info: Character `ﬅ' is missing
(microtype)             in font `TU/TeXGyrePagella(1)/m/n/7.5'.
(microtype)             Ignoring protrusion settings for this character.
Package microtype Info: Character `‥' is missing
(microtype)             in font `TU/TeXGyrePagella(1)/m/n/7.5'.
(microtype)             Ignoring protrusion settings for this character.
Package microtype Info: Character `‼' is missing
(microtype)             in font `TU/TeXGyrePagella(1)/m/n/7.5'.
(microtype)             Ignoring protrusion settings for this character.
Package microtype Info: Character `⁰' is missing
(microtype)             in font `TU/TeXGyrePagella(1)/m/n/7.5'.
(microtype)             Ignoring protrusion settings for this character.
Package microtype Info: Character `⁴' is missing
(microtype)             in font `TU/TeXGyrePagella(1)/m/n/7.5'.
(microtype)             Ignoring protrusion settings for this character.
Package microtype Info: Character `⁵' is missing
(microtype)             in font `TU/TeXGyrePagella(1)/m/n/7.5'.
(microtype)             Ignoring protrusion settings for this character.
Package microtype Info: Character `⁶' is missing
(microtype)             in font `TU/TeXGyrePagella(1)/m/n/7.5'.
(microtype)             Ignoring protrusion settings for this character.
Package microtype Info: Character `⁷' is missing
(microtype)             in font `TU/TeXGyrePagella(1)/m/n/7.5'.
(microtype)             Ignoring protrusion settings for this character.
Package microtype Info: Character `⁸' is missing
(microtype)             in font `TU/TeXGyrePagella(1)/m/n/7.5'.
(microtype)             Ignoring protrusion settings for this character.
Package microtype Info: Character `⁹' is missing
(microtype)             in font `TU/TeXGyrePagella(1)/m/n/7.5'.
(microtype)             Ignoring protrusion settings for this character.
Package microtype Info: Character `₀' is missing
(microtype)             in font `TU/TeXGyrePagella(1)/m/n/7.5'.
(microtype)             Ignoring protrusion settings for this character.
Package microtype Info: Character `₁' is missing
(microtype)             in font `TU/TeXGyrePagella(1)/m/n/7.5'.
(microtype)             Ignoring protrusion settings for this character.
Package microtype Info: Character `₂' is missing
(microtype)             in font `TU/TeXGyrePagella(1)/m/n/7.5'.
(microtype)             Ignoring protrusion settings for this character.
Package microtype Info: Character `₃' is missing
(microtype)             in font `TU/TeXGyrePagella(1)/m/n/7.5'.
(microtype)             Ignoring protrusion settings for this character.
Package microtype Info: Character `₄' is missing
(microtype)             in font `TU/TeXGyrePagella(1)/m/n/7.5'.
(microtype)             Ignoring protrusion settings for this character.
Package microtype Info: Character `₅' is missing
(microtype)             in font `TU/TeXGyrePagella(1)/m/n/7.5'.
(microtype)             Ignoring protrusion settings for this character.
Package microtype Info: Character `₆' is missing
(microtype)             in font `TU/TeXGyrePagella(1)/m/n/7.5'.
(microtype)             Ignoring protrusion settings for this character.
Package microtype Info: Character `₇' is missing
(microtype)             in font `TU/TeXGyrePagella(1)/m/n/7.5'.
(microtype)             Ignoring protrusion settings for this character.
Package microtype Info: Character `₈' is missing
(microtype)             in font `TU/TeXGyrePagella(1)/m/n/7.5'.
(microtype)             Ignoring protrusion settings for this character.
Package microtype Info: Character `₉' is missing
(microtype)             in font `TU/TeXGyrePagella(1)/m/n/7.5'.
(microtype)             Ignoring protrusion settings for this character.
Package microtype Info: Character `₊' is missing
(microtype)             in font `TU/TeXGyrePagella(1)/m/n/7.5'.
(microtype)             Ignoring protrusion settings for this character.
Package microtype Info: Character `₋' is missing
(microtype)             in font `TU/TeXGyrePagella(1)/m/n/7.5'.
(microtype)             Ignoring protrusion settings for this character.
Package microtype Info: Character `⁺' is missing
(microtype)             in font `TU/TeXGyrePagella(1)/m/n/7.5'.
(microtype)             Ignoring protrusion settings for this character.
Package microtype Info: Character `⁻' is missing
(microtype)             in font `TU/TeXGyrePagella(1)/m/n/7.5'.
(microtype)             Ignoring protrusion settings for this character.
Package microtype Info: Character `ﬆ' is missing
(microtype)             in font `TU/TeXGyrePagella(1)/m/n/5.24997'.
(microtype)             Ignoring protrusion settings for this character.
Package microtype Info: Character `ﬅ' is missing
(microtype)             in font `TU/TeXGyrePagella(1)/m/n/5.24997'.
(microtype)             Ignoring protrusion settings for this character.
Package microtype Info: Character `‥' is missing
(microtype)             in font `TU/TeXGyrePagella(1)/m/n/5.24997'.
(microtype)             Ignoring protrusion settings for this character.
Package microtype Info: Character `‼' is missing
(microtype)             in font `TU/TeXGyrePagella(1)/m/n/5.24997'.
(microtype)             Ignoring protrusion settings for this character.
Package microtype Info: Character `⁰' is missing
(microtype)             in font `TU/TeXGyrePagella(1)/m/n/5.24997'.
(microtype)             Ignoring protrusion settings for this character.
Package microtype Info: Character `⁴' is missing
(microtype)             in font `TU/TeXGyrePagella(1)/m/n/5.24997'.
(microtype)             Ignoring protrusion settings for this character.
Package microtype Info: Character `⁵' is missing
(microtype)             in font `TU/TeXGyrePagella(1)/m/n/5.24997'.
(microtype)             Ignoring protrusion settings for this character.
Package microtype Info: Character `⁶' is missing
(microtype)             in font `TU/TeXGyrePagella(1)/m/n/5.24997'.
(microtype)             Ignoring protrusion settings for this character.
Package microtype Info: Character `⁷' is missing
(microtype)             in font `TU/TeXGyrePagella(1)/m/n/5.24997'.
(microtype)             Ignoring protrusion settings for this character.
Package microtype Info: Character `⁸' is missing
(microtype)             in font `TU/TeXGyrePagella(1)/m/n/5.24997'.
(microtype)             Ignoring protrusion settings for this character.
Package microtype Info: Character `⁹' is missing
(microtype)             in font `TU/TeXGyrePagella(1)/m/n/5.24997'.
(microtype)             Ignoring protrusion settings for this character.
Package microtype Info: Character `₀' is missing
(microtype)             in font `TU/TeXGyrePagella(1)/m/n/5.24997'.
(microtype)             Ignoring protrusion settings for this character.
Package microtype Info: Character `₁' is missing
(microtype)             in font `TU/TeXGyrePagella(1)/m/n/5.24997'.
(microtype)             Ignoring protrusion settings for this character.
Package microtype Info: Character `₂' is missing
(microtype)             in font `TU/TeXGyrePagella(1)/m/n/5.24997'.
(microtype)             Ignoring protrusion settings for this character.
Package microtype Info: Character `₃' is missing
(microtype)             in font `TU/TeXGyrePagella(1)/m/n/5.24997'.
(microtype)             Ignoring protrusion settings for this character.
Package microtype Info: Character `₄' is missing
(microtype)             in font `TU/TeXGyrePagella(1)/m/n/5.24997'.
(microtype)             Ignoring protrusion settings for this character.
Package microtype Info: Character `₅' is missing
(microtype)             in font `TU/TeXGyrePagella(1)/m/n/5.24997'.
(microtype)             Ignoring protrusion settings for this character.
Package microtype Info: Character `₆' is missing
(microtype)             in font `TU/TeXGyrePagella(1)/m/n/5.24997'.
(microtype)             Ignoring protrusion settings for this character.
Package microtype Info: Character `₇' is missing
(microtype)             in font `TU/TeXGyrePagella(1)/m/n/5.24997'.
(microtype)             Ignoring protrusion settings for this character.
Package microtype Info: Character `₈' is missing
(microtype)             in font `TU/TeXGyrePagella(1)/m/n/5.24997'.
(microtype)             Ignoring protrusion settings for this character.
Package microtype Info: Character `₉' is missing
(microtype)             in font `TU/TeXGyrePagella(1)/m/n/5.24997'.
(microtype)             Ignoring protrusion settings for this character.
Package microtype Info: Character `₊' is missing
(microtype)             in font `TU/TeXGyrePagella(1)/m/n/5.24997'.
(microtype)             Ignoring protrusion settings for this character.
Package microtype Info: Character `₋' is missing
(microtype)             in font `TU/TeXGyrePagella(1)/m/n/5.24997'.
(microtype)             Ignoring protrusion settings for this character.
Package microtype Info: Character `⁺' is missing
(microtype)             in font `TU/TeXGyrePagella(1)/m/n/5.24997'.
(microtype)             Ignoring protrusion settings for this character.
Package microtype Info: Character `⁻' is missing
(microtype)             in font `TU/TeXGyrePagella(1)/m/n/5.24997'.
(microtype)             Ignoring protrusion settings for this character.
Package microtype Info: Character `ﬆ' is missing
(microtype)             in font `TU/TeXGyrePagella(1)/m/n/3.75'.
(microtype)             Ignoring protrusion settings for this character.
Package microtype Info: Character `ﬅ' is missing
(microtype)             in font `TU/TeXGyrePagella(1)/m/n/3.75'.
(microtype)             Ignoring protrusion settings for this character.
Package microtype Info: Character `‥' is missing
(microtype)             in font `TU/TeXGyrePagella(1)/m/n/3.75'.
(microtype)             Ignoring protrusion settings for this character.
Package microtype Info: Character `‼' is missing
(microtype)             in font `TU/TeXGyrePagella(1)/m/n/3.75'.
(microtype)             Ignoring protrusion settings for this character.
Package microtype Info: Character `⁰' is missing
(microtype)             in font `TU/TeXGyrePagella(1)/m/n/3.75'.
(microtype)             Ignoring protrusion settings for this character.
Package microtype Info: Character `⁴' is missing
(microtype)             in font `TU/TeXGyrePagella(1)/m/n/3.75'.
(microtype)             Ignoring protrusion settings for this character.
Package microtype Info: Character `⁵' is missing
(microtype)             in font `TU/TeXGyrePagella(1)/m/n/3.75'.
(microtype)             Ignoring protrusion settings for this character.
Package microtype Info: Character `⁶' is missing
(microtype)             in font `TU/TeXGyrePagella(1)/m/n/3.75'.
(microtype)             Ignoring protrusion settings for this character.
Package microtype Info: Character `⁷' is missing
(microtype)             in font `TU/TeXGyrePagella(1)/m/n/3.75'.
(microtype)             Ignoring protrusion settings for this character.
Package microtype Info: Character `⁸' is missing
(microtype)             in font `TU/TeXGyrePagella(1)/m/n/3.75'.
(microtype)             Ignoring protrusion settings for this character.
Package microtype Info: Character `⁹' is missing
(microtype)             in font `TU/TeXGyrePagella(1)/m/n/3.75'.
(microtype)             Ignoring protrusion settings for this character.
Package microtype Info: Character `₀' is missing
(microtype)             in font `TU/TeXGyrePagella(1)/m/n/3.75'.
(microtype)             Ignoring protrusion settings for this character.
Package microtype Info: Character `₁' is missing
(microtype)             in font `TU/TeXGyrePagella(1)/m/n/3.75'.
(microtype)             Ignoring protrusion settings for this character.
Package microtype Info: Character `₂' is missing
(microtype)             in font `TU/TeXGyrePagella(1)/m/n/3.75'.
(microtype)             Ignoring protrusion settings for this character.
Package microtype Info: Character `₃' is missing
(microtype)             in font `TU/TeXGyrePagella(1)/m/n/3.75'.
(microtype)             Ignoring protrusion settings for this character.
Package microtype Info: Character `₄' is missing
(microtype)             in font `TU/TeXGyrePagella(1)/m/n/3.75'.
(microtype)             Ignoring protrusion settings for this character.
Package microtype Info: Character `₅' is missing
(microtype)             in font `TU/TeXGyrePagella(1)/m/n/3.75'.
(microtype)             Ignoring protrusion settings for this character.
Package microtype Info: Character `₆' is missing
(microtype)             in font `TU/TeXGyrePagella(1)/m/n/3.75'.
(microtype)             Ignoring protrusion settings for this character.
Package microtype Info: Character `₇' is missing
(microtype)             in font `TU/TeXGyrePagella(1)/m/n/3.75'.
(microtype)             Ignoring protrusion settings for this character.
Package microtype Info: Character `₈' is missing
(microtype)             in font `TU/TeXGyrePagella(1)/m/n/3.75'.
(microtype)             Ignoring protrusion settings for this character.
Package microtype Info: Character `₉' is missing
(microtype)             in font `TU/TeXGyrePagella(1)/m/n/3.75'.
(microtype)             Ignoring protrusion settings for this character.
Package microtype Info: Character `₊' is missing
(microtype)             in font `TU/TeXGyrePagella(1)/m/n/3.75'.
(microtype)             Ignoring protrusion settings for this character.
Package microtype Info: Character `₋' is missing
(microtype)             in font `TU/TeXGyrePagella(1)/m/n/3.75'.
(microtype)             Ignoring protrusion settings for this character.
Package microtype Info: Character `⁺' is missing
(microtype)             in font `TU/TeXGyrePagella(1)/m/n/3.75'.
(microtype)             Ignoring protrusion settings for this character.
Package microtype Info: Character `⁻' is missing
(microtype)             in font `TU/TeXGyrePagella(1)/m/n/3.75'.
(microtype)             Ignoring protrusion settings for this character.

Underfull \hbox (badness 3019) in paragraph at lines 15--15
[][] \TU/TeXGyreHeros(0)/m/n/7.5 Cette construc-tion
 []


Underfull \hbox (badness 3668) in paragraph at lines 15--15
\TU/TeXGyreHeros(0)/m/n/7.5 (en « es-ca-lier » ou en
 []


Underfull \hbox (badness 10000) in paragraph at lines 15--15
\TU/TeXGyreHeros(0)/m/n/7.5 semble se rap-pro-cher
 []


Underfull \hbox (badness 1038) in paragraph at lines 15--15
\TU/TeXGyreHeros(0)/m/n/7.5 d’un point d’in-ter-sec-tion
 []

NEXUS-MARGIN-CAPTURE:nxm:eleve:appui:00000013
NEXUS-MARGIN-MARKER-METADATA:nxm:eleve:appui:00000013)
NEXUS_OBJECT_END:a569467d9c89a5d15431d930ff9d4c8be959ee52
NEXUS_OBJECT_BEGIN:5baf774e39c4ccfc2b94e590423f514dea5e5ed6
(./chapitres/TCOMPL-MODELES-EVOLUTION/cours/12_C3_equation_differentielle.tex
LaTeX Font Info:    Calculating math sizes for size <12.2> on input line 3.
Package microtype Info: Character `ﬆ' is missing
(microtype)             in font `TU/TeXGyrePagella(1)/m/n/12.2'.
(microtype)             Ignoring protrusion settings for this character.
Package microtype Info: Character `ﬅ' is missing
(microtype)             in font `TU/TeXGyrePagella(1)/m/n/12.2'.
(microtype)             Ignoring protrusion settings for this character.
Package microtype Info: Character `‥' is missing
(microtype)             in font `TU/TeXGyrePagella(1)/m/n/12.2'.
(microtype)             Ignoring protrusion settings for this character.
Package microtype Info: Character `‼' is missing
(microtype)             in font `TU/TeXGyrePagella(1)/m/n/12.2'.
(microtype)             Ignoring protrusion settings for this character.
Package microtype Info: Character `⁰' is missing
(microtype)             in font `TU/TeXGyrePagella(1)/m/n/12.2'.
(microtype)             Ignoring protrusion settings for this character.
Package microtype Info: Character `⁴' is missing
(microtype)             in font `TU/TeXGyrePagella(1)/m/n/12.2'.
(microtype)             Ignoring protrusion settings for this character.
Package microtype Info: Character `⁵' is missing
(microtype)             in font `TU/TeXGyrePagella(1)/m/n/12.2'.
(microtype)             Ignoring protrusion settings for this character.
Package microtype Info: Character `⁶' is missing
(microtype)             in font `TU/TeXGyrePagella(1)/m/n/12.2'.
(microtype)             Ignoring protrusion settings for this character.
Package microtype Info: Character `⁷' is missing
(microtype)             in font `TU/TeXGyrePagella(1)/m/n/12.2'.
(microtype)             Ignoring protrusion settings for this character.
Package microtype Info: Character `⁸' is missing
(microtype)             in font `TU/TeXGyrePagella(1)/m/n/12.2'.
(microtype)             Ignoring protrusion settings for this character.
Package microtype Info: Character `⁹' is missing
(microtype)             in font `TU/TeXGyrePagella(1)/m/n/12.2'.
(microtype)             Ignoring protrusion settings for this character.
Package microtype Info: Character `₀' is missing
(microtype)             in font `TU/TeXGyrePagella(1)/m/n/12.2'.
(microtype)             Ignoring protrusion settings for this character.
Package microtype Info: Character `₁' is missing
(microtype)             in font `TU/TeXGyrePagella(1)/m/n/12.2'.
(microtype)             Ignoring protrusion settings for this character.
Package microtype Info: Character `₂' is missing
(microtype)             in font `TU/TeXGyrePagella(1)/m/n/12.2'.
(microtype)             Ignoring protrusion settings for this character.
Package microtype Info: Character `₃' is missing
(microtype)             in font `TU/TeXGyrePagella(1)/m/n/12.2'.
(microtype)             Ignoring protrusion settings for this character.
Package microtype Info: Character `₄' is missing
(microtype)             in font `TU/TeXGyrePagella(1)/m/n/12.2'.
(microtype)             Ignoring protrusion settings for this character.
Package microtype Info: Character `₅' is missing
(microtype)             in font `TU/TeXGyrePagella(1)/m/n/12.2'.
(microtype)             Ignoring protrusion settings for this character.
Package microtype Info: Character `₆' is missing
(microtype)             in font `TU/TeXGyrePagella(1)/m/n/12.2'.
(microtype)             Ignoring protrusion settings for this character.
Package microtype Info: Character `₇' is missing
(microtype)             in font `TU/TeXGyrePagella(1)/m/n/12.2'.
(microtype)             Ignoring protrusion settings for this character.
Package microtype Info: Character `₈' is missing
(microtype)             in font `TU/TeXGyrePagella(1)/m/n/12.2'.
(microtype)             Ignoring protrusion settings for this character.
Package microtype Info: Character `₉' is missing
(microtype)             in font `TU/TeXGyrePagella(1)/m/n/12.2'.
(microtype)             Ignoring protrusion settings for this character.
Package microtype Info: Character `₊' is missing
(microtype)             in font `TU/TeXGyrePagella(1)/m/n/12.2'.
(microtype)             Ignoring protrusion settings for this character.
Package microtype Info: Character `₋' is missing
(microtype)             in font `TU/TeXGyrePagella(1)/m/n/12.2'.
(microtype)             Ignoring protrusion settings for this character.
Package microtype Info: Character `⁺' is missing
(microtype)             in font `TU/TeXGyrePagella(1)/m/n/12.2'.
(microtype)             Ignoring protrusion settings for this character.
Package microtype Info: Character `⁻' is missing
(microtype)             in font `TU/TeXGyrePagella(1)/m/n/12.2'.
(microtype)             Ignoring protrusion settings for this character.
Package microtype Info: Character `ﬆ' is missing
(microtype)             in font `TU/TeXGyrePagella(1)/m/n/8.53995'.
(microtype)             Ignoring protrusion settings for this character.
Package microtype Info: Character `ﬅ' is missing
(microtype)             in font `TU/TeXGyrePagella(1)/m/n/8.53995'.
(microtype)             Ignoring protrusion settings for this character.
Package microtype Info: Character `‥' is missing
(microtype)             in font `TU/TeXGyrePagella(1)/m/n/8.53995'.
(microtype)             Ignoring protrusion settings for this character.
Package microtype Info: Character `‼' is missing
(microtype)             in font `TU/TeXGyrePagella(1)/m/n/8.53995'.
(microtype)             Ignoring protrusion settings for this character.
Package microtype Info: Character `⁰' is missing
(microtype)             in font `TU/TeXGyrePagella(1)/m/n/8.53995'.
(microtype)             Ignoring protrusion settings for this character.
Package microtype Info: Character `⁴' is missing
(microtype)             in font `TU/TeXGyrePagella(1)/m/n/8.53995'.
(microtype)             Ignoring protrusion settings for this character.
Package microtype Info: Character `⁵' is missing
(microtype)             in font `TU/TeXGyrePagella(1)/m/n/8.53995'.
(microtype)             Ignoring protrusion settings for this character.
Package microtype Info: Character `⁶' is missing
(microtype)             in font `TU/TeXGyrePagella(1)/m/n/8.53995'.
(microtype)             Ignoring protrusion settings for this character.
Package microtype Info: Character `⁷' is missing
(microtype)             in font `TU/TeXGyrePagella(1)/m/n/8.53995'.
(microtype)             Ignoring protrusion settings for this character.
Package microtype Info: Character `⁸' is missing
(microtype)             in font `TU/TeXGyrePagella(1)/m/n/8.53995'.
(microtype)             Ignoring protrusion settings for this character.
Package microtype Info: Character `⁹' is missing
(microtype)             in font `TU/TeXGyrePagella(1)/m/n/8.53995'.
(microtype)             Ignoring protrusion settings for this character.
Package microtype Info: Character `₀' is missing
(microtype)             in font `TU/TeXGyrePagella(1)/m/n/8.53995'.
(microtype)             Ignoring protrusion settings for this character.
Package microtype Info: Character `₁' is missing
(microtype)             in font `TU/TeXGyrePagella(1)/m/n/8.53995'.
(microtype)             Ignoring protrusion settings for this character.
Package microtype Info: Character `₂' is missing
(microtype)             in font `TU/TeXGyrePagella(1)/m/n/8.53995'.
(microtype)             Ignoring protrusion settings for this character.
Package microtype Info: Character `₃' is missing
(microtype)             in font `TU/TeXGyrePagella(1)/m/n/8.53995'.
(microtype)             Ignoring protrusion settings for this character.
Package microtype Info: Character `₄' is missing
(microtype)             in font `TU/TeXGyrePagella(1)/m/n/8.53995'.
(microtype)             Ignoring protrusion settings for this character.
Package microtype Info: Character `₅' is missing
(microtype)             in font `TU/TeXGyrePagella(1)/m/n/8.53995'.
(microtype)             Ignoring protrusion settings for this character.
Package microtype Info: Character `₆' is missing
(microtype)             in font `TU/TeXGyrePagella(1)/m/n/8.53995'.
(microtype)             Ignoring protrusion settings for this character.
Package microtype Info: Character `₇' is missing
(microtype)             in font `TU/TeXGyrePagella(1)/m/n/8.53995'.
(microtype)             Ignoring protrusion settings for this character.
Package microtype Info: Character `₈' is missing
(microtype)             in font `TU/TeXGyrePagella(1)/m/n/8.53995'.
(microtype)             Ignoring protrusion settings for this character.
Package microtype Info: Character `₉' is missing
(microtype)             in font `TU/TeXGyrePagella(1)/m/n/8.53995'.
(microtype)             Ignoring protrusion settings for this character.
Package microtype Info: Character `₊' is missing
(microtype)             in font `TU/TeXGyrePagella(1)/m/n/8.53995'.
(microtype)             Ignoring protrusion settings for this character.
Package microtype Info: Character `₋' is missing
(microtype)             in font `TU/TeXGyrePagella(1)/m/n/8.53995'.
(microtype)             Ignoring protrusion settings for this character.
Package microtype Info: Character `⁺' is missing
(microtype)             in font `TU/TeXGyrePagella(1)/m/n/8.53995'.
(microtype)             Ignoring protrusion settings for this character.
Package microtype Info: Character `⁻' is missing
(microtype)             in font `TU/TeXGyrePagella(1)/m/n/8.53995'.
(microtype)             Ignoring protrusion settings for this character.
Package microtype Info: Character `ﬆ' is missing
(microtype)             in font `TU/TeXGyrePagella(1)/m/n/6.09999'.
(microtype)             Ignoring protrusion settings for this character.
Package microtype Info: Character `ﬅ' is missing
(microtype)             in font `TU/TeXGyrePagella(1)/m/n/6.09999'.
(microtype)             Ignoring protrusion settings for this character.
Package microtype Info: Character `‥' is missing
(microtype)             in font `TU/TeXGyrePagella(1)/m/n/6.09999'.
(microtype)             Ignoring protrusion settings for this character.
Package microtype Info: Character `‼' is missing
(microtype)             in font `TU/TeXGyrePagella(1)/m/n/6.09999'.
(microtype)             Ignoring protrusion settings for this character.
Package microtype Info: Character `⁰' is missing
(microtype)             in font `TU/TeXGyrePagella(1)/m/n/6.09999'.
(microtype)             Ignoring protrusion settings for this character.
Package microtype Info: Character `⁴' is missing
(microtype)             in font `TU/TeXGyrePagella(1)/m/n/6.09999'.
(microtype)             Ignoring protrusion settings for this character.
Package microtype Info: Character `⁵' is missing
(microtype)             in font `TU/TeXGyrePagella(1)/m/n/6.09999'.
(microtype)             Ignoring protrusion settings for this character.
Package microtype Info: Character `⁶' is missing
(microtype)             in font `TU/TeXGyrePagella(1)/m/n/6.09999'.
(microtype)             Ignoring protrusion settings for this character.
Package microtype Info: Character `⁷' is missing
(microtype)             in font `TU/TeXGyrePagella(1)/m/n/6.09999'.
(microtype)             Ignoring protrusion settings for this character.
Package microtype Info: Character `⁸' is missing
(microtype)             in font `TU/TeXGyrePagella(1)/m/n/6.09999'.
(microtype)             Ignoring protrusion settings for this character.
Package microtype Info: Character `⁹' is missing
(microtype)             in font `TU/TeXGyrePagella(1)/m/n/6.09999'.
(microtype)             Ignoring protrusion settings for this character.
Package microtype Info: Character `₀' is missing
(microtype)             in font `TU/TeXGyrePagella(1)/m/n/6.09999'.
(microtype)             Ignoring protrusion settings for this character.
Package microtype Info: Character `₁' is missing
(microtype)             in font `TU/TeXGyrePagella(1)/m/n/6.09999'.
(microtype)             Ignoring protrusion settings for this character.
Package microtype Info: Character `₂' is missing
(microtype)             in font `TU/TeXGyrePagella(1)/m/n/6.09999'.
(microtype)             Ignoring protrusion settings for this character.
Package microtype Info: Character `₃' is missing
(microtype)             in font `TU/TeXGyrePagella(1)/m/n/6.09999'.
(microtype)             Ignoring protrusion settings for this character.
Package microtype Info: Character `₄' is missing
(microtype)             in font `TU/TeXGyrePagella(1)/m/n/6.09999'.
(microtype)             Ignoring protrusion settings for this character.
Package microtype Info: Character `₅' is missing
(microtype)             in font `TU/TeXGyrePagella(1)/m/n/6.09999'.
(microtype)             Ignoring protrusion settings for this character.
Package microtype Info: Character `₆' is missing
(microtype)             in font `TU/TeXGyrePagella(1)/m/n/6.09999'.
(microtype)             Ignoring protrusion settings for this character.
Package microtype Info: Character `₇' is missing
(microtype)             in font `TU/TeXGyrePagella(1)/m/n/6.09999'.
(microtype)             Ignoring protrusion settings for this character.
Package microtype Info: Character `₈' is missing
(microtype)             in font `TU/TeXGyrePagella(1)/m/n/6.09999'.
(microtype)             Ignoring protrusion settings for this character.
Package microtype Info: Character `₉' is missing
(microtype)             in font `TU/TeXGyrePagella(1)/m/n/6.09999'.
(microtype)             Ignoring protrusion settings for this character.
Package microtype Info: Character `₊' is missing
(microtype)             in font `TU/TeXGyrePagella(1)/m/n/6.09999'.
(microtype)             Ignoring protrusion settings for this character.
Package microtype Info: Character `₋' is missing
(microtype)             in font `TU/TeXGyrePagella(1)/m/n/6.09999'.
(microtype)             Ignoring protrusion settings for this character.
Package microtype Info: Character `⁺' is missing
(microtype)             in font `TU/TeXGyrePagella(1)/m/n/6.09999'.
(microtype)             Ignoring protrusion settings for this character.
Package microtype Info: Character `⁻' is missing
(microtype)             in font `TU/TeXGyrePagella(1)/m/n/6.09999'.
(microtype)             Ignoring protrusion settings for this character.
Package microtype Info: Character `ﬆ' is missing
(microtype)             in font `TU/TeXGyrePagella(1)/m/n/8'.
(microtype)             Ignoring protrusion settings for this character.
Package microtype Info: Character `ﬅ' is missing
(microtype)             in font `TU/TeXGyrePagella(1)/m/n/8'.
(microtype)             Ignoring protrusion settings for this character.
Package microtype Info: Character `‥' is missing
(microtype)             in font `TU/TeXGyrePagella(1)/m/n/8'.
(microtype)             Ignoring protrusion settings for this character.
Package microtype Info: Character `‼' is missing
(microtype)             in font `TU/TeXGyrePagella(1)/m/n/8'.
(microtype)             Ignoring protrusion settings for this character.
Package microtype Info: Character `⁰' is missing
(microtype)             in font `TU/TeXGyrePagella(1)/m/n/8'.
(microtype)             Ignoring protrusion settings for this character.
Package microtype Info: Character `⁴' is missing
(microtype)             in font `TU/TeXGyrePagella(1)/m/n/8'.
(microtype)             Ignoring protrusion settings for this character.
Package microtype Info: Character `⁵' is missing
(microtype)             in font `TU/TeXGyrePagella(1)/m/n/8'.
(microtype)             Ignoring protrusion settings for this character.
Package microtype Info: Character `⁶' is missing
(microtype)             in font `TU/TeXGyrePagella(1)/m/n/8'.
(microtype)             Ignoring protrusion settings for this character.
Package microtype Info: Character `⁷' is missing
(microtype)             in font `TU/TeXGyrePagella(1)/m/n/8'.
(microtype)             Ignoring protrusion settings for this character.
Package microtype Info: Character `⁸' is missing
(microtype)             in font `TU/TeXGyrePagella(1)/m/n/8'.
(microtype)             Ignoring protrusion settings for this character.
Package microtype Info: Character `⁹' is missing
(microtype)             in font `TU/TeXGyrePagella(1)/m/n/8'.
(microtype)             Ignoring protrusion settings for this character.
Package microtype Info: Character `₀' is missing
(microtype)             in font `TU/TeXGyrePagella(1)/m/n/8'.
(microtype)             Ignoring protrusion settings for this character.
Package microtype Info: Character `₁' is missing
(microtype)             in font `TU/TeXGyrePagella(1)/m/n/8'.
(microtype)             Ignoring protrusion settings for this character.
Package microtype Info: Character `₂' is missing
(microtype)             in font `TU/TeXGyrePagella(1)/m/n/8'.
(microtype)             Ignoring protrusion settings for this character.
Package microtype Info: Character `₃' is missing
(microtype)             in font `TU/TeXGyrePagella(1)/m/n/8'.
(microtype)             Ignoring protrusion settings for this character.
Package microtype Info: Character `₄' is missing
(microtype)             in font `TU/TeXGyrePagella(1)/m/n/8'.
(microtype)             Ignoring protrusion settings for this character.
Package microtype Info: Character `₅' is missing
(microtype)             in font `TU/TeXGyrePagella(1)/m/n/8'.
(microtype)             Ignoring protrusion settings for this character.
Package microtype Info: Character `₆' is missing
(microtype)             in font `TU/TeXGyrePagella(1)/m/n/8'.
(microtype)             Ignoring protrusion settings for this character.
Package microtype Info: Character `₇' is missing
(microtype)             in font `TU/TeXGyrePagella(1)/m/n/8'.
(microtype)             Ignoring protrusion settings for this character.
Package microtype Info: Character `₈' is missing
(microtype)             in font `TU/TeXGyrePagella(1)/m/n/8'.
(microtype)             Ignoring protrusion settings for this character.
Package microtype Info: Character `₉' is missing
(microtype)             in font `TU/TeXGyrePagella(1)/m/n/8'.
(microtype)             Ignoring protrusion settings for this character.
Package microtype Info: Character `₊' is missing
(microtype)             in font `TU/TeXGyrePagella(1)/m/n/8'.
(microtype)             Ignoring protrusion settings for this character.
Package microtype Info: Character `₋' is missing
(microtype)             in font `TU/TeXGyrePagella(1)/m/n/8'.
(microtype)             Ignoring protrusion settings for this character.
Package microtype Info: Character `⁺' is missing
(microtype)             in font `TU/TeXGyrePagella(1)/m/n/8'.
(microtype)             Ignoring protrusion settings for this character.
Package microtype Info: Character `⁻' is missing
(microtype)             in font `TU/TeXGyrePagella(1)/m/n/8'.
(microtype)             Ignoring protrusion settings for this character.
Package microtype Info: Character `ﬆ' is missing
(microtype)             in font `TU/TeXGyrePagella(1)/m/n/6'.
(microtype)             Ignoring protrusion settings for this character.
Package microtype Info: Character `ﬅ' is missing
(microtype)             in font `TU/TeXGyrePagella(1)/m/n/6'.
(microtype)             Ignoring protrusion settings for this character.
Package microtype Info: Character `‥' is missing
(microtype)             in font `TU/TeXGyrePagella(1)/m/n/6'.
(microtype)             Ignoring protrusion settings for this character.
Package microtype Info: Character `‼' is missing
(microtype)             in font `TU/TeXGyrePagella(1)/m/n/6'.
(microtype)             Ignoring protrusion settings for this character.
Package microtype Info: Character `⁰' is missing
(microtype)             in font `TU/TeXGyrePagella(1)/m/n/6'.
(microtype)             Ignoring protrusion settings for this character.
Package microtype Info: Character `⁴' is missing
(microtype)             in font `TU/TeXGyrePagella(1)/m/n/6'.
(microtype)             Ignoring protrusion settings for this character.
Package microtype Info: Character `⁵' is missing
(microtype)             in font `TU/TeXGyrePagella(1)/m/n/6'.
(microtype)             Ignoring protrusion settings for this character.
Package microtype Info: Character `⁶' is missing
(microtype)             in font `TU/TeXGyrePagella(1)/m/n/6'.
(microtype)             Ignoring protrusion settings for this character.
Package microtype Info: Character `⁷' is missing
(microtype)             in font `TU/TeXGyrePagella(1)/m/n/6'.
(microtype)             Ignoring protrusion settings for this character.
Package microtype Info: Character `⁸' is missing
(microtype)             in font `TU/TeXGyrePagella(1)/m/n/6'.
(microtype)             Ignoring protrusion settings for this character.
Package microtype Info: Character `⁹' is missing
(microtype)             in font `TU/TeXGyrePagella(1)/m/n/6'.
(microtype)             Ignoring protrusion settings for this character.
Package microtype Info: Character `₀' is missing
(microtype)             in font `TU/TeXGyrePagella(1)/m/n/6'.
(microtype)             Ignoring protrusion settings for this character.
Package microtype Info: Character `₁' is missing
(microtype)             in font `TU/TeXGyrePagella(1)/m/n/6'.
(microtype)             Ignoring protrusion settings for this character.
Package microtype Info: Character `₂' is missing
(microtype)             in font `TU/TeXGyrePagella(1)/m/n/6'.
(microtype)             Ignoring protrusion settings for this character.
Package microtype Info: Character `₃' is missing
(microtype)             in font `TU/TeXGyrePagella(1)/m/n/6'.
(microtype)             Ignoring protrusion settings for this character.
Package microtype Info: Character `₄' is missing
(microtype)             in font `TU/TeXGyrePagella(1)/m/n/6'.
(microtype)             Ignoring protrusion settings for this character.
Package microtype Info: Character `₅' is missing
(microtype)             in font `TU/TeXGyrePagella(1)/m/n/6'.
(microtype)             Ignoring protrusion settings for this character.
Package microtype Info: Character `₆' is missing
(microtype)             in font `TU/TeXGyrePagella(1)/m/n/6'.
(microtype)             Ignoring protrusion settings for this character.
Package microtype Info: Character `₇' is missing
(microtype)             in font `TU/TeXGyrePagella(1)/m/n/6'.
(microtype)             Ignoring protrusion settings for this character.
Package microtype Info: Character `₈' is missing
(microtype)             in font `TU/TeXGyrePagella(1)/m/n/6'.
(microtype)             Ignoring protrusion settings for this character.
Package microtype Info: Character `₉' is missing
(microtype)             in font `TU/TeXGyrePagella(1)/m/n/6'.
(microtype)             Ignoring protrusion settings for this character.
Package microtype Info: Character `₊' is missing
(microtype)             in font `TU/TeXGyrePagella(1)/m/n/6'.
(microtype)             Ignoring protrusion settings for this character.
Package microtype Info: Character `₋' is missing
(microtype)             in font `TU/TeXGyrePagella(1)/m/n/6'.
(microtype)             Ignoring protrusion settings for this character.
Package microtype Info: Character `⁺' is missing
(microtype)             in font `TU/TeXGyrePagella(1)/m/n/6'.
(microtype)             Ignoring protrusion settings for this character.
Package microtype Info: Character `⁻' is missing
(microtype)             in font `TU/TeXGyrePagella(1)/m/n/6'.
(microtype)             Ignoring protrusion settings for this character.
Package microtype Info: Character `ﬆ' is missing
(microtype)             in font `TU/TeXGyrePagella(1)/m/n/5'.
(microtype)             Ignoring protrusion settings for this character.
Package microtype Info: Character `ﬅ' is missing
(microtype)             in font `TU/TeXGyrePagella(1)/m/n/5'.
(microtype)             Ignoring protrusion settings for this character.
Package microtype Info: Character `‥' is missing
(microtype)             in font `TU/TeXGyrePagella(1)/m/n/5'.
(microtype)             Ignoring protrusion settings for this character.
Package microtype Info: Character `‼' is missing
(microtype)             in font `TU/TeXGyrePagella(1)/m/n/5'.
(microtype)             Ignoring protrusion settings for this character.
Package microtype Info: Character `⁰' is missing
(microtype)             in font `TU/TeXGyrePagella(1)/m/n/5'.
(microtype)             Ignoring protrusion settings for this character.
Package microtype Info: Character `⁴' is missing
(microtype)             in font `TU/TeXGyrePagella(1)/m/n/5'.
(microtype)             Ignoring protrusion settings for this character.
Package microtype Info: Character `⁵' is missing
(microtype)             in font `TU/TeXGyrePagella(1)/m/n/5'.
(microtype)             Ignoring protrusion settings for this character.
Package microtype Info: Character `⁶' is missing
(microtype)             in font `TU/TeXGyrePagella(1)/m/n/5'.
(microtype)             Ignoring protrusion settings for this character.
Package microtype Info: Character `⁷' is missing
(microtype)             in font `TU/TeXGyrePagella(1)/m/n/5'.
(microtype)             Ignoring protrusion settings for this character.
Package microtype Info: Character `⁸' is missing
(microtype)             in font `TU/TeXGyrePagella(1)/m/n/5'.
(microtype)             Ignoring protrusion settings for this character.
Package microtype Info: Character `⁹' is missing
(microtype)             in font `TU/TeXGyrePagella(1)/m/n/5'.
(microtype)             Ignoring protrusion settings for this character.
Package microtype Info: Character `₀' is missing
(microtype)             in font `TU/TeXGyrePagella(1)/m/n/5'.
(microtype)             Ignoring protrusion settings for this character.
Package microtype Info: Character `₁' is missing
(microtype)             in font `TU/TeXGyrePagella(1)/m/n/5'.
(microtype)             Ignoring protrusion settings for this character.
Package microtype Info: Character `₂' is missing
(microtype)             in font `TU/TeXGyrePagella(1)/m/n/5'.
(microtype)             Ignoring protrusion settings for this character.
Package microtype Info: Character `₃' is missing
(microtype)             in font `TU/TeXGyrePagella(1)/m/n/5'.
(microtype)             Ignoring protrusion settings for this character.
Package microtype Info: Character `₄' is missing
(microtype)             in font `TU/TeXGyrePagella(1)/m/n/5'.
(microtype)             Ignoring protrusion settings for this character.
Package microtype Info: Character `₅' is missing
(microtype)             in font `TU/TeXGyrePagella(1)/m/n/5'.
(microtype)             Ignoring protrusion settings for this character.
Package microtype Info: Character `₆' is missing
(microtype)             in font `TU/TeXGyrePagella(1)/m/n/5'.
(microtype)             Ignoring protrusion settings for this character.
Package microtype Info: Character `₇' is missing
(microtype)             in font `TU/TeXGyrePagella(1)/m/n/5'.
(microtype)             Ignoring protrusion settings for this character.
Package microtype Info: Character `₈' is missing
(microtype)             in font `TU/TeXGyrePagella(1)/m/n/5'.
(microtype)             Ignoring protrusion settings for this character.
Package microtype Info: Character `₉' is missing
(microtype)             in font `TU/TeXGyrePagella(1)/m/n/5'.
(microtype)             Ignoring protrusion settings for this character.
Package microtype Info: Character `₊' is missing
(microtype)             in font `TU/TeXGyrePagella(1)/m/n/5'.
(microtype)             Ignoring protrusion settings for this character.
Package microtype Info: Character `₋' is missing
(microtype)             in font `TU/TeXGyrePagella(1)/m/n/5'.
(microtype)             Ignoring protrusion settings for this character.
Package microtype Info: Character `⁺' is missing
(microtype)             in font `TU/TeXGyrePagella(1)/m/n/5'.
(microtype)             Ignoring protrusion settings for this character.
Package microtype Info: Character `⁻' is missing
(microtype)             in font `TU/TeXGyrePagella(1)/m/n/5'.
(microtype)             Ignoring protrusion settings for this character.

[11
warning  (pdf backend): pop empty color page stack 0
NEXUS-MARGIN-ANCHOR:nxm:eleve:appui:00000013])
NEXUS_OBJECT_END:5baf774e39c4ccfc2b94e590423f514dea5e5ed6
NEXUS_OBJECT_BEGIN:e2618489b534dbbdd84da92f2c1feb34f47dcfd7
(./chapitres/TCOMPL-MODELES-EVOLUTION/exercices/TCOMPL-ME-EX-001.tex
NEXUS-MARGIN-CAPTURE:nxm:eleve:chrono:00000014
NEXUS-MARGIN-MARKER-METADATA:nxm:eleve:chrono:00000014)
NEXUS_OBJECT_END:e2618489b534dbbdd84da92f2c1feb34f47dcfd7
NEXUS_OBJECT_BEGIN:e83ec8ed9d87e91200ab8aca9821bb1a464eac3d
(./chapitres/TCOMPL-MODELES-EVOLUTION/exercices/TCOMPL-ME-EX-002.tex
NEXUS-MARGIN-CAPTURE:nxm:eleve:chrono:00000015
NEXUS-MARGIN-MARKER-METADATA:nxm:eleve:chrono:00000015)
NEXUS_OBJECT_END:e83ec8ed9d87e91200ab8aca9821bb1a464eac3d
NEXUS_OBJECT_BEGIN:f56f677cf0645dc02d24d6c989d7914cb14cea29
(./chapitres/TCOMPL-MODELES-EVOLUTION/exercices/TCOMPL-ME-EX-003.tex
NEXUS-MARGIN-CAPTURE:nxm:eleve:chrono:00000016
NEXUS-MARGIN-MARKER-METADATA:nxm:eleve:chrono:00000016)
NEXUS_OBJECT_END:f56f677cf0645dc02d24d6c989d7914cb14cea29
NEXUS_OBJECT_BEGIN:2ce2b7ead2a1bb4d3db222243cce5ecb59391da9
(./chapitres/TCOMPL-MODELES-EVOLUTION/exercices/TCOMPL-ME-EX-004.tex
NEXUS-MARGIN-CAPTURE:nxm:eleve:chrono:00000017
NEXUS-MARGIN-MARKER-METADATA:nxm:eleve:chrono:00000017 [12
warning  (pdf backend): pop empty color page stack 0
NEXUS-MARGIN-ANCHOR:nxm:eleve:chrono:00000014
warning  (pdf backend): pop empty color page stack 0
NEXUS-MARGIN-ANCHOR:nxm:eleve:chrono:00000015
warning  (pdf backend): pop empty color page stack 0
NEXUS-MARGIN-ANCHOR:nxm:eleve:chrono:00000016])
NEXUS_OBJECT_END:2ce2b7ead2a1bb4d3db222243cce5ecb59391da9
NEXUS_OBJECT_BEGIN:38dbcae10b5b2a1d87452b2da0190fd4afc63064
(./chapitres/TCOMPL-MODELES-EVOLUTION/qcm/TCOMPL-MODELES-EVOLUTION-QCM.tex
[13
warning  (pdf backend): pop empty color page stack 0
NEXUS-MARGIN-ANCHOR:nxm:eleve:chrono:00000017])
NEXUS_OBJECT_END:38dbcae10b5b2a1d87452b2da0190fd4afc63064
NEXUS_OBJECT_BEGIN:08efa19cfa410b25fc705177e8568dd8434cde06
(./chapitres/TCOMPL-MODELES-EVOLUTION/evaluations/TCOMPL-ME-EV-A.tex
NEXUS-MARGIN-CAPTURE:nxm:eleve:chrono:00000018
NEXUS-MARGIN-MARKER-METADATA:nxm:eleve:chrono:00000018
NEXUS-MARGIN-CAPTURE:nxm:eleve:chrono:00000019
NEXUS-MARGIN-MARKER-METADATA:nxm:eleve:chrono:00000019)
NEXUS_OBJECT_END:08efa19cfa410b25fc705177e8568dd8434cde06
NEXUS_OBJECT_BEGIN:75c130c357ecaa0a00561f8bb024af3ebf53b948
(./chapitres/TCOMPL-MODELES-EVOLUTION/evaluations/TCOMPL-ME-EV-B.tex
NEXUS-MARGIN-CAPTURE:nxm:eleve:chrono:00000020
NEXUS-MARGIN-MARKER-METADATA:nxm:eleve:chrono:00000020
NEXUS-MARGIN-CAPTURE:nxm:eleve:chrono:00000021
NEXUS-MARGIN-MARKER-METADATA:nxm:eleve:chrono:00000021)
NEXUS_OBJECT_END:75c130c357ecaa0a00561f8bb024af3ebf53b948
NEXUS_OBJECT_BEGIN:4fb12dcdce26269955a91e1f6522c0297105ce0e

(./chapitres/TCOMPL-MODELES-EVOLUTION/remediation/TCOMPL-MODELES-EVOLUTION-RE-C
5.tex
NEXUS-MARGIN-CAPTURE:nxm:eleve:chrono:00000022
NEXUS-MARGIN-MARKER-METADATA:nxm:eleve:chrono:00000022 [14
warning  (pdf backend): pop empty color page stack 0
NEXUS-MARGIN-ANCHOR:nxm:eleve:chrono:00000018
warning  (pdf backend): pop empty color page stack 0
NEXUS-MARGIN-ANCHOR:nxm:eleve:chrono:00000019
warning  (pdf backend): pop empty color page stack 0
NEXUS-MARGIN-ANCHOR:nxm:eleve:chrono:00000020
warning  (pdf backend): pop empty color page stack 0
NEXUS-MARGIN-ANCHOR:nxm:eleve:chrono:00000021])
NEXUS_OBJECT_END:4fb12dcdce26269955a91e1f6522c0297105ce0e

Underfull \hbox (badness 5652) in paragraph at lines 109--109
[]\TU/TeXGyreHeros(0)/b/n/27 Ap-proche his-to-rique de la
 []

[15
warning  (pdf backend): pop empty color page stack 0
NEXUS-MARGIN-ANCHOR:nxm:eleve:chrono:00000022] [16]
NEXUS_OBJECT_BEGIN:8c3702472a2ed11b41c2c5edc041f66f9ff84e0d
(./chapitres/TCOMPL-LOGARITHME-HISTORIQUE/cours/10_C1_definition_ln.tex
Underfull \hbox (badness 6110) in paragraph at lines 13--13
\TU/TeXGyreHeros(0)/m/n/7.5 sur les \TU/TeXGyreHeros(0)/b/n/7.5 ex-po-sants\TU/
TeXGyreHeros(0)/m/n/7.5 , la
 []


Underfull \hbox (badness 10000) in paragraph at lines 13--13
\TU/TeXGyreHeros(0)/m/n/7.5 mul-ti-pli-ca-tion de-vient
 []


Underfull \hbox (badness 10000) in paragraph at lines 13--13
\TU/TeXGyreHeros(0)/m/n/7.5 une ad-di-tion. C’est
 []


Underfull \hbox (badness 7326) in paragraph at lines 13--13
\TU/TeXGyreHeros(0)/m/n/7.5 exac-te-ment le prin-cipe
 []

NEXUS-MARGIN-CAPTURE:nxm:eleve:appui:00000023
NEXUS-MARGIN-MARKER-METADATA:nxm:eleve:appui:00000023
Package microtype Info: Character `ﬆ' is missing
(microtype)             in font `TU/TeXGyrePagella(0)/m/n/7.03'.
(microtype)             Ignoring protrusion settings for this character.
Package microtype Info: Character `ﬅ' is missing
(microtype)             in font `TU/TeXGyrePagella(0)/m/n/7.03'.
(microtype)             Ignoring protrusion settings for this character.
Package microtype Info: Character `‥' is missing
(microtype)             in font `TU/TeXGyrePagella(0)/m/n/7.03'.
(microtype)             Ignoring protrusion settings for this character.
Package microtype Info: Character `‼' is missing
(microtype)             in font `TU/TeXGyrePagella(0)/m/n/7.03'.
(microtype)             Ignoring protrusion settings for this character.
Package microtype Info: Character `⁰' is missing
(microtype)             in font `TU/TeXGyrePagella(0)/m/n/7.03'.
(microtype)             Ignoring protrusion settings for this character.
Package microtype Info: Character `⁴' is missing
(microtype)             in font `TU/TeXGyrePagella(0)/m/n/7.03'.
(microtype)             Ignoring protrusion settings for this character.
Package microtype Info: Character `⁵' is missing
(microtype)             in font `TU/TeXGyrePagella(0)/m/n/7.03'.
(microtype)             Ignoring protrusion settings for this character.
Package microtype Info: Character `⁶' is missing
(microtype)             in font `TU/TeXGyrePagella(0)/m/n/7.03'.
(microtype)             Ignoring protrusion settings for this character.
Package microtype Info: Character `⁷' is missing
(microtype)             in font `TU/TeXGyrePagella(0)/m/n/7.03'.
(microtype)             Ignoring protrusion settings for this character.
Package microtype Info: Character `⁸' is missing
(microtype)             in font `TU/TeXGyrePagella(0)/m/n/7.03'.
(microtype)             Ignoring protrusion settings for this character.
Package microtype Info: Character `⁹' is missing
(microtype)             in font `TU/TeXGyrePagella(0)/m/n/7.03'.
(microtype)             Ignoring protrusion settings for this character.
Package microtype Info: Character `₀' is missing
(microtype)             in font `TU/TeXGyrePagella(0)/m/n/7.03'.
(microtype)             Ignoring protrusion settings for this character.
Package microtype Info: Character `₁' is missing
(microtype)             in font `TU/TeXGyrePagella(0)/m/n/7.03'.
(microtype)             Ignoring protrusion settings for this character.
Package microtype Info: Character `₂' is missing
(microtype)             in font `TU/TeXGyrePagella(0)/m/n/7.03'.
(microtype)             Ignoring protrusion settings for this character.
Package microtype Info: Character `₃' is missing
(microtype)             in font `TU/TeXGyrePagella(0)/m/n/7.03'.
(microtype)             Ignoring protrusion settings for this character.
Package microtype Info: Character `₄' is missing
(microtype)             in font `TU/TeXGyrePagella(0)/m/n/7.03'.
(microtype)             Ignoring protrusion settings for this character.
Package microtype Info: Character `₅' is missing
(microtype)             in font `TU/TeXGyrePagella(0)/m/n/7.03'.
(microtype)             Ignoring protrusion settings for this character.
Package microtype Info: Character `₆' is missing
(microtype)             in font `TU/TeXGyrePagella(0)/m/n/7.03'.
(microtype)             Ignoring protrusion settings for this character.
Package microtype Info: Character `₇' is missing
(microtype)             in font `TU/TeXGyrePagella(0)/m/n/7.03'.
(microtype)             Ignoring protrusion settings for this character.
Package microtype Info: Character `₈' is missing
(microtype)             in font `TU/TeXGyrePagella(0)/m/n/7.03'.
(microtype)             Ignoring protrusion settings for this character.
Package microtype Info: Character `₉' is missing
(microtype)             in font `TU/TeXGyrePagella(0)/m/n/7.03'.
(microtype)             Ignoring protrusion settings for this character.
Package microtype Info: Character `₊' is missing
(microtype)             in font `TU/TeXGyrePagella(0)/m/n/7.03'.
(microtype)             Ignoring protrusion settings for this character.
Package microtype Info: Character `₋' is missing
(microtype)             in font `TU/TeXGyrePagella(0)/m/n/7.03'.
(microtype)             Ignoring protrusion settings for this character.
Package microtype Info: Character `⁺' is missing
(microtype)             in font `TU/TeXGyrePagella(0)/m/n/7.03'.
(microtype)             Ignoring protrusion settings for this character.
Package microtype Info: Character `⁻' is missing
(microtype)             in font `TU/TeXGyrePagella(0)/m/n/7.03'.
(microtype)             Ignoring protrusion settings for this character.
Package microtype Info: Character `ﬆ' is missing
(microtype)             in font `TU/TeXGyrePagella(0)/m/n/5.225'.
(microtype)             Ignoring protrusion settings for this character.
Package microtype Info: Character `ﬅ' is missing
(microtype)             in font `TU/TeXGyrePagella(0)/m/n/5.225'.
(microtype)             Ignoring protrusion settings for this character.
Package microtype Info: Character `‥' is missing
(microtype)             in font `TU/TeXGyrePagella(0)/m/n/5.225'.
(microtype)             Ignoring protrusion settings for this character.
Package microtype Info: Character `‼' is missing
(microtype)             in font `TU/TeXGyrePagella(0)/m/n/5.225'.
(microtype)             Ignoring protrusion settings for this character.
Package microtype Info: Character `⁰' is missing
(microtype)             in font `TU/TeXGyrePagella(0)/m/n/5.225'.
(microtype)             Ignoring protrusion settings for this character.
Package microtype Info: Character `⁴' is missing
(microtype)             in font `TU/TeXGyrePagella(0)/m/n/5.225'.
(microtype)             Ignoring protrusion settings for this character.
Package microtype Info: Character `⁵' is missing
(microtype)             in font `TU/TeXGyrePagella(0)/m/n/5.225'.
(microtype)             Ignoring protrusion settings for this character.
Package microtype Info: Character `⁶' is missing
(microtype)             in font `TU/TeXGyrePagella(0)/m/n/5.225'.
(microtype)             Ignoring protrusion settings for this character.
Package microtype Info: Character `⁷' is missing
(microtype)             in font `TU/TeXGyrePagella(0)/m/n/5.225'.
(microtype)             Ignoring protrusion settings for this character.
Package microtype Info: Character `⁸' is missing
(microtype)             in font `TU/TeXGyrePagella(0)/m/n/5.225'.
(microtype)             Ignoring protrusion settings for this character.
Package microtype Info: Character `⁹' is missing
(microtype)             in font `TU/TeXGyrePagella(0)/m/n/5.225'.
(microtype)             Ignoring protrusion settings for this character.
Package microtype Info: Character `₀' is missing
(microtype)             in font `TU/TeXGyrePagella(0)/m/n/5.225'.
(microtype)             Ignoring protrusion settings for this character.
Package microtype Info: Character `₁' is missing
(microtype)             in font `TU/TeXGyrePagella(0)/m/n/5.225'.
(microtype)             Ignoring protrusion settings for this character.
Package microtype Info: Character `₂' is missing
(microtype)             in font `TU/TeXGyrePagella(0)/m/n/5.225'.
(microtype)             Ignoring protrusion settings for this character.
Package microtype Info: Character `₃' is missing
(microtype)             in font `TU/TeXGyrePagella(0)/m/n/5.225'.
(microtype)             Ignoring protrusion settings for this character.
Package microtype Info: Character `₄' is missing
(microtype)             in font `TU/TeXGyrePagella(0)/m/n/5.225'.
(microtype)             Ignoring protrusion settings for this character.
Package microtype Info: Character `₅' is missing
(microtype)             in font `TU/TeXGyrePagella(0)/m/n/5.225'.
(microtype)             Ignoring protrusion settings for this character.
Package microtype Info: Character `₆' is missing
(microtype)             in font `TU/TeXGyrePagella(0)/m/n/5.225'.
(microtype)             Ignoring protrusion settings for this character.
Package microtype Info: Character `₇' is missing
(microtype)             in font `TU/TeXGyrePagella(0)/m/n/5.225'.
(microtype)             Ignoring protrusion settings for this character.
Package microtype Info: Character `₈' is missing
(microtype)             in font `TU/TeXGyrePagella(0)/m/n/5.225'.
(microtype)             Ignoring protrusion settings for this character.
Package microtype Info: Character `₉' is missing
(microtype)             in font `TU/TeXGyrePagella(0)/m/n/5.225'.
(microtype)             Ignoring protrusion settings for this character.
Package microtype Info: Character `₊' is missing
(microtype)             in font `TU/TeXGyrePagella(0)/m/n/5.225'.
(microtype)             Ignoring protrusion settings for this character.
Package microtype Info: Character `₋' is missing
(microtype)             in font `TU/TeXGyrePagella(0)/m/n/5.225'.
(microtype)             Ignoring protrusion settings for this character.
Package microtype Info: Character `⁺' is missing
(microtype)             in font `TU/TeXGyrePagella(0)/m/n/5.225'.
(microtype)             Ignoring protrusion settings for this character.
Package microtype Info: Character `⁻' is missing
(microtype)             in font `TU/TeXGyrePagella(0)/m/n/5.225'.
(microtype)             Ignoring protrusion settings for this character.
)
NEXUS_OBJECT_END:8c3702472a2ed11b41c2c5edc041f66f9ff84e0d
NEXUS_OBJECT_BEGIN:e5026d9f888c7fbba8f9107d1e65636cf9febf2d

(./chapitres/TCOMPL-LOGARITHME-HISTORIQUE/cours/11_C2_equation_fonctionnelle.te
x [17



warning  (pdf backend): pop empty color page stack 0
NEXUS-MARGIN-ANCHOR:nxm:eleve:appui:00000023]
Underfull \hbox (badness 10000) in paragraph at lines 42--42
[][] \TU/TeXGyreHeros(0)/m/n/7.5 Cette équa-tion
 []


Underfull \hbox (badness 1635) in paragraph at lines 42--42
\TU/TeXGyreHeros(0)/m/n/7.5 en une \TU/TeXGyreHeros(0)/b/n/7.5 ad-di-tion\TU/Te
XGyreHeros(0)/m/n/7.5 . C’est
 []

NEXUS-MARGIN-CAPTURE:nxm:eleve:appui:00000024
NEXUS-MARGIN-MARKER-METADATA:nxm:eleve:appui:00000024)
NEXUS_OBJECT_END:e5026d9f888c7fbba8f9107d1e65636cf9febf2d
NEXUS_OBJECT_BEGIN:20ba87cca11fa768ec5e19ca77e9e28311b358cf
(./chapitres/TCOMPL-LOGARITHME-HISTORIQUE/cours/12_C3_derivee_ln.tex [18
warning  (pdf backend): pop empty color page stack 0
NEXUS-MARGIN-ANCHOR:nxm:eleve:appui:00000024])
NEXUS_OBJECT_END:20ba87cca11fa768ec5e19ca77e9e28311b358cf
NEXUS_OBJECT_BEGIN:646333462e3d221fbedd14565fac5067161fa2aa
(./chapitres/TCOMPL-LOGARITHME-HISTORIQUE/exercices/TCOMPL-LOG-EX-001.tex
NEXUS-MARGIN-CAPTURE:nxm:eleve:chrono:00000025
NEXUS-MARGIN-MARKER-METADATA:nxm:eleve:chrono:00000025)
NEXUS_OBJECT_END:646333462e3d221fbedd14565fac5067161fa2aa
NEXUS_OBJECT_BEGIN:8bd6998a7f3b7e73de3b951e9f884ff73fb8bdcd
(./chapitres/TCOMPL-LOGARITHME-HISTORIQUE/exercices/TCOMPL-LOG-EX-002.tex
NEXUS-MARGIN-CAPTURE:nxm:eleve:chrono:00000026
NEXUS-MARGIN-MARKER-METADATA:nxm:eleve:chrono:00000026)
NEXUS_OBJECT_END:8bd6998a7f3b7e73de3b951e9f884ff73fb8bdcd
NEXUS_OBJECT_BEGIN:5952df312da5db9439963c825f524ada5b74af68
(./chapitres/TCOMPL-LOGARITHME-HISTORIQUE/exercices/TCOMPL-LOG-EX-003.tex
NEXUS-MARGIN-CAPTURE:nxm:eleve:chrono:00000027
NEXUS-MARGIN-MARKER-METADATA:nxm:eleve:chrono:00000027)
NEXUS_OBJECT_END:5952df312da5db9439963c825f524ada5b74af68
NEXUS_OBJECT_BEGIN:fe494e3793779bee01ef4d5b1416186911b52a8f
(./chapitres/TCOMPL-LOGARITHME-HISTORIQUE/exercices/TCOMPL-LOG-EX-004.tex
NEXUS-MARGIN-CAPTURE:nxm:eleve:chrono:00000028
NEXUS-MARGIN-MARKER-METADATA:nxm:eleve:chrono:00000028)
NEXUS_OBJECT_END:fe494e3793779bee01ef4d5b1416186911b52a8f
NEXUS_OBJECT_BEGIN:196b680b50ccf3ceaf903fe80c297e0c576ffe5a

(./chapitres/TCOMPL-LOGARITHME-HISTORIQUE/qcm/TCOMPL-LOGARITHME-HISTORIQUE-QCM.
tex [19
warning  (pdf backend): pop empty color page stack 0
NEXUS-MARGIN-ANCHOR:nxm:eleve:chrono:00000025
warning  (pdf backend): pop empty color page stack 0
NEXUS-MARGIN-ANCHOR:nxm:eleve:chrono:00000026
warning  (pdf backend): pop empty color page stack 0
NEXUS-MARGIN-ANCHOR:nxm:eleve:chrono:00000027
warning  (pdf backend): pop empty color page stack 0
NEXUS-MARGIN-ANCHOR:nxm:eleve:chrono:00000028])
NEXUS_OBJECT_END:196b680b50ccf3ceaf903fe80c297e0c576ffe5a
NEXUS_OBJECT_BEGIN:65f7fcf7d259a6a86ecbd7d83379a1c4e6a9b0f8
(./chapitres/TCOMPL-LOGARITHME-HISTORIQUE/evaluations/TCOMPL-LOG-EV-A.tex
NEXUS-MARGIN-CAPTURE:nxm:eleve:chrono:00000029
NEXUS-MARGIN-MARKER-METADATA:nxm:eleve:chrono:00000029
NEXUS-MARGIN-CAPTURE:nxm:eleve:chrono:00000030
NEXUS-MARGIN-MARKER-METADATA:nxm:eleve:chrono:00000030 [20
warning  (pdf backend): pop empty color page stack 0
NEXUS-MARGIN-ANCHOR:nxm:eleve:chrono:00000029
warning  (pdf backend): pop empty color page stack 0
NEXUS-MARGIN-ANCHOR:nxm:eleve:chrono:00000030])
NEXUS_OBJECT_END:65f7fcf7d259a6a86ecbd7d83379a1c4e6a9b0f8
NEXUS_OBJECT_BEGIN:e8ef9a6e7908d0f40ca371944d0b4bc72c255af8
(./chapitres/TCOMPL-LOGARITHME-HISTORIQUE/evaluations/TCOMPL-LOG-EV-B.tex
NEXUS-MARGIN-CAPTURE:nxm:eleve:chrono:00000031
NEXUS-MARGIN-MARKER-METADATA:nxm:eleve:chrono:00000031
NEXUS-MARGIN-CAPTURE:nxm:eleve:chrono:00000032
NEXUS-MARGIN-MARKER-METADATA:nxm:eleve:chrono:00000032)
NEXUS_OBJECT_END:e8ef9a6e7908d0f40ca371944d0b4bc72c255af8
NEXUS_OBJECT_BEGIN:f3ea1142815af76dee08b79de59c0d02cdd906f1

(./chapitres/TCOMPL-LOGARITHME-HISTORIQUE/remediation/TCOMPL-LOGARITHME-HISTORI
QUE-RE-C3.tex
NEXUS-MARGIN-CAPTURE:nxm:eleve:chrono:00000033
NEXUS-MARGIN-MARKER-METADATA:nxm:eleve:chrono:00000033)
NEXUS_OBJECT_END:f3ea1142815af76dee08b79de59c0d02cdd906f1
[21
warning  (pdf backend): pop empty color page stack 0
NEXUS-MARGIN-ANCHOR:nxm:eleve:chrono:00000031
warning  (pdf backend): pop empty color page stack 0
NEXUS-MARGIN-ANCHOR:nxm:eleve:chrono:00000032
warning  (pdf backend): pop empty color page stack 0
NEXUS-MARGIN-ANCHOR:nxm:eleve:chrono:00000033] [22]
NEXUS_OBJECT_BEGIN:c553d3a2de5c0ae1cb4ea0db4fcea494eab4ca3e
(./chapitres/TCOMPL-CALCULS-AIRES/cours/10_C1_primitives.tex
Underfull \hbox (badness 10000) in paragraph at lines 36--36
[][] \TU/TeXGyreHeros(0)/m/n/7.5 Re-con-naître ces
 []


Underfull \hbox (badness 1014) in paragraph at lines 36--36
\TU/TeXGyreHeros(0)/m/n/7.5 formes de-mande de re-
 []


Underfull \hbox (badness 1009) in paragraph at lines 36--36
\TU/TeXGyreHeros(0)/m/n/7.5 pé-rer, dans l’ex-pres-sion
 []


Underfull \hbox (badness 1337) in paragraph at lines 36--36
\TU/TeXGyreHeros(0)/m/n/7.5 à in-té-grer, une fonc-tion
 []


Underfull \hbox (badness 1325) in paragraph at lines 36--36
\TU/TeXGyrePagellaMath(1)/m/n/7.5 𝑢$ \TU/TeXGyreHeros(0)/m/n/7.5 et sa dé-ri
-vée $\TU/TeXGyrePagellaMath(1)/m/n/7.5 𝑢[]$ \TU/TeXGyreHeros(0)/m/n/7.5 qui

 []


Underfull \hbox (badness 1371) in paragraph at lines 36--36
\TU/TeXGyreHeros(0)/m/n/7.5 c’est l’exer-cice prin-ci-pal
 []

NEXUS-MARGIN-CAPTURE:nxm:eleve:appui:00000034
NEXUS-MARGIN-MARKER-METADATA:nxm:eleve:appui:00000034)
NEXUS_OBJECT_END:c553d3a2de5c0ae1cb4ea0db4fcea494eab4ca3e
NEXUS_OBJECT_BEGIN:269d3adb6eda2f0961ebd69cd4fb0064c1b018f1
(./chapitres/TCOMPL-CALCULS-AIRES/cours/11_C2_integrale_aire.tex
Underfull \hbox (badness 10000) in paragraph at lines 22--22
\TU/TeXGyreHeros(0)/m/n/7.5 sim-ple-ment que l’aire
 []


Underfull \hbox (badness 10000) in paragraph at lines 22--22
\TU/TeXGyreHeros(0)/m/n/7.5 to-tale sous la courbe
 []

NEXUS-MARGIN-CAPTURE:nxm:eleve:appui:00000035
NEXUS-MARGIN-MARKER-METADATA:nxm:eleve:appui:00000035 [23



warning  (pdf backend): pop empty color page stack 0
NEXUS-MARGIN-ANCHOR:nxm:eleve:appui:00000034
warning  (pdf backend): pop empty color page stack 0
NEXUS-MARGIN-ANCHOR:nxm:eleve:appui:00000035])
NEXUS_OBJECT_END:269d3adb6eda2f0961ebd69cd4fb0064c1b018f1
NEXUS_OBJECT_BEGIN:a02b41f451a613f046d39db7421fdc4c48bc9da3
(./chapitres/TCOMPL-CALCULS-AIRES/cours/12_C3_calcul_integral.tex [24])
NEXUS_OBJECT_END:a02b41f451a613f046d39db7421fdc4c48bc9da3
NEXUS_OBJECT_BEGIN:f1d57e7b63408aae026d83398fc4c308b9a9b630
(./chapitres/TCOMPL-CALCULS-AIRES/exercices/TCOMPL-AIR-EX-001.tex
NEXUS-MARGIN-CAPTURE:nxm:eleve:chrono:00000036
NEXUS-MARGIN-MARKER-METADATA:nxm:eleve:chrono:00000036)
NEXUS_OBJECT_END:f1d57e7b63408aae026d83398fc4c308b9a9b630
NEXUS_OBJECT_BEGIN:832e44acd2ff2ae5e39cbd9c64a828c750e17bf6
(./chapitres/TCOMPL-CALCULS-AIRES/exercices/TCOMPL-AIR-EX-002.tex
NEXUS-MARGIN-CAPTURE:nxm:eleve:chrono:00000037
NEXUS-MARGIN-MARKER-METADATA:nxm:eleve:chrono:00000037)
NEXUS_OBJECT_END:832e44acd2ff2ae5e39cbd9c64a828c750e17bf6
NEXUS_OBJECT_BEGIN:ec7f8e1ec113bdb00663fc0fd17b183cd285f858
(./chapitres/TCOMPL-CALCULS-AIRES/exercices/TCOMPL-AIR-EX-003.tex
NEXUS-MARGIN-CAPTURE:nxm:eleve:chrono:00000038
NEXUS-MARGIN-MARKER-METADATA:nxm:eleve:chrono:00000038)
NEXUS_OBJECT_END:ec7f8e1ec113bdb00663fc0fd17b183cd285f858
NEXUS_OBJECT_BEGIN:bd93775613d47b97da5032d7928d99ecdf875b14
(./chapitres/TCOMPL-CALCULS-AIRES/exercices/TCOMPL-AIR-EX-004.tex
NEXUS-MARGIN-CAPTURE:nxm:eleve:chrono:00000039
NEXUS-MARGIN-MARKER-METADATA:nxm:eleve:chrono:00000039)
NEXUS_OBJECT_END:bd93775613d47b97da5032d7928d99ecdf875b14
NEXUS_OBJECT_BEGIN:c4c012cf1233ccca22fa05e9ce54eab92ae9b5a8
(./chapitres/TCOMPL-CALCULS-AIRES/qcm/TCOMPL-CALCULS-AIRES-QCM.tex [25
warning  (pdf backend): pop empty color page stack 0
NEXUS-MARGIN-ANCHOR:nxm:eleve:chrono:00000036
warning  (pdf backend): pop empty color page stack 0
NEXUS-MARGIN-ANCHOR:nxm:eleve:chrono:00000037
warning  (pdf backend): pop empty color page stack 0
NEXUS-MARGIN-ANCHOR:nxm:eleve:chrono:00000038
warning  (pdf backend): pop empty color page stack 0
NEXUS-MARGIN-ANCHOR:nxm:eleve:chrono:00000039])
NEXUS_OBJECT_END:c4c012cf1233ccca22fa05e9ce54eab92ae9b5a8
NEXUS_OBJECT_BEGIN:3db0a4bf72f7c897e23ab3296371e4c225a4a543
(./chapitres/TCOMPL-CALCULS-AIRES/evaluations/TCOMPL-AIR-EV-A.tex
NEXUS-MARGIN-CAPTURE:nxm:eleve:chrono:00000040
NEXUS-MARGIN-MARKER-METADATA:nxm:eleve:chrono:00000040 [26]
NEXUS-MARGIN-CAPTURE:nxm:eleve:chrono:00000041
NEXUS-MARGIN-MARKER-METADATA:nxm:eleve:chrono:00000041)
NEXUS_OBJECT_END:3db0a4bf72f7c897e23ab3296371e4c225a4a543
NEXUS_OBJECT_BEGIN:b8f3ce47dcb49a5cd13790eccecec5ea288adca9
(./chapitres/TCOMPL-CALCULS-AIRES/evaluations/TCOMPL-AIR-EV-B.tex
NEXUS-MARGIN-CAPTURE:nxm:eleve:chrono:00000042
NEXUS-MARGIN-MARKER-METADATA:nxm:eleve:chrono:00000042
NEXUS-MARGIN-CAPTURE:nxm:eleve:chrono:00000043
NEXUS-MARGIN-MARKER-METADATA:nxm:eleve:chrono:00000043)
NEXUS_OBJECT_END:b8f3ce47dcb49a5cd13790eccecec5ea288adca9
NEXUS_OBJECT_BEGIN:ac32643e760a7304b9f56a9b23892d88ba418c30
(./chapitres/TCOMPL-CALCULS-AIRES/remediation/TCOMPL-CALCULS-AIRES-RE-C4.tex
NEXUS-MARGIN-CAPTURE:nxm:eleve:chrono:00000044
NEXUS-MARGIN-MARKER-METADATA:nxm:eleve:chrono:00000044)
NEXUS_OBJECT_END:ac32643e760a7304b9f56a9b23892d88ba418c30
[27
warning  (pdf backend): pop empty color page stack 0
NEXUS-MARGIN-ANCHOR:nxm:eleve:chrono:00000040
warning  (pdf backend): pop empty color page stack 0
NEXUS-MARGIN-ANCHOR:nxm:eleve:chrono:00000041
warning  (pdf backend): pop empty color page stack 0
NEXUS-MARGIN-ANCHOR:nxm:eleve:chrono:00000042
warning  (pdf backend): pop empty color page stack 0
NEXUS-MARGIN-ANCHOR:nxm:eleve:chrono:00000043
warning  (pdf backend): pop empty color page stack 0
NEXUS-MARGIN-ANCHOR:nxm:eleve:chrono:00000044] [28]
NEXUS_OBJECT_BEGIN:6f9c8067ea67b2584bd8ae095d78eaf334922e71
(./chapitres/TCOMPL-INEGALITES/cours/10_C1_courbe_lorenz.tex
Underfull \hbox (badness 10000) in paragraph at lines 27--27
\TU/TeXGyreHeros(0)/m/n/7.5 dé-tient rien, et $\TU/TeXGyrePagellaMath(1)/m/n/7
.5 100%$
 []

NEXUS-MARGIN-CAPTURE:nxm:eleve:appui:00000045
NEXUS-MARGIN-MARKER-METADATA:nxm:eleve:appui:00000045)
NEXUS_OBJECT_END:6f9c8067ea67b2584bd8ae095d78eaf334922e71
NEXUS_OBJECT_BEGIN:9b6b5f033f393e4fe642d77535202688a14823a3
(./chapitres/TCOMPL-INEGALITES/cours/11_C2_indice_gini.tex [29



warning  (pdf backend): pop empty color page stack 0
NEXUS-MARGIN-ANCHOR:nxm:eleve:appui:00000045])
NEXUS_OBJECT_END:9b6b5f033f393e4fe642d77535202688a14823a3
NEXUS_OBJECT_BEGIN:d591e520a0aa059e455e1b7daa42abe050192ee8
(./chapitres/TCOMPL-INEGALITES/exercices/TCOMPL-INEG-EX-001.tex
NEXUS-MARGIN-CAPTURE:nxm:eleve:chrono:00000046
NEXUS-MARGIN-MARKER-METADATA:nxm:eleve:chrono:00000046)
NEXUS_OBJECT_END:d591e520a0aa059e455e1b7daa42abe050192ee8
NEXUS_OBJECT_BEGIN:45fe663d5b8833aac6d4cd72035125d59e115a7f
(./chapitres/TCOMPL-INEGALITES/exercices/TCOMPL-INEG-EX-002.tex
NEXUS-MARGIN-CAPTURE:nxm:eleve:chrono:00000047
NEXUS-MARGIN-MARKER-METADATA:nxm:eleve:chrono:00000047)
NEXUS_OBJECT_END:45fe663d5b8833aac6d4cd72035125d59e115a7f
NEXUS_OBJECT_BEGIN:d371df3c8be48ff268f22c8ab901fa29b546f7fe
(./chapitres/TCOMPL-INEGALITES/exercices/TCOMPL-INEG-EX-003.tex
NEXUS-MARGIN-CAPTURE:nxm:eleve:chrono:00000048
NEXUS-MARGIN-MARKER-METADATA:nxm:eleve:chrono:00000048)
NEXUS_OBJECT_END:d371df3c8be48ff268f22c8ab901fa29b546f7fe
NEXUS_OBJECT_BEGIN:cdbcedfb89c64f87655e1832ddf4d23418bf7ea5
(./chapitres/TCOMPL-INEGALITES/exercices/TCOMPL-INEG-EX-004.tex
NEXUS-MARGIN-CAPTURE:nxm:eleve:chrono:00000049
NEXUS-MARGIN-MARKER-METADATA:nxm:eleve:chrono:00000049 [30
warning  (pdf backend): pop empty color page stack 0
NEXUS-MARGIN-ANCHOR:nxm:eleve:chrono:00000046
warning  (pdf backend): pop empty color page stack 0
NEXUS-MARGIN-ANCHOR:nxm:eleve:chrono:00000047
warning  (pdf backend): pop empty color page stack 0
NEXUS-MARGIN-ANCHOR:nxm:eleve:chrono:00000048
warning  (pdf backend): pop empty color page stack 0
NEXUS-MARGIN-ANCHOR:nxm:eleve:chrono:00000049])
NEXUS_OBJECT_END:cdbcedfb89c64f87655e1832ddf4d23418bf7ea5
NEXUS_OBJECT_BEGIN:df6bb60ce3effb49d0a57d79e1dce1d4d0b2380b
(./chapitres/TCOMPL-INEGALITES/qcm/TCOMPL-INEGALITES-QCM.tex [31])
NEXUS_OBJECT_END:df6bb60ce3effb49d0a57d79e1dce1d4d0b2380b
NEXUS_OBJECT_BEGIN:5d6c257d7eae1506a38b39b0faecd0d5d9bdd0fc
(./chapitres/TCOMPL-INEGALITES/evaluations/TCOMPL-INEG-EV-A.tex
NEXUS-MARGIN-CAPTURE:nxm:eleve:chrono:00000050
NEXUS-MARGIN-MARKER-METADATA:nxm:eleve:chrono:00000050)
NEXUS_OBJECT_END:5d6c257d7eae1506a38b39b0faecd0d5d9bdd0fc
NEXUS_OBJECT_BEGIN:806231d8eea2e24843f1aab7fb02c4ee4366625c
(./chapitres/TCOMPL-INEGALITES/evaluations/TCOMPL-INEG-EV-B.tex
NEXUS-MARGIN-CAPTURE:nxm:eleve:chrono:00000051
NEXUS-MARGIN-MARKER-METADATA:nxm:eleve:chrono:00000051)
NEXUS_OBJECT_END:806231d8eea2e24843f1aab7fb02c4ee4366625c
NEXUS_OBJECT_BEGIN:a941346208563d2411b61f1440c9c2b951f2cf68
(./chapitres/TCOMPL-INEGALITES/remediation/TCOMPL-INEGALITES-RE-C3.tex
NEXUS-MARGIN-CAPTURE:nxm:eleve:chrono:00000052
NEXUS-MARGIN-MARKER-METADATA:nxm:eleve:chrono:00000052)
NEXUS_OBJECT_END:a941346208563d2411b61f1440c9c2b951f2cf68
[32
warning  (pdf backend): pop empty color page stack 0
NEXUS-MARGIN-ANCHOR:nxm:eleve:chrono:00000050
warning  (pdf backend): pop empty color page stack 0
NEXUS-MARGIN-ANCHOR:nxm:eleve:chrono:00000051
warning  (pdf backend): pop empty color page stack 0
NEXUS-MARGIN-ANCHOR:nxm:eleve:chrono:00000052] [33]
NEXUS_OBJECT_BEGIN:7449db2e7bfd5837f2339e59783a8c0544e243a6
(./chapitres/TCOMPL-INFERENCE-BAYESIENNE/cours/10_C1_formule_bayes.tex
NEXUS-MARGIN-CAPTURE:nxm:eleve:appui:00000053
NEXUS-MARGIN-MARKER-METADATA:nxm:eleve:appui:00000053)
NEXUS_OBJECT_END:7449db2e7bfd5837f2339e59783a8c0544e243a6
NEXUS_OBJECT_BEGIN:3a18e57c505635c612063094e3ae845ba6abaa57
(./chapitres/TCOMPL-INFERENCE-BAYESIENNE/cours/11_C2_tests_depistage.tex
[34



warning  (pdf backend): pop empty color page stack 0
NEXUS-MARGIN-ANCHOR:nxm:eleve:appui:00000053]
NEXUS-MARGIN-CAPTURE:nxm:eleve:appui:00000054
NEXUS-MARGIN-MARKER-METADATA:nxm:eleve:appui:00000054)
NEXUS_OBJECT_END:3a18e57c505635c612063094e3ae845ba6abaa57
NEXUS_OBJECT_BEGIN:88460b78c6800732c9bf7642c2014de1ed874eba
(./chapitres/TCOMPL-INFERENCE-BAYESIENNE/exercices/TCOMPL-BAYES-EX-001.tex
NEXUS-MARGIN-CAPTURE:nxm:eleve:chrono:00000055
NEXUS-MARGIN-MARKER-METADATA:nxm:eleve:chrono:00000055)
NEXUS_OBJECT_END:88460b78c6800732c9bf7642c2014de1ed874eba
NEXUS_OBJECT_BEGIN:25b7fc9f3d98f4f2f66712606ac73e3f1e7316e7
(./chapitres/TCOMPL-INFERENCE-BAYESIENNE/exercices/TCOMPL-BAYES-EX-002.tex
NEXUS-MARGIN-CAPTURE:nxm:eleve:chrono:00000056
NEXUS-MARGIN-MARKER-METADATA:nxm:eleve:chrono:00000056 [35
warning  (pdf backend): pop empty color page stack 0
NEXUS-MARGIN-ANCHOR:nxm:eleve:appui:00000054
warning  (pdf backend): pop empty color page stack 0
NEXUS-MARGIN-ANCHOR:nxm:eleve:chrono:00000055
warning  (pdf backend): pop empty color page stack 0
NEXUS-MARGIN-ANCHOR:nxm:eleve:chrono:00000056])
NEXUS_OBJECT_END:25b7fc9f3d98f4f2f66712606ac73e3f1e7316e7
NEXUS_OBJECT_BEGIN:4d334ddfda8c914c8dce7a51a5bf0517abf2bb4e
(./chapitres/TCOMPL-INFERENCE-BAYESIENNE/exercices/TCOMPL-BAYES-EX-003.tex
NEXUS-MARGIN-CAPTURE:nxm:eleve:chrono:00000057
NEXUS-MARGIN-MARKER-METADATA:nxm:eleve:chrono:00000057)
NEXUS_OBJECT_END:4d334ddfda8c914c8dce7a51a5bf0517abf2bb4e
NEXUS_OBJECT_BEGIN:3896c40773c2948b6b7c445dbfa8bdf3cd0dd846
(./chapitres/TCOMPL-INFERENCE-BAYESIENNE/exercices/TCOMPL-BAYES-EX-004.tex
NEXUS-MARGIN-CAPTURE:nxm:eleve:chrono:00000058
NEXUS-MARGIN-MARKER-METADATA:nxm:eleve:chrono:00000058)
NEXUS_OBJECT_END:3896c40773c2948b6b7c445dbfa8bdf3cd0dd846
NEXUS_OBJECT_BEGIN:d75fc1ac8abe8216b26a6321c71c82d9b51f39b9

(./chapitres/TCOMPL-INFERENCE-BAYESIENNE/qcm/TCOMPL-INFERENCE-BAYESIENNE-QCM.te
x [36
warning  (pdf backend): pop empty color page stack 0
NEXUS-MARGIN-ANCHOR:nxm:eleve:chrono:00000057
warning  (pdf backend): pop empty color page stack 0
NEXUS-MARGIN-ANCHOR:nxm:eleve:chrono:00000058])
NEXUS_OBJECT_END:d75fc1ac8abe8216b26a6321c71c82d9b51f39b9
NEXUS_OBJECT_BEGIN:4960db753341da4b85b66e412883a0779016fe7b
(./chapitres/TCOMPL-INFERENCE-BAYESIENNE/evaluations/TCOMPL-BAYES-EV-A.tex
NEXUS-MARGIN-CAPTURE:nxm:eleve:chrono:00000059
NEXUS-MARGIN-MARKER-METADATA:nxm:eleve:chrono:00000059)
NEXUS_OBJECT_END:4960db753341da4b85b66e412883a0779016fe7b
NEXUS_OBJECT_BEGIN:0562af814564008ca56691658f6200eee87d3812
(./chapitres/TCOMPL-INFERENCE-BAYESIENNE/evaluations/TCOMPL-BAYES-EV-B.tex
NEXUS-MARGIN-CAPTURE:nxm:eleve:chrono:00000060
NEXUS-MARGIN-MARKER-METADATA:nxm:eleve:chrono:00000060
NEXUS-MARGIN-CAPTURE:nxm:eleve:chrono:00000061
NEXUS-MARGIN-MARKER-METADATA:nxm:eleve:chrono:00000061)
NEXUS_OBJECT_END:0562af814564008ca56691658f6200eee87d3812
NEXUS_OBJECT_BEGIN:72979c7585f3d049c34b4c54cea3b070f154bdda

(./chapitres/TCOMPL-INFERENCE-BAYESIENNE/remediation/TCOMPL-INFERENCE-BAYESIENN
E-RE-C2.tex
NEXUS-MARGIN-CAPTURE:nxm:eleve:chrono:00000062
NEXUS-MARGIN-MARKER-METADATA:nxm:eleve:chrono:00000062 [37
warning  (pdf backend): pop empty color page stack 0
NEXUS-MARGIN-ANCHOR:nxm:eleve:chrono:00000059
warning  (pdf backend): pop empty color page stack 0
NEXUS-MARGIN-ANCHOR:nxm:eleve:chrono:00000060
warning  (pdf backend): pop empty color page stack 0
NEXUS-MARGIN-ANCHOR:nxm:eleve:chrono:00000061])
NEXUS_OBJECT_END:72979c7585f3d049c34b4c54cea3b070f154bdda
[38
warning  (pdf backend): pop empty color page stack 0
NEXUS-MARGIN-ANCHOR:nxm:eleve:chrono:00000062] [39]
NEXUS_OBJECT_BEGIN:812ed9c9f794f45f2766534ea06dabb922c7b455
(./chapitres/TCOMPL-ECHANTILLONNAGE/cours/10_C1_loi_binomiale.tex
Underfull \hbox (badness 10000) in paragraph at lines 22--22
[][] \TU/TeXGyreHeros(0)/m/n/7.5 Pour re-con-naître
 []


Underfull \hbox (badness 1776) in paragraph at lines 22--22
\TU/TeXGyreHeros(0)/b/n/7.5 in-dé-pen-dantes\TU/TeXGyreHeros(0)/m/n/7.5 , et un
e
 []


Underfull \hbox (badness 10000) in paragraph at lines 22--22
\TU/TeXGyreHeros(0)/m/n/7.5 pro-ba-bi-lité de suc-cès
 []


Underfull \hbox (badness 3849) in paragraph at lines 22--22
\TU/TeXGyrePagellaMath(1)/m/n/7.5 𝑝$ \TU/TeXGyreHeros(0)/b/n/7.5 iden-tique 
\TU/TeXGyreHeros(0)/m/n/7.5 à chaque
 []

NEXUS-MARGIN-CAPTURE:nxm:eleve:appui:00000063
NEXUS-MARGIN-MARKER-METADATA:nxm:eleve:appui:00000063)
NEXUS_OBJECT_END:812ed9c9f794f45f2766534ea06dabb922c7b455
NEXUS_OBJECT_BEGIN:6220ec4272de2b7af91abd355389160e50b32d3d
(./chapitres/TCOMPL-ECHANTILLONNAGE/cours/11_C2_calculs_esperance.tex [40



warning  (pdf backend): pop empty color page stack 0
NEXUS-MARGIN-ANCHOR:nxm:eleve:appui:00000063])
NEXUS_OBJECT_END:6220ec4272de2b7af91abd355389160e50b32d3d
NEXUS_OBJECT_BEGIN:020789eb42dfe9a9f38f23e16883aa139252ebd2
(./chapitres/TCOMPL-ECHANTILLONNAGE/cours/12_C3_intervalle_simulation.tex
[41]
Underfull \hbox (badness 1092) in paragraph at lines 86--86
\TU/TeXGyrePagellaMath(1)/m/n/7.5 𝑁$ \TU/TeXGyreHeros(0)/m/n/7.5 échan-tillo
ns de taille
 []


Underfull \hbox (badness 10000) in paragraph at lines 86--86
\TU/TeXGyreHeros(0)/m/n/7.5 de chaque échan-tillon
 []


Underfull \hbox (badness 10000) in paragraph at lines 86--86
\TU/TeXGyreHeros(0)/m/n/7.5 per-met d’ob-ser-ver em-
 []


Underfull \hbox (badness 10000) in paragraph at lines 86--86
\TU/TeXGyreHeros(0)/m/n/7.5 pi-ri-que-ment que ces
 []


Underfull \hbox (badness 1852) in paragraph at lines 86--86
\TU/TeXGyreHeros(0)/m/n/7.5 au-tour de $\TU/TeXGyrePagellaMath(1)/m/n/7.5 𝑝$
\TU/TeXGyreHeros(0)/m/n/7.5 , avec une
 []


Underfull \hbox (badness 7151) in paragraph at lines 86--86
\TU/TeXGyreHeros(0)/m/n/7.5 dis-per-sion qui di-mi-nue
 []

NEXUS-MARGIN-CAPTURE:nxm:eleve:appui:00000064
NEXUS-MARGIN-MARKER-METADATA:nxm:eleve:appui:00000064)
NEXUS_OBJECT_END:020789eb42dfe9a9f38f23e16883aa139252ebd2
NEXUS_OBJECT_BEGIN:61f001e137bb5c50feb7180950f2fc1bb02fc5ca
(./chapitres/TCOMPL-ECHANTILLONNAGE/exercices/TCOMPL-ECH-EX-001.tex
NEXUS-MARGIN-CAPTURE:nxm:eleve:chrono:00000065
NEXUS-MARGIN-MARKER-METADATA:nxm:eleve:chrono:00000065)
NEXUS_OBJECT_END:61f001e137bb5c50feb7180950f2fc1bb02fc5ca
NEXUS_OBJECT_BEGIN:aaeb6a577935c9a25f04491b3f3fa555d3e713cc
(./chapitres/TCOMPL-ECHANTILLONNAGE/exercices/TCOMPL-ECH-EX-002.tex
NEXUS-MARGIN-CAPTURE:nxm:eleve:chrono:00000066
NEXUS-MARGIN-MARKER-METADATA:nxm:eleve:chrono:00000066)
NEXUS_OBJECT_END:aaeb6a577935c9a25f04491b3f3fa555d3e713cc
NEXUS_OBJECT_BEGIN:efd3dc210db831091b7a9549923f4ea5987eba25
(./chapitres/TCOMPL-ECHANTILLONNAGE/exercices/TCOMPL-ECH-EX-003.tex
NEXUS-MARGIN-CAPTURE:nxm:eleve:chrono:00000067
NEXUS-MARGIN-MARKER-METADATA:nxm:eleve:chrono:00000067)
NEXUS_OBJECT_END:efd3dc210db831091b7a9549923f4ea5987eba25
NEXUS_OBJECT_BEGIN:3ed0d6a14aa84c5c65f8d8d8dd4369dd5a8bd5fb
(./chapitres/TCOMPL-ECHANTILLONNAGE/exercices/TCOMPL-ECH-EX-004.tex
NEXUS-MARGIN-CAPTURE:nxm:eleve:chrono:00000068
NEXUS-MARGIN-MARKER-METADATA:nxm:eleve:chrono:00000068)
NEXUS_OBJECT_END:3ed0d6a14aa84c5c65f8d8d8dd4369dd5a8bd5fb
NEXUS_OBJECT_BEGIN:ef957b9f2da30ddf1d78147ffc5d203d81f6320e
(./chapitres/TCOMPL-ECHANTILLONNAGE/qcm/TCOMPL-ECHANTILLONNAGE-QCM.tex [42
warning  (pdf backend): pop empty color page stack 0
NEXUS-MARGIN-ANCHOR:nxm:eleve:appui:00000064
warning  (pdf backend): pop empty color page stack 0
NEXUS-MARGIN-ANCHOR:nxm:eleve:chrono:00000065
warning  (pdf backend): pop empty color page stack 0
NEXUS-MARGIN-ANCHOR:nxm:eleve:chrono:00000066
warning  (pdf backend): pop empty color page stack 0
NEXUS-MARGIN-ANCHOR:nxm:eleve:chrono:00000067
warning  (pdf backend): pop empty color page stack 0
NEXUS-MARGIN-ANCHOR:nxm:eleve:chrono:00000068])
NEXUS_OBJECT_END:ef957b9f2da30ddf1d78147ffc5d203d81f6320e
NEXUS_OBJECT_BEGIN:90a2e9d9abec8fa33c64873c03cda6af95541352
(./chapitres/TCOMPL-ECHANTILLONNAGE/evaluations/TCOMPL-ECH-EV-A.tex
NEXUS-MARGIN-CAPTURE:nxm:eleve:chrono:00000069
NEXUS-MARGIN-MARKER-METADATA:nxm:eleve:chrono:00000069 [43]
NEXUS-MARGIN-CAPTURE:nxm:eleve:chrono:00000070
NEXUS-MARGIN-MARKER-METADATA:nxm:eleve:chrono:00000070)
NEXUS_OBJECT_END:90a2e9d9abec8fa33c64873c03cda6af95541352
NEXUS_OBJECT_BEGIN:800545c12bd0481f145e413ce7f92b1d64972ea3
(./chapitres/TCOMPL-ECHANTILLONNAGE/evaluations/TCOMPL-ECH-EV-B.tex
NEXUS-MARGIN-CAPTURE:nxm:eleve:chrono:00000071
NEXUS-MARGIN-MARKER-METADATA:nxm:eleve:chrono:00000071
NEXUS-MARGIN-CAPTURE:nxm:eleve:chrono:00000072
NEXUS-MARGIN-MARKER-METADATA:nxm:eleve:chrono:00000072)
NEXUS_OBJECT_END:800545c12bd0481f145e413ce7f92b1d64972ea3
NEXUS_OBJECT_BEGIN:ff0b6d6f4164d632e30e2ae4329ba487a1def9f2

(./chapitres/TCOMPL-ECHANTILLONNAGE/remediation/TCOMPL-ECHANTILLONNAGE-RE-C3.te
x
NEXUS-MARGIN-CAPTURE:nxm:eleve:chrono:00000073
NEXUS-MARGIN-MARKER-METADATA:nxm:eleve:chrono:00000073)
NEXUS_OBJECT_END:ff0b6d6f4164d632e30e2ae4329ba487a1def9f2
[44
warning  (pdf backend): pop empty color page stack 0
NEXUS-MARGIN-ANCHOR:nxm:eleve:chrono:00000069
warning  (pdf backend): pop empty color page stack 0
NEXUS-MARGIN-ANCHOR:nxm:eleve:chrono:00000070
warning  (pdf backend): pop empty color page stack 0
NEXUS-MARGIN-ANCHOR:nxm:eleve:chrono:00000071
warning  (pdf backend): pop empty color page stack 0
NEXUS-MARGIN-ANCHOR:nxm:eleve:chrono:00000072
warning  (pdf backend): pop empty color page stack 0
NEXUS-MARGIN-ANCHOR:nxm:eleve:chrono:00000073] [45]
NEXUS_OBJECT_BEGIN:a739063306440dc126189f73d87d3cd2dadf24b7
(./chapitres/TCOMPL-TEMPS-ATTENTE/cours/10_C1_loi_geometrique.tex)
NEXUS_OBJECT_END:a739063306440dc126189f73d87d3cd2dadf24b7
NEXUS_OBJECT_BEGIN:8528225cda39de557cbcb47938b6e0b42ed7c3de
(./chapitres/TCOMPL-TEMPS-ATTENTE/cours/11_C2_loi_exponentielle.tex [46


])
NEXUS_OBJECT_END:8528225cda39de557cbcb47938b6e0b42ed7c3de
NEXUS_OBJECT_BEGIN:523d252d9bb9e61c7ce35f54b84130737427a88b
(./chapitres/TCOMPL-TEMPS-ATTENTE/exercices/TCOMPL-ATT-EX-001.tex
NEXUS-MARGIN-CAPTURE:nxm:eleve:chrono:00000074
NEXUS-MARGIN-MARKER-METADATA:nxm:eleve:chrono:00000074)
NEXUS_OBJECT_END:523d252d9bb9e61c7ce35f54b84130737427a88b
NEXUS_OBJECT_BEGIN:8909ba29ad3bf02adc9bd48cc7005c924c27babe
(./chapitres/TCOMPL-TEMPS-ATTENTE/exercices/TCOMPL-ATT-EX-002.tex
NEXUS-MARGIN-CAPTURE:nxm:eleve:chrono:00000075
NEXUS-MARGIN-MARKER-METADATA:nxm:eleve:chrono:00000075)
NEXUS_OBJECT_END:8909ba29ad3bf02adc9bd48cc7005c924c27babe
NEXUS_OBJECT_BEGIN:3ccf741005478479334950ded9b4a5c33f04a04e
(./chapitres/TCOMPL-TEMPS-ATTENTE/exercices/TCOMPL-ATT-EX-003.tex
NEXUS-MARGIN-CAPTURE:nxm:eleve:chrono:00000076
NEXUS-MARGIN-MARKER-METADATA:nxm:eleve:chrono:00000076 [47
warning  (pdf backend): pop empty color page stack 0
NEXUS-MARGIN-ANCHOR:nxm:eleve:chrono:00000074
warning  (pdf backend): pop empty color page stack 0
NEXUS-MARGIN-ANCHOR:nxm:eleve:chrono:00000075])
NEXUS_OBJECT_END:3ccf741005478479334950ded9b4a5c33f04a04e
NEXUS_OBJECT_BEGIN:7179e4e4d59ce237672b5c225a9321bb6451c3d0
(./chapitres/TCOMPL-TEMPS-ATTENTE/exercices/TCOMPL-ATT-EX-004.tex
NEXUS-MARGIN-CAPTURE:nxm:eleve:chrono:00000077
NEXUS-MARGIN-MARKER-METADATA:nxm:eleve:chrono:00000077)
NEXUS_OBJECT_END:7179e4e4d59ce237672b5c225a9321bb6451c3d0
NEXUS_OBJECT_BEGIN:e37d2be4f5a68078ebf47f0496b355eabc883e00
(./chapitres/TCOMPL-TEMPS-ATTENTE/qcm/TCOMPL-TEMPS-ATTENTE-QCM.tex [48
warning  (pdf backend): pop empty color page stack 0
NEXUS-MARGIN-ANCHOR:nxm:eleve:chrono:00000076
warning  (pdf backend): pop empty color page stack 0
NEXUS-MARGIN-ANCHOR:nxm:eleve:chrono:00000077])
NEXUS_OBJECT_END:e37d2be4f5a68078ebf47f0496b355eabc883e00
NEXUS_OBJECT_BEGIN:a9f78b5b46c767ec9a5fccadeb496419da7a939e
(./chapitres/TCOMPL-TEMPS-ATTENTE/evaluations/TCOMPL-ATT-EV-A.tex
NEXUS-MARGIN-CAPTURE:nxm:eleve:chrono:00000078
NEXUS-MARGIN-MARKER-METADATA:nxm:eleve:chrono:00000078
NEXUS-MARGIN-CAPTURE:nxm:eleve:chrono:00000079
NEXUS-MARGIN-MARKER-METADATA:nxm:eleve:chrono:00000079)
NEXUS_OBJECT_END:a9f78b5b46c767ec9a5fccadeb496419da7a939e
NEXUS_OBJECT_BEGIN:a5222812b453cc638e43dd441479acf5e065630c
(./chapitres/TCOMPL-TEMPS-ATTENTE/evaluations/TCOMPL-ATT-EV-B.tex
NEXUS-MARGIN-CAPTURE:nxm:eleve:chrono:00000080
NEXUS-MARGIN-MARKER-METADATA:nxm:eleve:chrono:00000080)
NEXUS_OBJECT_END:a5222812b453cc638e43dd441479acf5e065630c
NEXUS_OBJECT_BEGIN:8bb0b5af688401f25059f971f704738f08d5873d
(./chapitres/TCOMPL-TEMPS-ATTENTE/remediation/TCOMPL-TEMPS-ATTENTE-RE-C5.tex
NEXUS-MARGIN-CAPTURE:nxm:eleve:chrono:00000081
NEXUS-MARGIN-MARKER-METADATA:nxm:eleve:chrono:00000081 [49
warning  (pdf backend): pop empty color page stack 0
NEXUS-MARGIN-ANCHOR:nxm:eleve:chrono:00000078
warning  (pdf backend): pop empty color page stack 0
NEXUS-MARGIN-ANCHOR:nxm:eleve:chrono:00000079
warning  (pdf backend): pop empty color page stack 0
NEXUS-MARGIN-ANCHOR:nxm:eleve:chrono:00000080])
NEXUS_OBJECT_END:8bb0b5af688401f25059f971f704738f08d5873d
[50
warning  (pdf backend): pop empty color page stack 0
NEXUS-MARGIN-ANCHOR:nxm:eleve:chrono:00000081] [51]
NEXUS_OBJECT_BEGIN:f62cb52ed3a39d08f6927ffa86adfae100d79b70
(./chapitres/TCOMPL-CORRELATION-CAUSALITE/cours/10_C1_ajustement_affine.tex)
NEXUS_OBJECT_END:f62cb52ed3a39d08f6927ffa86adfae100d79b70
NEXUS_OBJECT_BEGIN:be62a67dfa6cc8200f22ede685ea35bfa640881c
(./chapitres/TCOMPL-CORRELATION-CAUSALITE/cours/11_C2_changement_variable.tex
[52


])
NEXUS_OBJECT_END:be62a67dfa6cc8200f22ede685ea35bfa640881c
NEXUS_OBJECT_BEGIN:74d68318e9c80b0b729a690570b30f0312f48817

(./chapitres/TCOMPL-CORRELATION-CAUSALITE/cours/12_C3_correlation_causalite.tex
[53]
Underfull \hbox (badness 10000) in paragraph at lines 37--37
[][] \TU/TeXGyreHeros(0)/m/n/7.5 Pour éta-blir une
 []


Underfull \hbox (badness 4634) in paragraph at lines 37--37
\TU/TeXGyreHeros(0)/m/n/7.5 reuse, les scien-ti-fiques
 []


Underfull \hbox (badness 7613) in paragraph at lines 37--37
\TU/TeXGyreHeros(0)/m/n/7.5 uti-lisent des mé-thodes
 []


Underfull \hbox (badness 2042) in paragraph at lines 37--37
\TU/TeXGyreHeros(0)/m/n/7.5 contrô-lées avec groupe
 []


Underfull \hbox (badness 1412) in paragraph at lines 37--37
\TU/TeXGyreHeros(0)/m/n/7.5 té-moin, es-sais ran-do-mi-
 []

NEXUS-MARGIN-CAPTURE:nxm:eleve:appui:00000082
NEXUS-MARGIN-MARKER-METADATA:nxm:eleve:appui:00000082)
NEXUS_OBJECT_END:74d68318e9c80b0b729a690570b30f0312f48817
NEXUS_OBJECT_BEGIN:fb3213b9d5e4f674cec0725b97e2b1a991ab1dd7
(./chapitres/TCOMPL-CORRELATION-CAUSALITE/exercices/TCOMPL-CORR-EX-001.tex
NEXUS-MARGIN-CAPTURE:nxm:eleve:chrono:00000083
NEXUS-MARGIN-MARKER-METADATA:nxm:eleve:chrono:00000083)
NEXUS_OBJECT_END:fb3213b9d5e4f674cec0725b97e2b1a991ab1dd7
NEXUS_OBJECT_BEGIN:b737ec89f98bbeba27b61ad0eda190e88b6530f2
(./chapitres/TCOMPL-CORRELATION-CAUSALITE/exercices/TCOMPL-CORR-EX-002.tex
NEXUS-MARGIN-CAPTURE:nxm:eleve:chrono:00000084
NEXUS-MARGIN-MARKER-METADATA:nxm:eleve:chrono:00000084)
NEXUS_OBJECT_END:b737ec89f98bbeba27b61ad0eda190e88b6530f2
NEXUS_OBJECT_BEGIN:a5058b0544fd7957592e2fe68b910002a634b6ba
(./chapitres/TCOMPL-CORRELATION-CAUSALITE/exercices/TCOMPL-CORR-EX-003.tex
NEXUS-MARGIN-CAPTURE:nxm:eleve:chrono:00000085
NEXUS-MARGIN-MARKER-METADATA:nxm:eleve:chrono:00000085)
NEXUS_OBJECT_END:a5058b0544fd7957592e2fe68b910002a634b6ba
NEXUS_OBJECT_BEGIN:1c424db78d357622bcd1640c8b1af8c8c03e7dc8
(./chapitres/TCOMPL-CORRELATION-CAUSALITE/exercices/TCOMPL-CORR-EX-004.tex
NEXUS-MARGIN-CAPTURE:nxm:eleve:chrono:00000086
NEXUS-MARGIN-MARKER-METADATA:nxm:eleve:chrono:00000086)
NEXUS_OBJECT_END:1c424db78d357622bcd1640c8b1af8c8c03e7dc8
NEXUS_OBJECT_BEGIN:0ab6828640a12a76388bd8dc773e97ffe791bfab

(./chapitres/TCOMPL-CORRELATION-CAUSALITE/qcm/TCOMPL-CORRELATION-CAUSALITE-QCM.
tex [54
warning  (pdf backend): pop empty color page stack 0
NEXUS-MARGIN-ANCHOR:nxm:eleve:appui:00000082
warning  (pdf backend): pop empty color page stack 0
NEXUS-MARGIN-ANCHOR:nxm:eleve:chrono:00000083
warning  (pdf backend): pop empty color page stack 0
NEXUS-MARGIN-ANCHOR:nxm:eleve:chrono:00000084
warning  (pdf backend): pop empty color page stack 0
NEXUS-MARGIN-ANCHOR:nxm:eleve:chrono:00000085
warning  (pdf backend): pop empty color page stack 0
NEXUS-MARGIN-ANCHOR:nxm:eleve:chrono:00000086])
NEXUS_OBJECT_END:0ab6828640a12a76388bd8dc773e97ffe791bfab
NEXUS_OBJECT_BEGIN:3915fe4a845f482820684d9ea8042ef7c1024a43
(./chapitres/TCOMPL-CORRELATION-CAUSALITE/evaluations/TCOMPL-CORR-EV-A.tex
NEXUS-MARGIN-CAPTURE:nxm:eleve:chrono:00000087
NEXUS-MARGIN-MARKER-METADATA:nxm:eleve:chrono:00000087 [55])
NEXUS_OBJECT_END:3915fe4a845f482820684d9ea8042ef7c1024a43
NEXUS_OBJECT_BEGIN:e48f8cc7367355092bca142f0a6b8b53b1ebb817
(./chapitres/TCOMPL-CORRELATION-CAUSALITE/evaluations/TCOMPL-CORR-EV-B.tex
NEXUS-MARGIN-CAPTURE:nxm:eleve:chrono:00000088
NEXUS-MARGIN-MARKER-METADATA:nxm:eleve:chrono:00000088
Underfull \hbox (badness 1577) in paragraph at lines 25--27
[]\TU/TeXGyrePagella(0)/m/n/9.5 On soup-çonne qu’une po-pu-la-tion de bac-t
é-ries $\TU/TeXGyrePagellaMath(1)/m/n/9.5 (𝑡[], 𝑦[])$ \TU/TeXGyrePagella
(0)/m/n/9.5 suit une re-la-tion $\TU/TeXGyrePagellaMath(1)/m/n/9.5 𝑦 = 𝐴 
\TU/TeXGyrePagella(1)/m/n/9.5 e[]$\TU/TeXGyrePagella(0)/m/n/9.5 , avec
 []

NEXUS-MARGIN-CAPTURE:nxm:eleve:chrono:00000089
NEXUS-MARGIN-MARKER-METADATA:nxm:eleve:chrono:00000089)
NEXUS_OBJECT_END:e48f8cc7367355092bca142f0a6b8b53b1ebb817
NEXUS_OBJECT_BEGIN:f6f3a67e0ae9e38b4c3546d52037a91838d15196

(./chapitres/TCOMPL-CORRELATION-CAUSALITE/remediation/TCOMPL-CORRELATION-CAUSAL
ITE-RE-C5.tex
NEXUS-MARGIN-CAPTURE:nxm:eleve:chrono:00000090
NEXUS-MARGIN-MARKER-METADATA:nxm:eleve:chrono:00000090)
NEXUS_OBJECT_END:f6f3a67e0ae9e38b4c3546d52037a91838d15196
[56
warning  (pdf backend): pop empty color page stack 0
NEXUS-MARGIN-ANCHOR:nxm:eleve:chrono:00000087
warning  (pdf backend): pop empty color page stack 0
NEXUS-MARGIN-ANCHOR:nxm:eleve:chrono:00000088
warning  (pdf backend): pop empty color page stack 0
NEXUS-MARGIN-ANCHOR:nxm:eleve:chrono:00000089
warning  (pdf backend): pop empty color page stack 0
NEXUS-MARGIN-ANCHOR:nxm:eleve:chrono:00000090]
(/home/alaeddine/Documents/Manuels_Nexus/.worktrees/finalisation-collection-v1/
Mathematiques/manuel-maths/build/MANUEL_TCOMPL/.MANUEL_TCOMPL_eleve.5ffec107c79
b1f62605dd84baa4d6841.run/MANUEL_TCOMPL_eleve.aux)
 ***********
LaTeX2e <2023-11-01> patch level 1
L3 programming layer <2020/03/25>
 ***********
)

Here is how much of LuaTeX's memory you used:
 51418 strings out of 476553
 381545,2848258 words of node,token memory allocated
 155879 words of node memory still in use:
   599 hlist, 8 vlist, 34 rule, 305 disc, 94 local_par, 56 math, 2598 glue, 397 
kern, 319 penalty, 66 margin_kern, 3425 glyph, 38439 attribute, 69 glue_spec, 55
03 attribute_list, 3 write, 3064 pdf_literal, 734 pdf_colorstack nodes
   avail lists: 1:4,2:8299,3:1435,4:3187,5:3511,6:125,7:7332,8:78,9:8027,10:35,1
1:497,12:1
 71464 multiletter control sequences out of 65536+600000
 246 fonts using 66277731 bytes
 124i,27n,142p,11067b,1450s stack positions out of 10000i,1000n,20000p,200000b,200000s
</usr/share/texmf/fonts/opentype/public/tex-gyre-math/texgyrepagella-math.otf></
usr/share/texmf/fonts/opentype/public/tex-gyre/texgyrepagella-regular.otf></usr/
share/texmf/fonts/opentype/public/tex-gyre/texgyreheros-regular.otf></usr/share/
texmf/fonts/opentype/public/tex-gyre/texgyrepagella-italic.otf></home/alaeddine/
.local/share/fonts/JetBrainsMono-Italic.otf></home/alaeddine/.local/share/fonts/
JetBrainsMono-Bold.otf></home/alaeddine/.local/share/fonts/JetBrainsMono-Regular
.otf></usr/share/texmf/fonts/opentype/public/tex-gyre/texgyreheros-italic.otf></
usr/share/texmf/fonts/opentype/public/tex-gyre/texgyreheros-bolditalic.otf></usr
/share/texmf/fonts/opentype/public/tex-gyre/texgyrepagella-bold.otf></usr/share/
texmf/fonts/opentype/public/tex-gyre-math/texgyrepagella-math.otf></usr/share/te
xmf/fonts/opentype/public/tex-gyre-math/texgyrepagella-math.otf></usr/share/texm
f/fonts/opentype/public/tex-gyre/texgyrepagella-regular.otf></usr/share/texmf/fo
nts/opentype/public/tex-gyre/texgyreheros-bold.otf>
Output written on MANUEL_TCOMPL_eleve.pdf (56 pages, 309057 bytes).

PDF statistics: 317 PDF objects out of 1000 (max. 8388607)
 191 compressed objects within 2 object streams
 0 named destinations out of 1000 (max. 131072)
 256 words of extra memory for PDF output out of 10000 (max. 100000000)

